2026-05-05 03:20:57 [main] INFO  c.example.backend.BackendApplication - Starting BackendApplication using Java 22.0.2 with PID 29844 (C:\Users\YunH\Desktop\街舞系统\backend\target\classes started by YunH in C:\Users\YunH\Desktop\街舞系统)
2026-05-05 03:20:57 [main] DEBUG c.example.backend.BackendApplication - Running with Spring Boot v3.2.4, Spring v6.1.5
2026-05-05 03:20:57 [main] INFO  c.example.backend.BackendApplication - No active profile set, falling back to 1 default profile: "default"
2026-05-05 03:20:58 [main] INFO  o.s.d.r.c.RepositoryConfigurationDelegate - Bootstrapping Spring Data JPA repositories in DEFAULT mode.
2026-05-05 03:20:58 [main] INFO  o.s.d.r.c.RepositoryConfigurationDelegate - Finished Spring Data repository scanning in 70 ms. Found 10 JPA repository interfaces.
2026-05-05 03:20:58 [main] INFO  o.s.b.w.e.tomcat.TomcatWebServer - Tomcat initialized with port 8080 (http)
2026-05-05 03:20:58 [main] INFO  o.a.catalina.core.StandardService - Starting service [Tomcat]
2026-05-05 03:20:58 [main] INFO  o.a.catalina.core.StandardEngine - Starting Servlet engine: [Apache Tomcat/10.1.19]
2026-05-05 03:20:58 [main] INFO  o.a.c.c.C.[Tomcat].[localhost].[/] - Initializing Spring embedded WebApplicationContext
2026-05-05 03:20:58 [main] INFO  o.s.b.w.s.c.ServletWebServerApplicationContext - Root WebApplicationContext: initialization completed in 1430 ms
2026-05-05 03:20:59 [main] INFO  com.zaxxer.hikari.HikariDataSource - HikariPool-1 - Starting...
2026-05-05 03:20:59 [main] INFO  com.zaxxer.hikari.pool.HikariPool - HikariPool-1 - Added connection com.mysql.cj.jdbc.ConnectionImpl@18ffca6c
2026-05-05 03:20:59 [main] INFO  com.zaxxer.hikari.HikariDataSource - HikariPool-1 - Start completed.
2026-05-05 03:20:59 [main] INFO  o.h.jpa.internal.util.LogHelper - HHH000204: Processing PersistenceUnitInfo [name: default]
2026-05-05 03:20:59 [main] INFO  org.hibernate.Version - HHH000412: Hibernate ORM core version 6.4.4.Final
2026-05-05 03:20:59 [main] INFO  o.h.c.i.RegionFactoryInitiator - HHH000026: Second-level cache disabled
2026-05-05 03:20:59 [main] INFO  o.s.o.j.p.SpringPersistenceUnitInfo - No LoadTimeWeaver setup: ignoring JPA class transformer
2026-05-05 03:20:59 [main] WARN  org.hibernate.dialect.Dialect - HHH000511: The 5.5.0 version for [org.hibernate.dialect.MySQLDialect] is no longer supported, hence certain features may not work properly. The minimum supported version is 8.0.0. Check the community dialects project for available legacy versions.
2026-05-05 03:20:59 [main] WARN  org.hibernate.orm.deprecation - HHH90000025: MySQLDialect does not need to be specified explicitly using 'hibernate.dialect' (remove the property setting and it will be selected by default)
2026-05-05 03:21:00 [main] INFO  o.h.e.t.j.p.i.JtaPlatformInitiator - HHH000489: No JTA platform available (set 'hibernate.transaction.jta.platform' to enable JTA platform integration)
2026-05-05 03:21:01 [main] INFO  o.s.o.j.LocalContainerEntityManagerFactoryBean - Initialized JPA EntityManagerFactory for persistence unit 'default'
2026-05-05 03:21:02 [main] DEBUG c.e.b.s.JwtAuthenticationFilter - Filter 'jwtAuthenticationFilter' configured for use
2026-05-05 03:21:02 [main] INFO  o.s.d.j.r.query.QueryEnhancerFactory - Hibernate is in classpath; If applicable, HQL parser will be used.
2026-05-05 03:21:03 [main] INFO  c.e.b.service.FileUploadService - 文件上传目录: C:\Users\YunH\Desktop\街舞系统\upload
2026-05-05 03:21:03 [main] INFO  c.e.b.service.FileUploadService - 上传目录创建成功
2026-05-05 03:21:03 [main] WARN  o.s.b.a.o.j.JpaBaseConfiguration$JpaWebConfiguration - spring.jpa.open-in-view is enabled by default. Therefore, database queries may be performed during view rendering. Explicitly configure spring.jpa.open-in-view to disable this warning
2026-05-05 03:21:03 [main] INFO  o.s.s.web.DefaultSecurityFilterChain - Will secure any request with [org.springframework.security.web.session.DisableEncodeUrlFilter@79b2b427, org.springframework.security.web.context.request.async.WebAsyncManagerIntegrationFilter@2be9dfb0, org.springframework.security.web.context.SecurityContextHolderFilter@3cbcd442, org.springframework.security.web.header.HeaderWriterFilter@1e31cf9b, org.springframework.web.filter.CorsFilter@4e6a75a3, org.springframework.security.web.authentication.logout.LogoutFilter@682a00f8, com.example.backend.security.JwtAuthenticationFilter@565983f3, org.springframework.security.web.savedrequest.RequestCacheAwareFilter@e888636, org.springframework.security.web.servletapi.SecurityContextHolderAwareRequestFilter@608e34bf, org.springframework.security.web.authentication.AnonymousAuthenticationFilter@60cd2b02, org.springframework.security.web.session.SessionManagementFilter@79bcaf78, org.springframework.security.web.access.ExceptionTranslationFilter@50235133, org.springframework.security.web.access.intercept.AuthorizationFilter@6a670dcc]
2026-05-05 03:21:06 [main] INFO  o.s.b.w.e.tomcat.TomcatWebServer - Tomcat started on port 8080 (http) with context path ''
2026-05-05 03:21:06 [main] INFO  c.example.backend.BackendApplication - Started BackendApplication in 9.971 seconds (process running for 10.746)
2026-05-05 03:21:18 [http-nio-8080-exec-1] INFO  o.a.c.c.C.[Tomcat].[localhost].[/] - Initializing Spring DispatcherServlet 'dispatcherServlet'
2026-05-05 03:21:18 [http-nio-8080-exec-1] INFO  o.s.web.servlet.DispatcherServlet - Initializing Servlet 'dispatcherServlet'
2026-05-05 03:21:18 [http-nio-8080-exec-1] INFO  o.s.web.servlet.DispatcherServlet - Completed initialization in 0 ms
2026-05-05 03:21:18 [http-nio-8080-exec-1] ERROR c.example.backend.security.JwtUtil - JWT token is expired: JWT expired 113509333 milliseconds ago at 2026-05-03T11:49:29.000Z. Current time: 2026-05-04T19:21:18.333Z. Allowed clock skew: 0 milliseconds.
2026-05-05 03:21:18 [http-nio-8080-exec-1] ERROR c.e.b.config.GlobalExceptionHandler - [RuntimeException] /api/auth/me - class java.lang.String cannot be cast to class com.example.backend.security.UserDetailsImpl (java.lang.String is in module java.base of loader 'bootstrap'; com.example.backend.security.UserDetailsImpl is in unnamed module of loader 'app')
java.lang.ClassCastException: class java.lang.String cannot be cast to class com.example.backend.security.UserDetailsImpl (java.lang.String is in module java.base of loader 'bootstrap'; com.example.backend.security.UserDetailsImpl is in unnamed module of loader 'app')
	at com.example.backend.controller.AuthController.getCurrentUser(AuthController.java:131)
	at java.base/jdk.internal.reflect.DirectMethodHandleAccessor.invoke(DirectMethodHandleAccessor.java:103)
	at java.base/java.lang.reflect.Method.invoke(Method.java:580)
	at org.springframework.web.method.support.InvocableHandlerMethod.doInvoke(InvocableHandlerMethod.java:255)
	at org.springframework.web.method.support.InvocableHandlerMethod.invokeForRequest(InvocableHandlerMethod.java:188)
	at org.springframework.web.servlet.mvc.method.annotation.ServletInvocableHandlerMethod.invokeAndHandle(ServletInvocableHandlerMethod.java:118)
	at org.springframework.web.servlet.mvc.method.annotation.RequestMappingHandlerAdapter.invokeHandlerMethod(RequestMappingHandlerAdapter.java:925)
	at org.springframework.web.servlet.mvc.method.annotation.RequestMappingHandlerAdapter.handleInternal(RequestMappingHandlerAdapter.java:830)
	at org.springframework.web.servlet.mvc.method.AbstractHandlerMethodAdapter.handle(AbstractHandlerMethodAdapter.java:87)
	at org.springframework.web.servlet.DispatcherServlet.doDispatch(DispatcherServlet.java:1089)
	at org.springframework.web.servlet.DispatcherServlet.doService(DispatcherServlet.java:979)
	at org.springframework.web.servlet.FrameworkServlet.processRequest(FrameworkServlet.java:1014)
	at org.springframework.web.servlet.FrameworkServlet.doGet(FrameworkServlet.java:903)
	at jakarta.servlet.http.HttpServlet.service(HttpServlet.java:564)
	at org.springframework.web.servlet.FrameworkServlet.service(FrameworkServlet.java:885)
	at jakarta.servlet.http.HttpServlet.service(HttpServlet.java:658)
	at org.apache.catalina.core.ApplicationFilterChain.internalDoFilter(ApplicationFilterChain.java:205)
	at org.apache.catalina.core.ApplicationFilterChain.doFilter(ApplicationFilterChain.java:149)
	at org.apache.tomcat.websocket.server.WsFilter.doFilter(WsFilter.java:51)
	at org.apache.catalina.core.ApplicationFilterChain.internalDoFilter(ApplicationFilterChain.java:174)
	at org.apache.catalina.core.ApplicationFilterChain.doFilter(ApplicationFilterChain.java:149)
	at org.springframework.web.filter.OncePerRequestFilter.doFilter(OncePerRequestFilter.java:110)
	at org.apache.catalina.core.ApplicationFilterChain.internalDoFilter(ApplicationFilterChain.java:174)
	at org.apache.catalina.core.ApplicationFilterChain.doFilter(ApplicationFilterChain.java:149)
	at org.springframework.web.filter.CompositeFilter$VirtualFilterChain.doFilter(CompositeFilter.java:108)
	at org.springframework.security.web.FilterChainProxy.lambda$doFilterInternal$3(FilterChainProxy.java:231)
	at org.springframework.security.web.FilterChainProxy$VirtualFilterChain.doFilter(FilterChainProxy.java:365)
	at org.springframework.security.web.access.intercept.AuthorizationFilter.doFilter(AuthorizationFilter.java:100)
	at org.springframework.security.web.FilterChainProxy$VirtualFilterChain.doFilter(FilterChainProxy.java:374)
	at org.springframework.security.web.access.ExceptionTranslationFilter.doFilter(ExceptionTranslationFilter.java:126)
	at org.springframework.security.web.access.ExceptionTranslationFilter.doFilter(ExceptionTranslationFilter.java:120)
	at org.springframework.security.web.FilterChainProxy$VirtualFilterChain.doFilter(FilterChainProxy.java:374)
	at org.springframework.security.web.session.SessionManagementFilter.doFilter(SessionManagementFilter.java:131)
	at org.springframework.security.web.session.SessionManagementFilter.doFilter(SessionManagementFilter.java:85)
	at org.springframework.security.web.FilterChainProxy$VirtualFilterChain.doFilter(FilterChainProxy.java:374)
	at org.springframework.security.web.authentication.AnonymousAuthenticationFilter.doFilter(AnonymousAuthenticationFilter.java:100)
	at org.springframework.security.web.FilterChainProxy$VirtualFilterChain.doFilter(FilterChainProxy.java:374)
	at org.springframework.security.web.servletapi.SecurityContextHolderAwareRequestFilter.doFilter(SecurityContextHolderAwareRequestFilter.java:179)
	at org.springframework.security.web.FilterChainProxy$VirtualFilterChain.doFilter(FilterChainProxy.java:374)
	at org.springframework.security.web.savedrequest.RequestCacheAwareFilter.doFilter(RequestCacheAwareFilter.java:63)
	at org.springframework.security.web.FilterChainProxy$VirtualFilterChain.doFilter(FilterChainProxy.java:374)
	at com.example.backend.security.JwtAuthenticationFilter.doFilterInternal(JwtAuthenticationFilter.java:51)
	at org.springframework.web.filter.OncePerRequestFilter.doFilter(OncePerRequestFilter.java:116)
	at org.springframework.security.web.FilterChainProxy$VirtualFilterChain.doFilter(FilterChainProxy.java:374)
	at org.springframework.security.web.authentication.logout.LogoutFilter.doFilter(LogoutFilter.java:107)
	at org.springframework.security.web.authentication.logout.LogoutFilter.doFilter(LogoutFilter.java:93)
	at org.springframework.security.web.FilterChainProxy$VirtualFilterChain.doFilter(FilterChainProxy.java:374)
	at org.springframework.web.filter.CorsFilter.doFilterInternal(CorsFilter.java:91)
	at org.springframework.web.filter.OncePerRequestFilter.doFilter(OncePerRequestFilter.java:116)
	at org.springframework.security.web.FilterChainProxy$VirtualFilterChain.doFilter(FilterChainProxy.java:374)
	at org.springframework.security.web.header.HeaderWriterFilter.doHeadersAfter(HeaderWriterFilter.java:90)
	at org.springframework.security.web.header.HeaderWriterFilter.doFilterInternal(HeaderWriterFilter.java:75)
	at org.springframework.web.filter.OncePerRequestFilter.doFilter(OncePerRequestFilter.java:116)
	at org.springframework.security.web.FilterChainProxy$VirtualFilterChain.doFilter(FilterChainProxy.java:374)
	at org.springframework.security.web.context.SecurityContextHolderFilter.doFilter(SecurityContextHolderFilter.java:82)
	at org.springframework.security.web.context.SecurityContextHolderFilter.doFilter(SecurityContextHolderFilter.java:69)
	at org.springframework.security.web.FilterChainProxy$VirtualFilterChain.doFilter(FilterChainProxy.java:374)
	at org.springframework.security.web.context.request.async.WebAsyncManagerIntegrationFilter.doFilterInternal(WebAsyncManagerIntegrationFilter.java:62)
	at org.springframework.web.filter.OncePerRequestFilter.doFilter(OncePerRequestFilter.java:116)
	at org.springframework.security.web.FilterChainProxy$VirtualFilterChain.doFilter(FilterChainProxy.java:374)
	at org.springframework.security.web.session.DisableEncodeUrlFilter.doFilterInternal(DisableEncodeUrlFilter.java:42)
	at org.springframework.web.filter.OncePerRequestFilter.doFilter(OncePerRequestFilter.java:116)
	at org.springframework.security.web.FilterChainProxy$VirtualFilterChain.doFilter(FilterChainProxy.java:374)
	at org.springframework.security.web.FilterChainProxy.doFilterInternal(FilterChainProxy.java:233)
	at org.springframework.security.web.FilterChainProxy.doFilter(FilterChainProxy.java:191)
	at org.springframework.web.filter.CompositeFilter$VirtualFilterChain.doFilter(CompositeFilter.java:113)
	at org.springframework.web.servlet.handler.HandlerMappingIntrospector.lambda$createCacheFilter$3(HandlerMappingIntrospector.java:195)
	at org.springframework.web.filter.CompositeFilter$VirtualFilterChain.doFilter(CompositeFilter.java:113)
	at org.springframework.web.filter.CompositeFilter.doFilter(CompositeFilter.java:74)
	at org.springframework.security.config.annotation.web.configuration.WebMvcSecurityConfiguration$CompositeFilterChainProxy.doFilter(WebMvcSecurityConfiguration.java:230)
	at org.springframework.web.filter.DelegatingFilterProxy.invokeDelegate(DelegatingFilterProxy.java:352)
	at org.springframework.web.filter.DelegatingFilterProxy.doFilter(DelegatingFilterProxy.java:268)
	at org.apache.catalina.core.ApplicationFilterChain.internalDoFilter(ApplicationFilterChain.java:174)
	at org.apache.catalina.core.ApplicationFilterChain.doFilter(ApplicationFilterChain.java:149)
	at org.springframework.web.filter.RequestContextFilter.doFilterInternal(RequestContextFilter.java:100)
	at org.springframework.web.filter.OncePerRequestFilter.doFilter(OncePerRequestFilter.java:116)
	at org.apache.catalina.core.ApplicationFilterChain.internalDoFilter(ApplicationFilterChain.java:174)
	at org.apache.catalina.core.ApplicationFilterChain.doFilter(ApplicationFilterChain.java:149)
	at org.springframework.web.filter.FormContentFilter.doFilterInternal(FormContentFilter.java:93)
	at org.springframework.web.filter.OncePerRequestFilter.doFilter(OncePerRequestFilter.java:116)
	at org.apache.catalina.core.ApplicationFilterChain.internalDoFilter(ApplicationFilterChain.java:174)
	at org.apache.catalina.core.ApplicationFilterChain.doFilter(ApplicationFilterChain.java:149)
	at org.springframework.web.filter.CharacterEncodingFilter.doFilterInternal(CharacterEncodingFilter.java:201)
	at org.springframework.web.filter.OncePerRequestFilter.doFilter(OncePerRequestFilter.java:116)
	at org.apache.catalina.core.ApplicationFilterChain.internalDoFilter(ApplicationFilterChain.java:174)
	at org.apache.catalina.core.ApplicationFilterChain.doFilter(ApplicationFilterChain.java:149)
	at org.apache.catalina.core.StandardWrapperValve.invoke(StandardWrapperValve.java:167)
	at org.apache.catalina.core.StandardContextValve.invoke(StandardContextValve.java:90)
	at org.apache.catalina.authenticator.AuthenticatorBase.invoke(AuthenticatorBase.java:482)
	at org.apache.catalina.core.StandardHostValve.invoke(StandardHostValve.java:115)
	at org.apache.catalina.valves.ErrorReportValve.invoke(ErrorReportValve.java:93)
	at org.apache.catalina.core.StandardEngineValve.invoke(StandardEngineValve.java:74)
	at org.apache.catalina.connector.CoyoteAdapter.service(CoyoteAdapter.java:344)
	at org.apache.coyote.http11.Http11Processor.service(Http11Processor.java:391)
	at org.apache.coyote.AbstractProcessorLight.process(AbstractProcessorLight.java:63)
	at org.apache.coyote.AbstractProtocol$ConnectionHandler.process(AbstractProtocol.java:896)
	at org.apache.tomcat.util.net.NioEndpoint$SocketProcessor.doRun(NioEndpoint.java:1744)
	at org.apache.tomcat.util.net.SocketProcessorBase.run(SocketProcessorBase.java:52)
	at org.apache.tomcat.util.threads.ThreadPoolExecutor.runWorker(ThreadPoolExecutor.java:1191)
	at org.apache.tomcat.util.threads.ThreadPoolExecutor$Worker.run(ThreadPoolExecutor.java:659)
	at org.apache.tomcat.util.threads.TaskThread$WrappingRunnable.run(TaskThread.java:63)
	at java.base/java.lang.Thread.run(Thread.java:1570)
2026-05-05 03:21:35 [http-nio-8080-exec-5] DEBUG org.hibernate.SQL - 
    /* <criteria> */ select
        u1_0.id,
        u1_0.avatar,
        u1_0.created_at,
        u1_0.email,
        u1_0.password,
        u1_0.phone,
        u1_0.real_name,
        u1_0.role,
        u1_0.status,
        u1_0.updated_at,
        u1_0.username 
    from
        users u1_0 
    where
        u1_0.username=?
2026-05-05 03:21:36 [http-nio-8080-exec-7] DEBUG org.hibernate.SQL - 
    /* <criteria> */ select
        u1_0.id,
        u1_0.avatar,
        u1_0.created_at,
        u1_0.email,
        u1_0.password,
        u1_0.phone,
        u1_0.real_name,
        u1_0.role,
        u1_0.status,
        u1_0.updated_at,
        u1_0.username 
    from
        users u1_0 
    where
        u1_0.username=?
2026-05-05 03:21:36 [http-nio-8080-exec-7] DEBUG org.hibernate.SQL - 
    /* <criteria> */ select
        u1_0.id,
        u1_0.avatar,
        u1_0.created_at,
        u1_0.email,
        u1_0.password,
        u1_0.phone,
        u1_0.real_name,
        u1_0.role,
        u1_0.status,
        u1_0.updated_at,
        u1_0.username 
    from
        users u1_0
2026-05-05 03:21:44 [http-nio-8080-exec-4] DEBUG org.hibernate.SQL - 
    /* <criteria> */ select
        u1_0.id,
        u1_0.avatar,
        u1_0.created_at,
        u1_0.email,
        u1_0.password,
        u1_0.phone,
        u1_0.real_name,
        u1_0.role,
        u1_0.status,
        u1_0.updated_at,
        u1_0.username 
    from
        users u1_0 
    where
        u1_0.username=?
2026-05-05 03:21:44 [http-nio-8080-exec-6] DEBUG org.hibernate.SQL - 
    /* <criteria> */ select
        u1_0.id,
        u1_0.avatar,
        u1_0.created_at,
        u1_0.email,
        u1_0.password,
        u1_0.phone,
        u1_0.real_name,
        u1_0.role,
        u1_0.status,
        u1_0.updated_at,
        u1_0.username 
    from
        users u1_0 
    where
        u1_0.username=?
2026-05-05 03:21:44 [http-nio-8080-exec-6] DEBUG org.hibernate.SQL - 
    /* <criteria> */ select
        u1_0.id,
        u1_0.avatar,
        u1_0.created_at,
        u1_0.email,
        u1_0.password,
        u1_0.phone,
        u1_0.real_name,
        u1_0.role,
        u1_0.status,
        u1_0.updated_at,
        u1_0.username 
    from
        users u1_0
2026-05-05 03:21:52 [http-nio-8080-exec-3] DEBUG org.hibernate.SQL - 
    /* <criteria> */ select
        u1_0.id,
        u1_0.avatar,
        u1_0.created_at,
        u1_0.email,
        u1_0.password,
        u1_0.phone,
        u1_0.real_name,
        u1_0.role,
        u1_0.status,
        u1_0.updated_at,
        u1_0.username 
    from
        users u1_0 
    where
        u1_0.username=?
2026-05-05 03:21:52 [http-nio-8080-exec-3] DEBUG org.hibernate.SQL - 
    /* <criteria> */ select
        u1_0.id,
        u1_0.avatar,
        u1_0.created_at,
        u1_0.email,
        u1_0.password,
        u1_0.phone,
        u1_0.real_name,
        u1_0.role,
        u1_0.status,
        u1_0.updated_at,
        u1_0.username 
    from
        users u1_0 
    order by
        u1_0.id desc 
    limit
        ?, ?
2026-05-05 03:21:52 [http-nio-8080-exec-3] DEBUG org.hibernate.SQL - 
    /* <criteria> */ select
        count(u1_0.id) 
    from
        users u1_0
2026-05-05 03:21:53 [http-nio-8080-exec-8] DEBUG org.hibernate.SQL - 
    /* <criteria> */ select
        u1_0.id,
        u1_0.avatar,
        u1_0.created_at,
        u1_0.email,
        u1_0.password,
        u1_0.phone,
        u1_0.real_name,
        u1_0.role,
        u1_0.status,
        u1_0.updated_at,
        u1_0.username 
    from
        users u1_0 
    where
        u1_0.username=?
2026-05-05 03:21:53 [http-nio-8080-exec-8] DEBUG org.hibernate.SQL - 
    /* <criteria> */ select
        t1_0.id,
        t1_0.avatar,
        t1_0.bio,
        t1_0.created_at,
        t1_0.email,
        t1_0.experience,
        t1_0.name,
        t1_0.phone,
        t1_0.status,
        t1_0.subjects,
        t1_0.updated_at,
        t1_0.user_id 
    from
        teachers t1_0 
    limit
        ?, ?
2026-05-05 03:21:54 [http-nio-8080-exec-2] DEBUG org.hibernate.SQL - 
    /* <criteria> */ select
        u1_0.id,
        u1_0.avatar,
        u1_0.created_at,
        u1_0.email,
        u1_0.password,
        u1_0.phone,
        u1_0.real_name,
        u1_0.role,
        u1_0.status,
        u1_0.updated_at,
        u1_0.username 
    from
        users u1_0 
    where
        u1_0.username=?
2026-05-05 03:21:54 [http-nio-8080-exec-2] DEBUG org.hibernate.SQL - 
    /* <criteria> */ select
        s1_0.id,
        s1_0.avatar,
        s1_0.birth_date,
        s1_0.created_at,
        s1_0.email,
        s1_0.emergency_contact,
        s1_0.emergency_phone,
        s1_0.gender,
        s1_0.name,
        s1_0.phone,
        s1_0.status,
        s1_0.updated_at,
        s1_0.user_id 
    from
        students s1_0 
    limit
        ?, ?
2026-05-05 03:21:56 [http-nio-8080-exec-10] DEBUG org.hibernate.SQL - 
    /* <criteria> */ select
        u1_0.id,
        u1_0.avatar,
        u1_0.created_at,
        u1_0.email,
        u1_0.password,
        u1_0.phone,
        u1_0.real_name,
        u1_0.role,
        u1_0.status,
        u1_0.updated_at,
        u1_0.username 
    from
        users u1_0 
    where
        u1_0.username=?
2026-05-05 03:21:56 [http-nio-8080-exec-9] DEBUG org.hibernate.SQL - 
    /* <criteria> */ select
        u1_0.id,
        u1_0.avatar,
        u1_0.created_at,
        u1_0.email,
        u1_0.password,
        u1_0.phone,
        u1_0.real_name,
        u1_0.role,
        u1_0.status,
        u1_0.updated_at,
        u1_0.username 
    from
        users u1_0 
    where
        u1_0.username=?
2026-05-05 03:21:56 [http-nio-8080-exec-10] DEBUG org.hibernate.SQL - 
    /* <criteria> */ select
        t1_0.id,
        t1_0.avatar,
        t1_0.bio,
        t1_0.created_at,
        t1_0.email,
        t1_0.experience,
        t1_0.name,
        t1_0.phone,
        t1_0.status,
        t1_0.subjects,
        t1_0.updated_at,
        t1_0.user_id 
    from
        teachers t1_0 
    where
        t1_0.status=?
2026-05-05 03:21:56 [http-nio-8080-exec-9] DEBUG org.hibernate.SQL - 
    /* <criteria> */ select
        c1_0.id,
        c1_0.capacity,
        c1_0.category,
        c1_0.created_at,
        c1_0.description,
        c1_0.duration,
        c1_0.enrolled_count,
        c1_0.image,
        c1_0.level,
        c1_0.name,
        c1_0.price,
        c1_0.status,
        c1_0.teacher_id,
        c1_0.updated_at 
    from
        courses c1_0 
    limit
        ?, ?
2026-05-05 03:21:56 [http-nio-8080-exec-9] DEBUG org.hibernate.SQL - 
    select
        t1_0.id,
        t1_0.avatar,
        t1_0.bio,
        t1_0.created_at,
        t1_0.email,
        t1_0.experience,
        t1_0.name,
        t1_0.phone,
        t1_0.status,
        t1_0.subjects,
        t1_0.updated_at,
        t1_0.user_id 
    from
        teachers t1_0 
    where
        t1_0.id=?
2026-05-05 03:21:56 [http-nio-8080-exec-9] DEBUG org.hibernate.SQL - 
    select
        t1_0.id,
        t1_0.avatar,
        t1_0.bio,
        t1_0.created_at,
        t1_0.email,
        t1_0.experience,
        t1_0.name,
        t1_0.phone,
        t1_0.status,
        t1_0.subjects,
        t1_0.updated_at,
        t1_0.user_id 
    from
        teachers t1_0 
    where
        t1_0.id=?
2026-05-05 03:21:58 [http-nio-8080-exec-2] DEBUG org.hibernate.SQL - 
    /* <criteria> */ select
        u1_0.id,
        u1_0.avatar,
        u1_0.created_at,
        u1_0.email,
        u1_0.password,
        u1_0.phone,
        u1_0.real_name,
        u1_0.role,
        u1_0.status,
        u1_0.updated_at,
        u1_0.username 
    from
        users u1_0 
    where
        u1_0.username=?
2026-05-05 03:21:58 [http-nio-8080-exec-8] DEBUG org.hibernate.SQL - 
    /* <criteria> */ select
        u1_0.id,
        u1_0.avatar,
        u1_0.created_at,
        u1_0.email,
        u1_0.password,
        u1_0.phone,
        u1_0.real_name,
        u1_0.role,
        u1_0.status,
        u1_0.updated_at,
        u1_0.username 
    from
        users u1_0 
    where
        u1_0.username=?
2026-05-05 03:21:58 [http-nio-8080-exec-10] DEBUG org.hibernate.SQL - 
    /* <criteria> */ select
        u1_0.id,
        u1_0.avatar,
        u1_0.created_at,
        u1_0.email,
        u1_0.password,
        u1_0.phone,
        u1_0.real_name,
        u1_0.role,
        u1_0.status,
        u1_0.updated_at,
        u1_0.username 
    from
        users u1_0 
    where
        u1_0.username=?
2026-05-05 03:21:58 [http-nio-8080-exec-2] DEBUG org.hibernate.SQL - 
    /* <criteria> */ select
        p1_0.id,
        p1_0.amount,
        p1_0.created_at,
        p1_0.enrollment_id,
        p1_0.payment_method,
        p1_0.payment_time,
        p1_0.status,
        p1_0.transaction_id,
        p1_0.updated_at 
    from
        payments p1_0 
    limit
        ?, ?
2026-05-05 03:21:58 [http-nio-8080-exec-10] DEBUG org.hibernate.SQL - 
    /* <criteria> */ select
        b1_0.id,
        b1_0.amount,
        b1_0.bill_type,
        b1_0.created_at,
        b1_0.description,
        b1_0.due_date,
        b1_0.payment_id,
        b1_0.status,
        b1_0.student_id,
        b1_0.updated_at 
    from
        bills b1_0 
    limit
        ?, ?
2026-05-05 03:21:58 [http-nio-8080-exec-8] DEBUG org.hibernate.SQL - 
    /* SELECT
        SUM(p.amount) 
    FROM
        Payment p 
    WHERE
        p.status = 'SUCCESS' 
        AND p.paymentTime BETWEEN :start AND :end */ select
            sum(p1_0.amount) 
        from
            payments p1_0 
        where
            p1_0.status='SUCCESS' 
            and p1_0.payment_time between ? and ?
2026-05-05 03:21:58 [http-nio-8080-exec-2] DEBUG org.hibernate.SQL - 
    /* <criteria> */ select
        count(p1_0.id) 
    from
        payments p1_0
2026-05-05 03:21:58 [http-nio-8080-exec-10] DEBUG org.hibernate.SQL - 
    /* <criteria> */ select
        count(b1_0.id) 
    from
        bills b1_0
2026-05-05 03:21:58 [http-nio-8080-exec-8] DEBUG org.hibernate.SQL - 
    /* SELECT
        COUNT(p) 
    FROM
        Payment p 
    WHERE
        p.status = :status */ select
            count(p1_0.id) 
        from
            payments p1_0 
        where
            p1_0.status=?
2026-05-05 03:21:58 [http-nio-8080-exec-8] DEBUG org.hibernate.SQL - 
    /* SELECT
        COUNT(p) 
    FROM
        Payment p 
    WHERE
        p.status = :status */ select
            count(p1_0.id) 
        from
            payments p1_0 
        where
            p1_0.status=?
2026-05-05 03:21:58 [http-nio-8080-exec-8] DEBUG org.hibernate.SQL - 
    /* SELECT
        COUNT(p) 
    FROM
        Payment p 
    WHERE
        p.status = :status */ select
            count(p1_0.id) 
        from
            payments p1_0 
        where
            p1_0.status=?
2026-05-05 03:21:58 [http-nio-8080-exec-8] DEBUG org.hibernate.SQL - 
    /* SELECT
        COUNT(b) 
    FROM
        Bill b 
    WHERE
        b.status = :status */ select
            count(b1_0.id) 
        from
            bills b1_0 
        where
            b1_0.status=?
2026-05-05 03:21:58 [http-nio-8080-exec-8] DEBUG org.hibernate.SQL - 
    /* SELECT
        COUNT(b) 
    FROM
        Bill b 
    WHERE
        b.status = :status */ select
            count(b1_0.id) 
        from
            bills b1_0 
        where
            b1_0.status=?
2026-05-05 03:21:58 [http-nio-8080-exec-8] DEBUG org.hibernate.SQL - 
    /* SELECT
        COUNT(b) 
    FROM
        Bill b 
    WHERE
        b.status = :status */ select
            count(b1_0.id) 
        from
            bills b1_0 
        where
            b1_0.status=?
2026-05-05 03:22:03 [http-nio-8080-exec-1] DEBUG org.hibernate.SQL - 
    /* <criteria> */ select
        u1_0.id,
        u1_0.avatar,
        u1_0.created_at,
        u1_0.email,
        u1_0.password,
        u1_0.phone,
        u1_0.real_name,
        u1_0.role,
        u1_0.status,
        u1_0.updated_at,
        u1_0.username 
    from
        users u1_0 
    where
        u1_0.username=?
2026-05-05 03:22:03 [http-nio-8080-exec-7] DEBUG org.hibernate.SQL - 
    /* <criteria> */ select
        u1_0.id,
        u1_0.avatar,
        u1_0.created_at,
        u1_0.email,
        u1_0.password,
        u1_0.phone,
        u1_0.real_name,
        u1_0.role,
        u1_0.status,
        u1_0.updated_at,
        u1_0.username 
    from
        users u1_0 
    where
        u1_0.username=?
2026-05-05 03:22:03 [http-nio-8080-exec-5] DEBUG org.hibernate.SQL - 
    /* <criteria> */ select
        u1_0.id,
        u1_0.avatar,
        u1_0.created_at,
        u1_0.email,
        u1_0.password,
        u1_0.phone,
        u1_0.real_name,
        u1_0.role,
        u1_0.status,
        u1_0.updated_at,
        u1_0.username 
    from
        users u1_0 
    where
        u1_0.username=?
2026-05-05 03:22:03 [http-nio-8080-exec-9] DEBUG org.hibernate.SQL - 
    /* <criteria> */ select
        u1_0.id,
        u1_0.avatar,
        u1_0.created_at,
        u1_0.email,
        u1_0.password,
        u1_0.phone,
        u1_0.real_name,
        u1_0.role,
        u1_0.status,
        u1_0.updated_at,
        u1_0.username 
    from
        users u1_0 
    where
        u1_0.username=?
2026-05-05 03:22:03 [http-nio-8080-exec-7] DEBUG org.hibernate.SQL - 
    /* SELECT
        SUM(p.amount) 
    FROM
        Payment p 
    WHERE
        p.status = 'SUCCESS' 
        AND p.paymentTime BETWEEN :start AND :end */ select
            sum(p1_0.amount) 
        from
            payments p1_0 
        where
            p1_0.status='SUCCESS' 
            and p1_0.payment_time between ? and ?
2026-05-05 03:22:03 [http-nio-8080-exec-9] DEBUG org.hibernate.SQL - 
    /* <criteria> */ select
        c1_0.id,
        c1_0.capacity,
        c1_0.category,
        c1_0.created_at,
        c1_0.description,
        c1_0.duration,
        c1_0.enrolled_count,
        c1_0.image,
        c1_0.level,
        c1_0.name,
        c1_0.price,
        c1_0.status,
        c1_0.teacher_id,
        c1_0.updated_at 
    from
        courses c1_0
2026-05-05 03:22:03 [http-nio-8080-exec-5] DEBUG org.hibernate.SQL - 
    /* <criteria> */ select
        c1_0.id,
        c1_0.capacity,
        c1_0.category,
        c1_0.created_at,
        c1_0.description,
        c1_0.duration,
        c1_0.enrolled_count,
        c1_0.image,
        c1_0.level,
        c1_0.name,
        c1_0.price,
        c1_0.status,
        c1_0.teacher_id,
        c1_0.updated_at 
    from
        courses c1_0 
    limit
        ?, ?
2026-05-05 03:22:03 [http-nio-8080-exec-1] DEBUG org.hibernate.SQL - 
    /* <criteria> */ select
        s1_0.id,
        s1_0.avatar,
        s1_0.birth_date,
        s1_0.created_at,
        s1_0.email,
        s1_0.emergency_contact,
        s1_0.emergency_phone,
        s1_0.gender,
        s1_0.name,
        s1_0.phone,
        s1_0.status,
        s1_0.updated_at,
        s1_0.user_id 
    from
        students s1_0
2026-05-05 03:22:03 [http-nio-8080-exec-1] DEBUG org.hibernate.SQL - 
    /* <criteria> */ select
        e1_0.id,
        e1_0.cancel_reason,
        e1_0.cancelled_at,
        e1_0.course_id,
        e1_0.created_at,
        e1_0.enrollment_date,
        e1_0.payment_status,
        e1_0.schedule_id,
        e1_0.status,
        e1_0.student_id,
        e1_0.updated_at 
    from
        enrollments e1_0
2026-05-05 03:22:03 [http-nio-8080-exec-7] DEBUG org.hibernate.SQL - 
    /* select
        count(*) 
    from
        Payment x */ select
            count(*) 
        from
            payments p1_0
2026-05-05 03:22:03 [http-nio-8080-exec-9] DEBUG org.hibernate.SQL - 
    /* select
        count(*) 
    from
        Enrollment x */ select
            count(*) 
        from
            enrollments e1_0
2026-05-05 03:22:03 [http-nio-8080-exec-7] DEBUG org.hibernate.SQL - 
    /* SELECT
        COUNT(p) 
    FROM
        Payment p 
    WHERE
        p.status = :status */ select
            count(p1_0.id) 
        from
            payments p1_0 
        where
            p1_0.status=?
2026-05-05 03:22:03 [http-nio-8080-exec-1] DEBUG org.hibernate.SQL - 
    /* <criteria> */ select
        e1_0.id,
        e1_0.cancel_reason,
        e1_0.cancelled_at,
        e1_0.course_id,
        e1_0.created_at,
        e1_0.enrollment_date,
        e1_0.payment_status,
        e1_0.schedule_id,
        e1_0.status,
        e1_0.student_id,
        e1_0.updated_at 
    from
        enrollments e1_0
2026-05-05 03:22:03 [http-nio-8080-exec-9] DEBUG org.hibernate.SQL - 
    /* SELECT
        COUNT(e) 
    FROM
        Enrollment e 
    WHERE
        e.course.id = :courseId 
        AND e.status NOT IN ('CANCELLED') */ select
            count(e1_0.id) 
        from
            enrollments e1_0 
        where
            e1_0.course_id=? 
            and e1_0.status not in ('CANCELLED')
2026-05-05 03:22:03 [http-nio-8080-exec-5] DEBUG org.hibernate.SQL - 
    select
        t1_0.id,
        t1_0.avatar,
        t1_0.bio,
        t1_0.created_at,
        t1_0.email,
        t1_0.experience,
        t1_0.name,
        t1_0.phone,
        t1_0.status,
        t1_0.subjects,
        t1_0.updated_at,
        t1_0.user_id 
    from
        teachers t1_0 
    where
        t1_0.id=?
2026-05-05 03:22:03 [http-nio-8080-exec-7] DEBUG org.hibernate.SQL - 
    /* SELECT
        COUNT(p) 
    FROM
        Payment p 
    WHERE
        p.status = :status */ select
            count(p1_0.id) 
        from
            payments p1_0 
        where
            p1_0.status=?
2026-05-05 03:22:03 [http-nio-8080-exec-1] DEBUG org.hibernate.SQL - 
    /* <criteria> */ select
        e1_0.id,
        e1_0.cancel_reason,
        e1_0.cancelled_at,
        e1_0.course_id,
        e1_0.created_at,
        e1_0.enrollment_date,
        e1_0.payment_status,
        e1_0.schedule_id,
        e1_0.status,
        e1_0.student_id,
        e1_0.updated_at 
    from
        enrollments e1_0
2026-05-05 03:22:03 [http-nio-8080-exec-9] DEBUG org.hibernate.SQL - 
    /* SELECT
        COUNT(e) 
    FROM
        Enrollment e 
    WHERE
        e.course.id = :courseId 
        AND e.status NOT IN ('CANCELLED') */ select
            count(e1_0.id) 
        from
            enrollments e1_0 
        where
            e1_0.course_id=? 
            and e1_0.status not in ('CANCELLED')
2026-05-05 03:22:03 [http-nio-8080-exec-7] DEBUG org.hibernate.SQL - 
    /* SELECT
        COUNT(p) 
    FROM
        Payment p 
    WHERE
        p.status = :status */ select
            count(p1_0.id) 
        from
            payments p1_0 
        where
            p1_0.status=?
2026-05-05 03:22:03 [http-nio-8080-exec-5] DEBUG org.hibernate.SQL - 
    select
        t1_0.id,
        t1_0.avatar,
        t1_0.bio,
        t1_0.created_at,
        t1_0.email,
        t1_0.experience,
        t1_0.name,
        t1_0.phone,
        t1_0.status,
        t1_0.subjects,
        t1_0.updated_at,
        t1_0.user_id 
    from
        teachers t1_0 
    where
        t1_0.id=?
2026-05-05 03:22:03 [http-nio-8080-exec-1] DEBUG org.hibernate.SQL - 
    /* <criteria> */ select
        e1_0.id,
        e1_0.cancel_reason,
        e1_0.cancelled_at,
        e1_0.course_id,
        e1_0.created_at,
        e1_0.enrollment_date,
        e1_0.payment_status,
        e1_0.schedule_id,
        e1_0.status,
        e1_0.student_id,
        e1_0.updated_at 
    from
        enrollments e1_0
2026-05-05 03:22:03 [http-nio-8080-exec-9] DEBUG org.hibernate.SQL - 
    /* SELECT
        COUNT(e) 
    FROM
        Enrollment e 
    WHERE
        e.course.id = :courseId 
        AND e.status NOT IN ('CANCELLED') */ select
            count(e1_0.id) 
        from
            enrollments e1_0 
        where
            e1_0.course_id=? 
            and e1_0.status not in ('CANCELLED')
2026-05-05 03:22:03 [http-nio-8080-exec-9] DEBUG org.hibernate.SQL - 
    /* SELECT
        COUNT(e) 
    FROM
        Enrollment e 
    WHERE
        e.course.id = :courseId 
        AND e.status NOT IN ('CANCELLED') */ select
            count(e1_0.id) 
        from
            enrollments e1_0 
        where
            e1_0.course_id=? 
            and e1_0.status not in ('CANCELLED')
2026-05-05 03:22:03 [http-nio-8080-exec-9] DEBUG org.hibernate.SQL - 
    /* SELECT
        COUNT(e) 
    FROM
        Enrollment e 
    WHERE
        e.course.id = :courseId 
        AND e.status NOT IN ('CANCELLED') */ select
            count(e1_0.id) 
        from
            enrollments e1_0 
        where
            e1_0.course_id=? 
            and e1_0.status not in ('CANCELLED')
2026-05-05 03:22:03 [http-nio-8080-exec-9] DEBUG org.hibernate.SQL - 
    /* SELECT
        COUNT(e) 
    FROM
        Enrollment e 
    WHERE
        e.course.id = :courseId 
        AND e.status NOT IN ('CANCELLED') */ select
            count(e1_0.id) 
        from
            enrollments e1_0 
        where
            e1_0.course_id=? 
            and e1_0.status not in ('CANCELLED')
2026-05-05 03:22:04 [http-nio-8080-exec-6] DEBUG org.hibernate.SQL - 
    /* <criteria> */ select
        u1_0.id,
        u1_0.avatar,
        u1_0.created_at,
        u1_0.email,
        u1_0.password,
        u1_0.phone,
        u1_0.real_name,
        u1_0.role,
        u1_0.status,
        u1_0.updated_at,
        u1_0.username 
    from
        users u1_0 
    where
        u1_0.username=?
2026-05-05 03:22:04 [http-nio-8080-exec-6] DEBUG org.hibernate.SQL - 
    /* SELECT
        SUM(p.amount) 
    FROM
        Payment p 
    WHERE
        p.status = 'SUCCESS' 
        AND p.paymentTime BETWEEN :start AND :end */ select
            sum(p1_0.amount) 
        from
            payments p1_0 
        where
            p1_0.status='SUCCESS' 
            and p1_0.payment_time between ? and ?
2026-05-05 03:22:04 [http-nio-8080-exec-6] DEBUG org.hibernate.SQL - 
    /* SELECT
        COUNT(p) 
    FROM
        Payment p 
    WHERE
        p.status = :status */ select
            count(p1_0.id) 
        from
            payments p1_0 
        where
            p1_0.status=?
2026-05-05 03:22:04 [http-nio-8080-exec-6] DEBUG org.hibernate.SQL - 
    /* SELECT
        COUNT(p) 
    FROM
        Payment p 
    WHERE
        p.status = :status */ select
            count(p1_0.id) 
        from
            payments p1_0 
        where
            p1_0.status=?
2026-05-05 03:22:04 [http-nio-8080-exec-6] DEBUG org.hibernate.SQL - 
    /* SELECT
        COUNT(p) 
    FROM
        Payment p 
    WHERE
        p.status = :status */ select
            count(p1_0.id) 
        from
            payments p1_0 
        where
            p1_0.status=?
2026-05-05 03:22:04 [http-nio-8080-exec-6] DEBUG org.hibernate.SQL - 
    /* SELECT
        COUNT(b) 
    FROM
        Bill b 
    WHERE
        b.status = :status */ select
            count(b1_0.id) 
        from
            bills b1_0 
        where
            b1_0.status=?
2026-05-05 03:22:04 [http-nio-8080-exec-6] DEBUG org.hibernate.SQL - 
    /* SELECT
        COUNT(b) 
    FROM
        Bill b 
    WHERE
        b.status = :status */ select
            count(b1_0.id) 
        from
            bills b1_0 
        where
            b1_0.status=?
2026-05-05 03:22:04 [http-nio-8080-exec-6] DEBUG org.hibernate.SQL - 
    /* SELECT
        COUNT(b) 
    FROM
        Bill b 
    WHERE
        b.status = :status */ select
            count(b1_0.id) 
        from
            bills b1_0 
        where
            b1_0.status=?
2026-05-05 03:22:04 [http-nio-8080-exec-4] DEBUG org.hibernate.SQL - 
    /* <criteria> */ select
        u1_0.id,
        u1_0.avatar,
        u1_0.created_at,
        u1_0.email,
        u1_0.password,
        u1_0.phone,
        u1_0.real_name,
        u1_0.role,
        u1_0.status,
        u1_0.updated_at,
        u1_0.username 
    from
        users u1_0 
    where
        u1_0.username=?
2026-05-05 03:22:04 [http-nio-8080-exec-3] DEBUG org.hibernate.SQL - 
    /* <criteria> */ select
        u1_0.id,
        u1_0.avatar,
        u1_0.created_at,
        u1_0.email,
        u1_0.password,
        u1_0.phone,
        u1_0.real_name,
        u1_0.role,
        u1_0.status,
        u1_0.updated_at,
        u1_0.username 
    from
        users u1_0 
    where
        u1_0.username=?
2026-05-05 03:22:04 [http-nio-8080-exec-4] DEBUG org.hibernate.SQL - 
    /* <criteria> */ select
        b1_0.id,
        b1_0.amount,
        b1_0.bill_type,
        b1_0.created_at,
        b1_0.description,
        b1_0.due_date,
        b1_0.payment_id,
        b1_0.status,
        b1_0.student_id,
        b1_0.updated_at 
    from
        bills b1_0 
    limit
        ?, ?
2026-05-05 03:22:04 [http-nio-8080-exec-3] DEBUG org.hibernate.SQL - 
    /* <criteria> */ select
        p1_0.id,
        p1_0.amount,
        p1_0.created_at,
        p1_0.enrollment_id,
        p1_0.payment_method,
        p1_0.payment_time,
        p1_0.status,
        p1_0.transaction_id,
        p1_0.updated_at 
    from
        payments p1_0 
    limit
        ?, ?
2026-05-05 03:22:04 [http-nio-8080-exec-4] DEBUG org.hibernate.SQL - 
    /* <criteria> */ select
        count(b1_0.id) 
    from
        bills b1_0
2026-05-05 03:22:04 [http-nio-8080-exec-3] DEBUG org.hibernate.SQL - 
    /* <criteria> */ select
        count(p1_0.id) 
    from
        payments p1_0
2026-05-05 03:22:05 [http-nio-8080-exec-10] DEBUG org.hibernate.SQL - 
    /* <criteria> */ select
        u1_0.id,
        u1_0.avatar,
        u1_0.created_at,
        u1_0.email,
        u1_0.password,
        u1_0.phone,
        u1_0.real_name,
        u1_0.role,
        u1_0.status,
        u1_0.updated_at,
        u1_0.username 
    from
        users u1_0 
    where
        u1_0.username=?
2026-05-05 03:22:05 [http-nio-8080-exec-10] DEBUG org.hibernate.SQL - 
    select
        p1_0.id,
        p1_0.amount,
        p1_0.created_at,
        p1_0.enrollment_id,
        p1_0.payment_method,
        p1_0.payment_time,
        p1_0.status,
        p1_0.transaction_id,
        p1_0.updated_at 
    from
        payments p1_0 
    where
        p1_0.id=?
2026-05-05 03:22:05 [http-nio-8080-exec-10] DEBUG org.hibernate.SQL - 
    select
        e1_0.id,
        e1_0.cancel_reason,
        e1_0.cancelled_at,
        e1_0.course_id,
        e1_0.created_at,
        e1_0.enrollment_date,
        e1_0.payment_status,
        e1_0.schedule_id,
        e1_0.status,
        e1_0.student_id,
        e1_0.updated_at 
    from
        enrollments e1_0 
    where
        e1_0.id=?
2026-05-05 03:22:05 [http-nio-8080-exec-10] DEBUG org.hibernate.SQL - 
    /* update
        for com.example.backend.entity.Payment */update payments 
    set
        amount=?,
        enrollment_id=?,
        payment_method=?,
        payment_time=?,
        status=?,
        transaction_id=?,
        updated_at=? 
    where
        id=?
2026-05-05 03:22:05 [http-nio-8080-exec-10] DEBUG org.hibernate.SQL - 
    /* update
        for com.example.backend.entity.Enrollment */update enrollments 
    set
        cancel_reason=?,
        cancelled_at=?,
        course_id=?,
        enrollment_date=?,
        payment_status=?,
        schedule_id=?,
        status=?,
        student_id=?,
        updated_at=? 
    where
        id=?
2026-05-05 03:22:06 [http-nio-8080-exec-2] DEBUG org.hibernate.SQL - 
    /* <criteria> */ select
        u1_0.id,
        u1_0.avatar,
        u1_0.created_at,
        u1_0.email,
        u1_0.password,
        u1_0.phone,
        u1_0.real_name,
        u1_0.role,
        u1_0.status,
        u1_0.updated_at,
        u1_0.username 
    from
        users u1_0 
    where
        u1_0.username=?
2026-05-05 03:22:06 [http-nio-8080-exec-2] DEBUG org.hibernate.SQL - 
    /* <criteria> */ select
        p1_0.id,
        p1_0.amount,
        p1_0.created_at,
        p1_0.enrollment_id,
        p1_0.payment_method,
        p1_0.payment_time,
        p1_0.status,
        p1_0.transaction_id,
        p1_0.updated_at 
    from
        payments p1_0 
    limit
        ?, ?
2026-05-05 03:22:06 [http-nio-8080-exec-2] DEBUG org.hibernate.SQL - 
    /* <criteria> */ select
        count(p1_0.id) 
    from
        payments p1_0
2026-05-05 03:22:22 [http-nio-8080-exec-8] DEBUG org.hibernate.SQL - 
    /* <criteria> */ select
        u1_0.id,
        u1_0.avatar,
        u1_0.created_at,
        u1_0.email,
        u1_0.password,
        u1_0.phone,
        u1_0.real_name,
        u1_0.role,
        u1_0.status,
        u1_0.updated_at,
        u1_0.username 
    from
        users u1_0 
    where
        u1_0.username=?
2026-05-05 03:22:22 [http-nio-8080-exec-7] DEBUG org.hibernate.SQL - 
    /* <criteria> */ select
        u1_0.id,
        u1_0.avatar,
        u1_0.created_at,
        u1_0.email,
        u1_0.password,
        u1_0.phone,
        u1_0.real_name,
        u1_0.role,
        u1_0.status,
        u1_0.updated_at,
        u1_0.username 
    from
        users u1_0 
    where
        u1_0.username=?
2026-05-05 03:22:22 [http-nio-8080-exec-5] DEBUG org.hibernate.SQL - 
    /* <criteria> */ select
        u1_0.id,
        u1_0.avatar,
        u1_0.created_at,
        u1_0.email,
        u1_0.password,
        u1_0.phone,
        u1_0.real_name,
        u1_0.role,
        u1_0.status,
        u1_0.updated_at,
        u1_0.username 
    from
        users u1_0 
    where
        u1_0.username=?
2026-05-05 03:22:22 [http-nio-8080-exec-8] DEBUG org.hibernate.SQL - 
    /* <criteria> */ select
        c1_0.id,
        c1_0.capacity,
        c1_0.category,
        c1_0.created_at,
        c1_0.description,
        c1_0.duration,
        c1_0.enrolled_count,
        c1_0.image,
        c1_0.level,
        c1_0.name,
        c1_0.price,
        c1_0.status,
        c1_0.teacher_id,
        c1_0.updated_at 
    from
        courses c1_0
2026-05-05 03:22:22 [http-nio-8080-exec-7] DEBUG org.hibernate.SQL - 
    /* <criteria> */ select
        s1_0.id,
        s1_0.avatar,
        s1_0.birth_date,
        s1_0.created_at,
        s1_0.email,
        s1_0.emergency_contact,
        s1_0.emergency_phone,
        s1_0.gender,
        s1_0.name,
        s1_0.phone,
        s1_0.status,
        s1_0.updated_at,
        s1_0.user_id 
    from
        students s1_0
2026-05-05 03:22:22 [http-nio-8080-exec-5] DEBUG org.hibernate.SQL - 
    /* SELECT
        SUM(p.amount) 
    FROM
        Payment p 
    WHERE
        p.status = 'SUCCESS' 
        AND p.paymentTime BETWEEN :start AND :end */ select
            sum(p1_0.amount) 
        from
            payments p1_0 
        where
            p1_0.status='SUCCESS' 
            and p1_0.payment_time between ? and ?
2026-05-05 03:22:22 [http-nio-8080-exec-8] DEBUG org.hibernate.SQL - 
    /* select
        count(*) 
    from
        Enrollment x */ select
            count(*) 
        from
            enrollments e1_0
2026-05-05 03:22:22 [http-nio-8080-exec-5] DEBUG org.hibernate.SQL - 
    /* select
        count(*) 
    from
        Payment x */ select
            count(*) 
        from
            payments p1_0
2026-05-05 03:22:22 [http-nio-8080-exec-8] DEBUG org.hibernate.SQL - 
    /* SELECT
        COUNT(e) 
    FROM
        Enrollment e 
    WHERE
        e.course.id = :courseId 
        AND e.status NOT IN ('CANCELLED') */ select
            count(e1_0.id) 
        from
            enrollments e1_0 
        where
            e1_0.course_id=? 
            and e1_0.status not in ('CANCELLED')
2026-05-05 03:22:22 [http-nio-8080-exec-7] DEBUG org.hibernate.SQL - 
    /* <criteria> */ select
        e1_0.id,
        e1_0.cancel_reason,
        e1_0.cancelled_at,
        e1_0.course_id,
        e1_0.created_at,
        e1_0.enrollment_date,
        e1_0.payment_status,
        e1_0.schedule_id,
        e1_0.status,
        e1_0.student_id,
        e1_0.updated_at 
    from
        enrollments e1_0
2026-05-05 03:22:22 [http-nio-8080-exec-5] DEBUG org.hibernate.SQL - 
    /* SELECT
        COUNT(p) 
    FROM
        Payment p 
    WHERE
        p.status = :status */ select
            count(p1_0.id) 
        from
            payments p1_0 
        where
            p1_0.status=?
2026-05-05 03:22:22 [http-nio-8080-exec-8] DEBUG org.hibernate.SQL - 
    /* SELECT
        COUNT(e) 
    FROM
        Enrollment e 
    WHERE
        e.course.id = :courseId 
        AND e.status NOT IN ('CANCELLED') */ select
            count(e1_0.id) 
        from
            enrollments e1_0 
        where
            e1_0.course_id=? 
            and e1_0.status not in ('CANCELLED')
2026-05-05 03:22:22 [http-nio-8080-exec-7] DEBUG org.hibernate.SQL - 
    /* <criteria> */ select
        e1_0.id,
        e1_0.cancel_reason,
        e1_0.cancelled_at,
        e1_0.course_id,
        e1_0.created_at,
        e1_0.enrollment_date,
        e1_0.payment_status,
        e1_0.schedule_id,
        e1_0.status,
        e1_0.student_id,
        e1_0.updated_at 
    from
        enrollments e1_0
2026-05-05 03:22:22 [http-nio-8080-exec-5] DEBUG org.hibernate.SQL - 
    /* SELECT
        COUNT(p) 
    FROM
        Payment p 
    WHERE
        p.status = :status */ select
            count(p1_0.id) 
        from
            payments p1_0 
        where
            p1_0.status=?
2026-05-05 03:22:22 [http-nio-8080-exec-8] DEBUG org.hibernate.SQL - 
    /* SELECT
        COUNT(e) 
    FROM
        Enrollment e 
    WHERE
        e.course.id = :courseId 
        AND e.status NOT IN ('CANCELLED') */ select
            count(e1_0.id) 
        from
            enrollments e1_0 
        where
            e1_0.course_id=? 
            and e1_0.status not in ('CANCELLED')
2026-05-05 03:22:22 [http-nio-8080-exec-7] DEBUG org.hibernate.SQL - 
    /* <criteria> */ select
        e1_0.id,
        e1_0.cancel_reason,
        e1_0.cancelled_at,
        e1_0.course_id,
        e1_0.created_at,
        e1_0.enrollment_date,
        e1_0.payment_status,
        e1_0.schedule_id,
        e1_0.status,
        e1_0.student_id,
        e1_0.updated_at 
    from
        enrollments e1_0
2026-05-05 03:22:22 [http-nio-8080-exec-8] DEBUG org.hibernate.SQL - 
    /* SELECT
        COUNT(e) 
    FROM
        Enrollment e 
    WHERE
        e.course.id = :courseId 
        AND e.status NOT IN ('CANCELLED') */ select
            count(e1_0.id) 
        from
            enrollments e1_0 
        where
            e1_0.course_id=? 
            and e1_0.status not in ('CANCELLED')
2026-05-05 03:22:22 [http-nio-8080-exec-5] DEBUG org.hibernate.SQL - 
    /* SELECT
        COUNT(p) 
    FROM
        Payment p 
    WHERE
        p.status = :status */ select
            count(p1_0.id) 
        from
            payments p1_0 
        where
            p1_0.status=?
2026-05-05 03:22:22 [http-nio-8080-exec-7] DEBUG org.hibernate.SQL - 
    /* <criteria> */ select
        e1_0.id,
        e1_0.cancel_reason,
        e1_0.cancelled_at,
        e1_0.course_id,
        e1_0.created_at,
        e1_0.enrollment_date,
        e1_0.payment_status,
        e1_0.schedule_id,
        e1_0.status,
        e1_0.student_id,
        e1_0.updated_at 
    from
        enrollments e1_0
2026-05-05 03:22:22 [http-nio-8080-exec-8] DEBUG org.hibernate.SQL - 
    /* SELECT
        COUNT(e) 
    FROM
        Enrollment e 
    WHERE
        e.course.id = :courseId 
        AND e.status NOT IN ('CANCELLED') */ select
            count(e1_0.id) 
        from
            enrollments e1_0 
        where
            e1_0.course_id=? 
            and e1_0.status not in ('CANCELLED')
2026-05-05 03:22:22 [http-nio-8080-exec-8] DEBUG org.hibernate.SQL - 
    /* SELECT
        COUNT(e) 
    FROM
        Enrollment e 
    WHERE
        e.course.id = :courseId 
        AND e.status NOT IN ('CANCELLED') */ select
            count(e1_0.id) 
        from
            enrollments e1_0 
        where
            e1_0.course_id=? 
            and e1_0.status not in ('CANCELLED')
2026-05-05 03:22:27 [http-nio-8080-exec-1] WARN  com.zaxxer.hikari.pool.PoolBase - HikariPool-1 - Failed to validate connection com.mysql.cj.jdbc.ConnectionImpl@1993f80c (No operations allowed after connection closed.). Possibly consider using a shorter maxLifetime value.
2026-05-05 03:22:27 [http-nio-8080-exec-1] DEBUG org.hibernate.SQL - 
    /* <criteria> */ select
        u1_0.id,
        u1_0.avatar,
        u1_0.created_at,
        u1_0.email,
        u1_0.password,
        u1_0.phone,
        u1_0.real_name,
        u1_0.role,
        u1_0.status,
        u1_0.updated_at,
        u1_0.username 
    from
        users u1_0 
    where
        u1_0.username=?
2026-05-05 03:22:27 [http-nio-8080-exec-1] DEBUG org.hibernate.SQL - 
    /* <criteria> */ select
        c1_0.id,
        c1_0.capacity,
        c1_0.category,
        c1_0.created_at,
        c1_0.description,
        c1_0.duration,
        c1_0.enrolled_count,
        c1_0.image,
        c1_0.level,
        c1_0.name,
        c1_0.price,
        c1_0.status,
        c1_0.teacher_id,
        c1_0.updated_at 
    from
        courses c1_0 
    limit
        ?, ?
2026-05-05 03:22:27 [http-nio-8080-exec-1] DEBUG org.hibernate.SQL - 
    select
        t1_0.id,
        t1_0.avatar,
        t1_0.bio,
        t1_0.created_at,
        t1_0.email,
        t1_0.experience,
        t1_0.name,
        t1_0.phone,
        t1_0.status,
        t1_0.subjects,
        t1_0.updated_at,
        t1_0.user_id 
    from
        teachers t1_0 
    where
        t1_0.id=?
2026-05-05 03:22:27 [http-nio-8080-exec-1] DEBUG org.hibernate.SQL - 
    select
        t1_0.id,
        t1_0.avatar,
        t1_0.bio,
        t1_0.created_at,
        t1_0.email,
        t1_0.experience,
        t1_0.name,
        t1_0.phone,
        t1_0.status,
        t1_0.subjects,
        t1_0.updated_at,
        t1_0.user_id 
    from
        teachers t1_0 
    where
        t1_0.id=?
2026-05-05 03:22:32 [http-nio-8080-exec-9] DEBUG org.hibernate.SQL - 
    /* <criteria> */ select
        u1_0.id,
        u1_0.avatar,
        u1_0.created_at,
        u1_0.email,
        u1_0.password,
        u1_0.phone,
        u1_0.real_name,
        u1_0.role,
        u1_0.status,
        u1_0.updated_at,
        u1_0.username 
    from
        users u1_0 
    where
        u1_0.username=?
2026-05-05 03:22:32 [http-nio-8080-exec-9] DEBUG org.hibernate.SQL - 
    /* <criteria> */ select
        u1_0.id,
        u1_0.avatar,
        u1_0.created_at,
        u1_0.email,
        u1_0.password,
        u1_0.phone,
        u1_0.real_name,
        u1_0.role,
        u1_0.status,
        u1_0.updated_at,
        u1_0.username 
    from
        users u1_0
2026-05-05 03:22:34 [http-nio-8080-exec-6] DEBUG org.hibernate.SQL - 
    /* <criteria> */ select
        u1_0.id,
        u1_0.avatar,
        u1_0.created_at,
        u1_0.email,
        u1_0.password,
        u1_0.phone,
        u1_0.real_name,
        u1_0.role,
        u1_0.status,
        u1_0.updated_at,
        u1_0.username 
    from
        users u1_0 
    where
        u1_0.username=?
2026-05-05 03:22:34 [http-nio-8080-exec-4] DEBUG org.hibernate.SQL - 
    /* <criteria> */ select
        u1_0.id,
        u1_0.avatar,
        u1_0.created_at,
        u1_0.email,
        u1_0.password,
        u1_0.phone,
        u1_0.real_name,
        u1_0.role,
        u1_0.status,
        u1_0.updated_at,
        u1_0.username 
    from
        users u1_0 
    where
        u1_0.username=?
2026-05-05 03:22:34 [http-nio-8080-exec-6] DEBUG org.hibernate.SQL - 
    /* <criteria> */ select
        c1_0.id,
        c1_0.capacity,
        c1_0.category,
        c1_0.created_at,
        c1_0.description,
        c1_0.duration,
        c1_0.enrolled_count,
        c1_0.image,
        c1_0.level,
        c1_0.name,
        c1_0.price,
        c1_0.status,
        c1_0.teacher_id,
        c1_0.updated_at 
    from
        courses c1_0 
    limit
        ?, ?
2026-05-05 03:22:34 [http-nio-8080-exec-4] DEBUG org.hibernate.SQL - 
    /* <criteria> */ select
        t1_0.id,
        t1_0.avatar,
        t1_0.bio,
        t1_0.created_at,
        t1_0.email,
        t1_0.experience,
        t1_0.name,
        t1_0.phone,
        t1_0.status,
        t1_0.subjects,
        t1_0.updated_at,
        t1_0.user_id 
    from
        teachers t1_0 
    where
        t1_0.status=?
2026-05-05 03:22:34 [http-nio-8080-exec-6] DEBUG org.hibernate.SQL - 
    select
        t1_0.id,
        t1_0.avatar,
        t1_0.bio,
        t1_0.created_at,
        t1_0.email,
        t1_0.experience,
        t1_0.name,
        t1_0.phone,
        t1_0.status,
        t1_0.subjects,
        t1_0.updated_at,
        t1_0.user_id 
    from
        teachers t1_0 
    where
        t1_0.id=?
2026-05-05 03:22:34 [http-nio-8080-exec-6] DEBUG org.hibernate.SQL - 
    select
        t1_0.id,
        t1_0.avatar,
        t1_0.bio,
        t1_0.created_at,
        t1_0.email,
        t1_0.experience,
        t1_0.name,
        t1_0.phone,
        t1_0.status,
        t1_0.subjects,
        t1_0.updated_at,
        t1_0.user_id 
    from
        teachers t1_0 
    where
        t1_0.id=?
2026-05-05 03:22:48 [http-nio-8080-exec-1] DEBUG org.hibernate.SQL - 
    /* <criteria> */ select
        u1_0.id,
        u1_0.avatar,
        u1_0.created_at,
        u1_0.email,
        u1_0.password,
        u1_0.phone,
        u1_0.real_name,
        u1_0.role,
        u1_0.status,
        u1_0.updated_at,
        u1_0.username 
    from
        users u1_0 
    where
        u1_0.username=?
2026-05-05 03:22:48 [http-nio-8080-exec-9] DEBUG org.hibernate.SQL - 
    /* <criteria> */ select
        u1_0.id,
        u1_0.avatar,
        u1_0.created_at,
        u1_0.email,
        u1_0.password,
        u1_0.phone,
        u1_0.real_name,
        u1_0.role,
        u1_0.status,
        u1_0.updated_at,
        u1_0.username 
    from
        users u1_0 
    where
        u1_0.username=?
2026-05-05 03:22:48 [http-nio-8080-exec-1] DEBUG org.hibernate.SQL - 
    /* <criteria> */ select
        c1_0.id,
        c1_0.capacity,
        c1_0.category,
        c1_0.created_at,
        c1_0.description,
        c1_0.duration,
        c1_0.enrolled_count,
        c1_0.image,
        c1_0.level,
        c1_0.name,
        c1_0.price,
        c1_0.status,
        c1_0.teacher_id,
        c1_0.updated_at 
    from
        courses c1_0 
    limit
        ?, ?
2026-05-05 03:22:48 [http-nio-8080-exec-9] DEBUG org.hibernate.SQL - 
    /* <criteria> */ select
        t1_0.id,
        t1_0.avatar,
        t1_0.bio,
        t1_0.created_at,
        t1_0.email,
        t1_0.experience,
        t1_0.name,
        t1_0.phone,
        t1_0.status,
        t1_0.subjects,
        t1_0.updated_at,
        t1_0.user_id 
    from
        teachers t1_0 
    where
        t1_0.status=?
2026-05-05 03:22:48 [http-nio-8080-exec-1] DEBUG org.hibernate.SQL - 
    select
        t1_0.id,
        t1_0.avatar,
        t1_0.bio,
        t1_0.created_at,
        t1_0.email,
        t1_0.experience,
        t1_0.name,
        t1_0.phone,
        t1_0.status,
        t1_0.subjects,
        t1_0.updated_at,
        t1_0.user_id 
    from
        teachers t1_0 
    where
        t1_0.id=?
2026-05-05 03:22:48 [http-nio-8080-exec-1] DEBUG org.hibernate.SQL - 
    select
        t1_0.id,
        t1_0.avatar,
        t1_0.bio,
        t1_0.created_at,
        t1_0.email,
        t1_0.experience,
        t1_0.name,
        t1_0.phone,
        t1_0.status,
        t1_0.subjects,
        t1_0.updated_at,
        t1_0.user_id 
    from
        teachers t1_0 
    where
        t1_0.id=?
2026-05-05 03:22:50 [http-nio-8080-exec-7] DEBUG org.hibernate.SQL - 
    /* <criteria> */ select
        u1_0.id,
        u1_0.avatar,
        u1_0.created_at,
        u1_0.email,
        u1_0.password,
        u1_0.phone,
        u1_0.real_name,
        u1_0.role,
        u1_0.status,
        u1_0.updated_at,
        u1_0.username 
    from
        users u1_0 
    where
        u1_0.username=?
2026-05-05 03:22:50 [http-nio-8080-exec-7] DEBUG org.hibernate.SQL - 
    /* <criteria> */ select
        u1_0.id,
        u1_0.avatar,
        u1_0.created_at,
        u1_0.email,
        u1_0.password,
        u1_0.phone,
        u1_0.real_name,
        u1_0.role,
        u1_0.status,
        u1_0.updated_at,
        u1_0.username 
    from
        users u1_0
2026-05-05 03:22:57 [http-nio-8080-exec-8] DEBUG org.hibernate.SQL - 
    /* <criteria> */ select
        u1_0.id,
        u1_0.avatar,
        u1_0.created_at,
        u1_0.email,
        u1_0.password,
        u1_0.phone,
        u1_0.real_name,
        u1_0.role,
        u1_0.status,
        u1_0.updated_at,
        u1_0.username 
    from
        users u1_0 
    where
        u1_0.username=?
2026-05-05 03:22:57 [http-nio-8080-exec-9] DEBUG org.hibernate.SQL - 
    /* <criteria> */ select
        u1_0.id,
        u1_0.avatar,
        u1_0.created_at,
        u1_0.email,
        u1_0.password,
        u1_0.phone,
        u1_0.real_name,
        u1_0.role,
        u1_0.status,
        u1_0.updated_at,
        u1_0.username 
    from
        users u1_0 
    where
        u1_0.username=?
2026-05-05 03:22:57 [http-nio-8080-exec-8] DEBUG org.hibernate.SQL - 
    /* <criteria> */ select
        c1_0.id,
        c1_0.capacity,
        c1_0.category,
        c1_0.created_at,
        c1_0.description,
        c1_0.duration,
        c1_0.enrolled_count,
        c1_0.image,
        c1_0.level,
        c1_0.name,
        c1_0.price,
        c1_0.status,
        c1_0.teacher_id,
        c1_0.updated_at 
    from
        courses c1_0 
    limit
        ?, ?
2026-05-05 03:22:57 [http-nio-8080-exec-9] DEBUG org.hibernate.SQL - 
    /* <criteria> */ select
        t1_0.id,
        t1_0.avatar,
        t1_0.bio,
        t1_0.created_at,
        t1_0.email,
        t1_0.experience,
        t1_0.name,
        t1_0.phone,
        t1_0.status,
        t1_0.subjects,
        t1_0.updated_at,
        t1_0.user_id 
    from
        teachers t1_0 
    where
        t1_0.status=?
2026-05-05 03:22:57 [http-nio-8080-exec-8] DEBUG org.hibernate.SQL - 
    select
        t1_0.id,
        t1_0.avatar,
        t1_0.bio,
        t1_0.created_at,
        t1_0.email,
        t1_0.experience,
        t1_0.name,
        t1_0.phone,
        t1_0.status,
        t1_0.subjects,
        t1_0.updated_at,
        t1_0.user_id 
    from
        teachers t1_0 
    where
        t1_0.id=?
2026-05-05 03:22:57 [http-nio-8080-exec-8] DEBUG org.hibernate.SQL - 
    select
        t1_0.id,
        t1_0.avatar,
        t1_0.bio,
        t1_0.created_at,
        t1_0.email,
        t1_0.experience,
        t1_0.name,
        t1_0.phone,
        t1_0.status,
        t1_0.subjects,
        t1_0.updated_at,
        t1_0.user_id 
    from
        teachers t1_0 
    where
        t1_0.id=?
2026-05-05 03:23:08 [http-nio-8080-exec-2] DEBUG org.hibernate.SQL - 
    /* <criteria> */ select
        u1_0.id,
        u1_0.avatar,
        u1_0.created_at,
        u1_0.email,
        u1_0.password,
        u1_0.phone,
        u1_0.real_name,
        u1_0.role,
        u1_0.status,
        u1_0.updated_at,
        u1_0.username 
    from
        users u1_0 
    where
        u1_0.username=?
2026-05-05 03:23:08 [http-nio-8080-exec-2] DEBUG org.hibernate.SQL - 
    /* <criteria> */ select
        u1_0.id,
        u1_0.avatar,
        u1_0.created_at,
        u1_0.email,
        u1_0.password,
        u1_0.phone,
        u1_0.real_name,
        u1_0.role,
        u1_0.status,
        u1_0.updated_at,
        u1_0.username 
    from
        users u1_0 
    order by
        u1_0.id desc 
    limit
        ?, ?
2026-05-05 03:23:08 [http-nio-8080-exec-2] DEBUG org.hibernate.SQL - 
    /* <criteria> */ select
        count(u1_0.id) 
    from
        users u1_0
2026-05-05 03:23:10 [http-nio-8080-exec-7] DEBUG org.hibernate.SQL - 
    /* <criteria> */ select
        u1_0.id,
        u1_0.avatar,
        u1_0.created_at,
        u1_0.email,
        u1_0.password,
        u1_0.phone,
        u1_0.real_name,
        u1_0.role,
        u1_0.status,
        u1_0.updated_at,
        u1_0.username 
    from
        users u1_0 
    where
        u1_0.username=?
2026-05-05 03:23:10 [http-nio-8080-exec-7] DEBUG org.hibernate.SQL - 
    /* <criteria> */ select
        t1_0.id,
        t1_0.avatar,
        t1_0.bio,
        t1_0.created_at,
        t1_0.email,
        t1_0.experience,
        t1_0.name,
        t1_0.phone,
        t1_0.status,
        t1_0.subjects,
        t1_0.updated_at,
        t1_0.user_id 
    from
        teachers t1_0 
    limit
        ?, ?
2026-05-05 03:23:11 [http-nio-8080-exec-9] DEBUG org.hibernate.SQL - 
    /* <criteria> */ select
        u1_0.id,
        u1_0.avatar,
        u1_0.created_at,
        u1_0.email,
        u1_0.password,
        u1_0.phone,
        u1_0.real_name,
        u1_0.role,
        u1_0.status,
        u1_0.updated_at,
        u1_0.username 
    from
        users u1_0 
    where
        u1_0.username=?
2026-05-05 03:23:11 [http-nio-8080-exec-9] DEBUG org.hibernate.SQL - 
    /* <criteria> */ select
        s1_0.id,
        s1_0.avatar,
        s1_0.birth_date,
        s1_0.created_at,
        s1_0.email,
        s1_0.emergency_contact,
        s1_0.emergency_phone,
        s1_0.gender,
        s1_0.name,
        s1_0.phone,
        s1_0.status,
        s1_0.updated_at,
        s1_0.user_id 
    from
        students s1_0 
    limit
        ?, ?
2026-05-05 03:23:14 [http-nio-8080-exec-8] DEBUG org.hibernate.SQL - 
    /* <criteria> */ select
        u1_0.id,
        u1_0.avatar,
        u1_0.created_at,
        u1_0.email,
        u1_0.password,
        u1_0.phone,
        u1_0.real_name,
        u1_0.role,
        u1_0.status,
        u1_0.updated_at,
        u1_0.username 
    from
        users u1_0 
    where
        u1_0.username=?
2026-05-05 03:23:14 [http-nio-8080-exec-10] DEBUG org.hibernate.SQL - 
    /* <criteria> */ select
        u1_0.id,
        u1_0.avatar,
        u1_0.created_at,
        u1_0.email,
        u1_0.password,
        u1_0.phone,
        u1_0.real_name,
        u1_0.role,
        u1_0.status,
        u1_0.updated_at,
        u1_0.username 
    from
        users u1_0 
    where
        u1_0.username=?
2026-05-05 03:23:14 [http-nio-8080-exec-10] DEBUG org.hibernate.SQL - 
    /* <criteria> */ select
        t1_0.id,
        t1_0.avatar,
        t1_0.bio,
        t1_0.created_at,
        t1_0.email,
        t1_0.experience,
        t1_0.name,
        t1_0.phone,
        t1_0.status,
        t1_0.subjects,
        t1_0.updated_at,
        t1_0.user_id 
    from
        teachers t1_0 
    where
        t1_0.status=?
2026-05-05 03:23:14 [http-nio-8080-exec-8] DEBUG org.hibernate.SQL - 
    /* <criteria> */ select
        c1_0.id,
        c1_0.capacity,
        c1_0.category,
        c1_0.created_at,
        c1_0.description,
        c1_0.duration,
        c1_0.enrolled_count,
        c1_0.image,
        c1_0.level,
        c1_0.name,
        c1_0.price,
        c1_0.status,
        c1_0.teacher_id,
        c1_0.updated_at 
    from
        courses c1_0 
    limit
        ?, ?
2026-05-05 03:23:14 [http-nio-8080-exec-8] DEBUG org.hibernate.SQL - 
    select
        t1_0.id,
        t1_0.avatar,
        t1_0.bio,
        t1_0.created_at,
        t1_0.email,
        t1_0.experience,
        t1_0.name,
        t1_0.phone,
        t1_0.status,
        t1_0.subjects,
        t1_0.updated_at,
        t1_0.user_id 
    from
        teachers t1_0 
    where
        t1_0.id=?
2026-05-05 03:23:14 [http-nio-8080-exec-8] DEBUG org.hibernate.SQL - 
    select
        t1_0.id,
        t1_0.avatar,
        t1_0.bio,
        t1_0.created_at,
        t1_0.email,
        t1_0.experience,
        t1_0.name,
        t1_0.phone,
        t1_0.status,
        t1_0.subjects,
        t1_0.updated_at,
        t1_0.user_id 
    from
        teachers t1_0 
    where
        t1_0.id=?
2026-05-05 03:23:22 [http-nio-8080-exec-7] DEBUG org.hibernate.SQL - 
    /* <criteria> */ select
        u1_0.id,
        u1_0.avatar,
        u1_0.created_at,
        u1_0.email,
        u1_0.password,
        u1_0.phone,
        u1_0.real_name,
        u1_0.role,
        u1_0.status,
        u1_0.updated_at,
        u1_0.username 
    from
        users u1_0 
    where
        u1_0.username=?
2026-05-05 03:23:22 [http-nio-8080-exec-9] DEBUG org.hibernate.SQL - 
    /* <criteria> */ select
        u1_0.id,
        u1_0.avatar,
        u1_0.created_at,
        u1_0.email,
        u1_0.password,
        u1_0.phone,
        u1_0.real_name,
        u1_0.role,
        u1_0.status,
        u1_0.updated_at,
        u1_0.username 
    from
        users u1_0 
    where
        u1_0.username=?
2026-05-05 03:23:22 [http-nio-8080-exec-7] DEBUG org.hibernate.SQL - 
    /* <criteria> */ select
        c1_0.id,
        c1_0.capacity,
        c1_0.category,
        c1_0.created_at,
        c1_0.description,
        c1_0.duration,
        c1_0.enrolled_count,
        c1_0.image,
        c1_0.level,
        c1_0.name,
        c1_0.price,
        c1_0.status,
        c1_0.teacher_id,
        c1_0.updated_at 
    from
        courses c1_0 
    limit
        ?, ?
2026-05-05 03:23:22 [http-nio-8080-exec-9] DEBUG org.hibernate.SQL - 
    /* <criteria> */ select
        t1_0.id,
        t1_0.avatar,
        t1_0.bio,
        t1_0.created_at,
        t1_0.email,
        t1_0.experience,
        t1_0.name,
        t1_0.phone,
        t1_0.status,
        t1_0.subjects,
        t1_0.updated_at,
        t1_0.user_id 
    from
        teachers t1_0 
    where
        t1_0.status=?
2026-05-05 03:23:22 [http-nio-8080-exec-7] DEBUG org.hibernate.SQL - 
    select
        t1_0.id,
        t1_0.avatar,
        t1_0.bio,
        t1_0.created_at,
        t1_0.email,
        t1_0.experience,
        t1_0.name,
        t1_0.phone,
        t1_0.status,
        t1_0.subjects,
        t1_0.updated_at,
        t1_0.user_id 
    from
        teachers t1_0 
    where
        t1_0.id=?
2026-05-05 03:23:22 [http-nio-8080-exec-7] DEBUG org.hibernate.SQL - 
    select
        t1_0.id,
        t1_0.avatar,
        t1_0.bio,
        t1_0.created_at,
        t1_0.email,
        t1_0.experience,
        t1_0.name,
        t1_0.phone,
        t1_0.status,
        t1_0.subjects,
        t1_0.updated_at,
        t1_0.user_id 
    from
        teachers t1_0 
    where
        t1_0.id=?
2026-05-05 03:23:47 [http-nio-8080-exec-10] DEBUG org.hibernate.SQL - 
    /* <criteria> */ select
        u1_0.id,
        u1_0.avatar,
        u1_0.created_at,
        u1_0.email,
        u1_0.password,
        u1_0.phone,
        u1_0.real_name,
        u1_0.role,
        u1_0.status,
        u1_0.updated_at,
        u1_0.username 
    from
        users u1_0 
    where
        u1_0.username=?
2026-05-05 03:23:47 [http-nio-8080-exec-10] DEBUG org.hibernate.SQL - 
    select
        u1_0.id,
        u1_0.avatar,
        u1_0.created_at,
        u1_0.email,
        u1_0.password,
        u1_0.phone,
        u1_0.real_name,
        u1_0.role,
        u1_0.status,
        u1_0.updated_at,
        u1_0.username 
    from
        users u1_0 
    where
        u1_0.id=?
2026-05-05 03:24:17 [http-nio-8080-exec-3] DEBUG org.hibernate.SQL - 
    /* <criteria> */ select
        u1_0.id,
        u1_0.avatar,
        u1_0.created_at,
        u1_0.email,
        u1_0.password,
        u1_0.phone,
        u1_0.real_name,
        u1_0.role,
        u1_0.status,
        u1_0.updated_at,
        u1_0.username 
    from
        users u1_0 
    where
        u1_0.username=?
2026-05-05 03:24:17 [http-nio-8080-exec-3] DEBUG org.hibernate.SQL - 
    /* <criteria> */ select
        u1_0.id,
        u1_0.avatar,
        u1_0.created_at,
        u1_0.email,
        u1_0.password,
        u1_0.phone,
        u1_0.real_name,
        u1_0.role,
        u1_0.status,
        u1_0.updated_at,
        u1_0.username 
    from
        users u1_0 
    order by
        u1_0.id desc 
    limit
        ?, ?
2026-05-05 03:24:17 [http-nio-8080-exec-3] DEBUG org.hibernate.SQL - 
    /* <criteria> */ select
        count(u1_0.id) 
    from
        users u1_0
2026-05-05 03:24:20 [http-nio-8080-exec-6] DEBUG org.hibernate.SQL - 
    /* <criteria> */ select
        u1_0.id,
        u1_0.avatar,
        u1_0.created_at,
        u1_0.email,
        u1_0.password,
        u1_0.phone,
        u1_0.real_name,
        u1_0.role,
        u1_0.status,
        u1_0.updated_at,
        u1_0.username 
    from
        users u1_0 
    where
        u1_0.username=?
2026-05-05 03:24:20 [http-nio-8080-exec-6] DEBUG org.hibernate.SQL - 
    /* <criteria> */ select
        u1_0.id,
        u1_0.avatar,
        u1_0.created_at,
        u1_0.email,
        u1_0.password,
        u1_0.phone,
        u1_0.real_name,
        u1_0.role,
        u1_0.status,
        u1_0.updated_at,
        u1_0.username 
    from
        users u1_0
2026-05-05 03:26:43 [http-nio-8080-exec-1] DEBUG org.hibernate.SQL - 
    /* <criteria> */ select
        u1_0.id,
        u1_0.avatar,
        u1_0.created_at,
        u1_0.email,
        u1_0.password,
        u1_0.phone,
        u1_0.real_name,
        u1_0.role,
        u1_0.status,
        u1_0.updated_at,
        u1_0.username 
    from
        users u1_0 
    where
        u1_0.username=?
2026-05-05 03:26:43 [http-nio-8080-exec-1] DEBUG org.hibernate.SQL - 
    /* <criteria> */ select
        u1_0.id,
        u1_0.avatar,
        u1_0.created_at,
        u1_0.email,
        u1_0.password,
        u1_0.phone,
        u1_0.real_name,
        u1_0.role,
        u1_0.status,
        u1_0.updated_at,
        u1_0.username 
    from
        users u1_0
2026-05-05 03:26:52 [http-nio-8080-exec-4] DEBUG org.hibernate.SQL - 
    /* <criteria> */ select
        u1_0.id,
        u1_0.avatar,
        u1_0.created_at,
        u1_0.email,
        u1_0.password,
        u1_0.phone,
        u1_0.real_name,
        u1_0.role,
        u1_0.status,
        u1_0.updated_at,
        u1_0.username 
    from
        users u1_0 
    where
        u1_0.username=?
2026-05-05 03:26:52 [http-nio-8080-exec-4] DEBUG org.hibernate.SQL - 
    select
        u1_0.id,
        u1_0.avatar,
        u1_0.created_at,
        u1_0.email,
        u1_0.password,
        u1_0.phone,
        u1_0.real_name,
        u1_0.role,
        u1_0.status,
        u1_0.updated_at,
        u1_0.username 
    from
        users u1_0 
    where
        u1_0.id=?
2026-05-05 03:26:52 [http-nio-8080-exec-9] DEBUG org.hibernate.SQL - 
    /* <criteria> */ select
        u1_0.id,
        u1_0.avatar,
        u1_0.created_at,
        u1_0.email,
        u1_0.password,
        u1_0.phone,
        u1_0.real_name,
        u1_0.role,
        u1_0.status,
        u1_0.updated_at,
        u1_0.username 
    from
        users u1_0 
    where
        u1_0.username=?
2026-05-05 03:26:52 [http-nio-8080-exec-9] DEBUG org.hibernate.SQL - 
    /* <criteria> */ select
        u1_0.id,
        u1_0.avatar,
        u1_0.created_at,
        u1_0.email,
        u1_0.password,
        u1_0.phone,
        u1_0.real_name,
        u1_0.role,
        u1_0.status,
        u1_0.updated_at,
        u1_0.username 
    from
        users u1_0
2026-05-05 03:26:54 [http-nio-8080-exec-5] WARN  com.zaxxer.hikari.pool.PoolBase - HikariPool-1 - Failed to validate connection com.mysql.cj.jdbc.ConnectionImpl@3261771e (No operations allowed after connection closed.). Possibly consider using a shorter maxLifetime value.
2026-05-05 03:26:54 [http-nio-8080-exec-5] DEBUG org.hibernate.SQL - 
    /* <criteria> */ select
        u1_0.id,
        u1_0.avatar,
        u1_0.created_at,
        u1_0.email,
        u1_0.password,
        u1_0.phone,
        u1_0.real_name,
        u1_0.role,
        u1_0.status,
        u1_0.updated_at,
        u1_0.username 
    from
        users u1_0 
    where
        u1_0.username=?
2026-05-05 03:26:54 [http-nio-8080-exec-5] DEBUG org.hibernate.SQL - 
    select
        u1_0.id,
        u1_0.avatar,
        u1_0.created_at,
        u1_0.email,
        u1_0.password,
        u1_0.phone,
        u1_0.real_name,
        u1_0.role,
        u1_0.status,
        u1_0.updated_at,
        u1_0.username 
    from
        users u1_0 
    where
        u1_0.id=?
2026-05-05 03:26:59 [http-nio-8080-exec-7] DEBUG org.hibernate.SQL - 
    /* <criteria> */ select
        u1_0.id,
        u1_0.avatar,
        u1_0.created_at,
        u1_0.email,
        u1_0.password,
        u1_0.phone,
        u1_0.real_name,
        u1_0.role,
        u1_0.status,
        u1_0.updated_at,
        u1_0.username 
    from
        users u1_0 
    where
        u1_0.username=?
2026-05-05 03:26:59 [http-nio-8080-exec-7] WARN  c.e.b.config.GlobalExceptionHandler - [AccessDenied] /api/students/me/courses - Access Denied
2026-05-05 03:27:03 [http-nio-8080-exec-10] DEBUG org.hibernate.SQL - 
    /* <criteria> */ select
        u1_0.id,
        u1_0.avatar,
        u1_0.created_at,
        u1_0.email,
        u1_0.password,
        u1_0.phone,
        u1_0.real_name,
        u1_0.role,
        u1_0.status,
        u1_0.updated_at,
        u1_0.username 
    from
        users u1_0 
    where
        u1_0.username=?
2026-05-05 03:27:03 [http-nio-8080-exec-10] WARN  c.e.b.config.GlobalExceptionHandler - [AccessDenied] /api/students/me/courses - Access Denied
2026-05-05 03:27:07 [http-nio-8080-exec-8] DEBUG org.hibernate.SQL - 
    /* <criteria> */ select
        u1_0.id,
        u1_0.avatar,
        u1_0.created_at,
        u1_0.email,
        u1_0.password,
        u1_0.phone,
        u1_0.real_name,
        u1_0.role,
        u1_0.status,
        u1_0.updated_at,
        u1_0.username 
    from
        users u1_0 
    where
        u1_0.username=?
2026-05-05 03:27:07 [http-nio-8080-exec-8] DEBUG org.hibernate.SQL - 
    /* <criteria> */ select
        c1_0.id,
        c1_0.capacity,
        c1_0.category,
        c1_0.created_at,
        c1_0.description,
        c1_0.duration,
        c1_0.enrolled_count,
        c1_0.image,
        c1_0.level,
        c1_0.name,
        c1_0.price,
        c1_0.status,
        c1_0.teacher_id,
        c1_0.updated_at 
    from
        courses c1_0 
    where
        c1_0.status=? 
    limit
        ?, ?
2026-05-05 03:27:07 [http-nio-8080-exec-8] DEBUG org.hibernate.SQL - 
    select
        t1_0.id,
        t1_0.avatar,
        t1_0.bio,
        t1_0.created_at,
        t1_0.email,
        t1_0.experience,
        t1_0.name,
        t1_0.phone,
        t1_0.status,
        t1_0.subjects,
        t1_0.updated_at,
        t1_0.user_id 
    from
        teachers t1_0 
    where
        t1_0.id=?
2026-05-05 03:27:07 [http-nio-8080-exec-8] DEBUG org.hibernate.SQL - 
    select
        t1_0.id,
        t1_0.avatar,
        t1_0.bio,
        t1_0.created_at,
        t1_0.email,
        t1_0.experience,
        t1_0.name,
        t1_0.phone,
        t1_0.status,
        t1_0.subjects,
        t1_0.updated_at,
        t1_0.user_id 
    from
        teachers t1_0 
    where
        t1_0.id=?
2026-05-05 03:27:07 [http-nio-8080-exec-9] DEBUG org.hibernate.SQL - 
    /* <criteria> */ select
        u1_0.id,
        u1_0.avatar,
        u1_0.created_at,
        u1_0.email,
        u1_0.password,
        u1_0.phone,
        u1_0.real_name,
        u1_0.role,
        u1_0.status,
        u1_0.updated_at,
        u1_0.username 
    from
        users u1_0 
    where
        u1_0.username=?
2026-05-05 03:27:08 [http-nio-8080-exec-9] WARN  c.e.b.config.GlobalExceptionHandler - [AccessDenied] /api/students/me/courses - Access Denied
2026-05-05 03:27:18 [http-nio-8080-exec-5] DEBUG org.hibernate.SQL - 
    /* <criteria> */ select
        u1_0.id,
        u1_0.avatar,
        u1_0.created_at,
        u1_0.email,
        u1_0.password,
        u1_0.phone,
        u1_0.real_name,
        u1_0.role,
        u1_0.status,
        u1_0.updated_at,
        u1_0.username 
    from
        users u1_0 
    where
        u1_0.username=?
2026-05-05 03:27:18 [http-nio-8080-exec-5] DEBUG org.hibernate.SQL - 
    /* <criteria> */ select
        c1_0.id,
        c1_0.capacity,
        c1_0.category,
        c1_0.created_at,
        c1_0.description,
        c1_0.duration,
        c1_0.enrolled_count,
        c1_0.image,
        c1_0.level,
        c1_0.name,
        c1_0.price,
        c1_0.status,
        c1_0.teacher_id,
        c1_0.updated_at 
    from
        courses c1_0 
    where
        c1_0.status=? 
    limit
        ?, ?
2026-05-05 03:27:18 [http-nio-8080-exec-5] DEBUG org.hibernate.SQL - 
    select
        t1_0.id,
        t1_0.avatar,
        t1_0.bio,
        t1_0.created_at,
        t1_0.email,
        t1_0.experience,
        t1_0.name,
        t1_0.phone,
        t1_0.status,
        t1_0.subjects,
        t1_0.updated_at,
        t1_0.user_id 
    from
        teachers t1_0 
    where
        t1_0.id=?
2026-05-05 03:27:18 [http-nio-8080-exec-5] DEBUG org.hibernate.SQL - 
    select
        t1_0.id,
        t1_0.avatar,
        t1_0.bio,
        t1_0.created_at,
        t1_0.email,
        t1_0.experience,
        t1_0.name,
        t1_0.phone,
        t1_0.status,
        t1_0.subjects,
        t1_0.updated_at,
        t1_0.user_id 
    from
        teachers t1_0 
    where
        t1_0.id=?
2026-05-05 03:27:20 [http-nio-8080-exec-1] DEBUG org.hibernate.SQL - 
    /* <criteria> */ select
        u1_0.id,
        u1_0.avatar,
        u1_0.created_at,
        u1_0.email,
        u1_0.password,
        u1_0.phone,
        u1_0.real_name,
        u1_0.role,
        u1_0.status,
        u1_0.updated_at,
        u1_0.username 
    from
        users u1_0 
    where
        u1_0.username=?
2026-05-05 03:27:20 [http-nio-8080-exec-1] WARN  c.e.b.config.GlobalExceptionHandler - [AccessDenied] /api/students/me/courses - Access Denied
2026-05-05 03:27:24 [http-nio-8080-exec-2] DEBUG org.hibernate.SQL - 
    /* <criteria> */ select
        u1_0.id,
        u1_0.avatar,
        u1_0.created_at,
        u1_0.email,
        u1_0.password,
        u1_0.phone,
        u1_0.real_name,
        u1_0.role,
        u1_0.status,
        u1_0.updated_at,
        u1_0.username 
    from
        users u1_0 
    where
        u1_0.username=?
2026-05-05 03:27:24 [http-nio-8080-exec-4] DEBUG org.hibernate.SQL - 
    /* <criteria> */ select
        u1_0.id,
        u1_0.avatar,
        u1_0.created_at,
        u1_0.email,
        u1_0.password,
        u1_0.phone,
        u1_0.real_name,
        u1_0.role,
        u1_0.status,
        u1_0.updated_at,
        u1_0.username 
    from
        users u1_0 
    where
        u1_0.username=?
2026-05-05 03:27:24 [http-nio-8080-exec-2] WARN  c.e.b.config.GlobalExceptionHandler - [AccessDenied] /api/finance/my/bills - Access Denied
2026-05-05 03:27:24 [http-nio-8080-exec-4] WARN  c.e.b.config.GlobalExceptionHandler - [AccessDenied] /api/finance/my/payments - Access Denied
2026-05-05 03:30:05 [http-nio-8080-exec-9] DEBUG org.hibernate.SQL - 
    /* <criteria> */ select
        u1_0.id,
        u1_0.avatar,
        u1_0.created_at,
        u1_0.email,
        u1_0.password,
        u1_0.phone,
        u1_0.real_name,
        u1_0.role,
        u1_0.status,
        u1_0.updated_at,
        u1_0.username 
    from
        users u1_0 
    where
        u1_0.username=?
2026-05-05 03:30:05 [http-nio-8080-exec-5] DEBUG org.hibernate.SQL - 
    /* <criteria> */ select
        u1_0.id,
        u1_0.avatar,
        u1_0.created_at,
        u1_0.email,
        u1_0.password,
        u1_0.phone,
        u1_0.real_name,
        u1_0.role,
        u1_0.status,
        u1_0.updated_at,
        u1_0.username 
    from
        users u1_0 
    where
        u1_0.username=?
2026-05-05 03:30:05 [http-nio-8080-exec-9] DEBUG org.hibernate.SQL - 
    /* <criteria> */ select
        p1_0.id,
        p1_0.amount,
        p1_0.created_at,
        p1_0.enrollment_id,
        p1_0.payment_method,
        p1_0.payment_time,
        p1_0.status,
        p1_0.transaction_id,
        p1_0.updated_at 
    from
        payments p1_0 
    limit
        ?, ?
2026-05-05 03:30:05 [http-nio-8080-exec-5] DEBUG org.hibernate.SQL - 
    /* <criteria> */ select
        b1_0.id,
        b1_0.amount,
        b1_0.bill_type,
        b1_0.created_at,
        b1_0.description,
        b1_0.due_date,
        b1_0.payment_id,
        b1_0.status,
        b1_0.student_id,
        b1_0.updated_at 
    from
        bills b1_0 
    limit
        ?, ?
2026-05-05 03:31:18 [http-nio-8080-exec-8] DEBUG org.hibernate.SQL - 
    /* <criteria> */ select
        u1_0.id,
        u1_0.avatar,
        u1_0.created_at,
        u1_0.email,
        u1_0.password,
        u1_0.phone,
        u1_0.real_name,
        u1_0.role,
        u1_0.status,
        u1_0.updated_at,
        u1_0.username 
    from
        users u1_0 
    where
        u1_0.username=?
2026-05-05 03:31:18 [http-nio-8080-exec-8] DEBUG org.hibernate.SQL - 
    select
        u1_0.id,
        u1_0.avatar,
        u1_0.created_at,
        u1_0.email,
        u1_0.password,
        u1_0.phone,
        u1_0.real_name,
        u1_0.role,
        u1_0.status,
        u1_0.updated_at,
        u1_0.username 
    from
        users u1_0 
    where
        u1_0.id=?
2026-05-05 03:31:18 [http-nio-8080-exec-3] DEBUG org.hibernate.SQL - 
    /* <criteria> */ select
        u1_0.id,
        u1_0.avatar,
        u1_0.created_at,
        u1_0.email,
        u1_0.password,
        u1_0.phone,
        u1_0.real_name,
        u1_0.role,
        u1_0.status,
        u1_0.updated_at,
        u1_0.username 
    from
        users u1_0 
    where
        u1_0.username=?
2026-05-05 03:31:18 [http-nio-8080-exec-10] DEBUG org.hibernate.SQL - 
    /* <criteria> */ select
        u1_0.id,
        u1_0.avatar,
        u1_0.created_at,
        u1_0.email,
        u1_0.password,
        u1_0.phone,
        u1_0.real_name,
        u1_0.role,
        u1_0.status,
        u1_0.updated_at,
        u1_0.username 
    from
        users u1_0 
    where
        u1_0.username=?
2026-05-05 03:31:18 [http-nio-8080-exec-3] DEBUG org.hibernate.SQL - 
    /* <criteria> */ select
        b1_0.id,
        b1_0.amount,
        b1_0.bill_type,
        b1_0.created_at,
        b1_0.description,
        b1_0.due_date,
        b1_0.payment_id,
        b1_0.status,
        b1_0.student_id,
        b1_0.updated_at 
    from
        bills b1_0 
    limit
        ?, ?
2026-05-05 03:31:18 [http-nio-8080-exec-10] DEBUG org.hibernate.SQL - 
    /* <criteria> */ select
        p1_0.id,
        p1_0.amount,
        p1_0.created_at,
        p1_0.enrollment_id,
        p1_0.payment_method,
        p1_0.payment_time,
        p1_0.status,
        p1_0.transaction_id,
        p1_0.updated_at 
    from
        payments p1_0 
    limit
        ?, ?
2026-05-05 03:31:23 [SpringApplicationShutdownHook] INFO  o.s.o.j.LocalContainerEntityManagerFactoryBean - Closing JPA EntityManagerFactory for persistence unit 'default'
2026-05-05 03:31:23 [SpringApplicationShutdownHook] INFO  com.zaxxer.hikari.HikariDataSource - HikariPool-1 - Shutdown initiated...
2026-05-05 03:31:23 [SpringApplicationShutdownHook] INFO  com.zaxxer.hikari.HikariDataSource - HikariPool-1 - Shutdown completed.
2026-05-05 03:31:29 [main] INFO  c.example.backend.BackendApplication - Starting BackendApplication using Java 22.0.2 with PID 31368 (C:\Users\YunH\Desktop\街舞系统\backend\target\classes started by YunH in C:\Users\YunH\Desktop\街舞系统)
2026-05-05 03:31:29 [main] DEBUG c.example.backend.BackendApplication - Running with Spring Boot v3.2.4, Spring v6.1.5
2026-05-05 03:31:29 [main] INFO  c.example.backend.BackendApplication - No active profile set, falling back to 1 default profile: "default"
2026-05-05 03:31:30 [main] INFO  o.s.d.r.c.RepositoryConfigurationDelegate - Bootstrapping Spring Data JPA repositories in DEFAULT mode.
2026-05-05 03:31:30 [main] INFO  o.s.d.r.c.RepositoryConfigurationDelegate - Finished Spring Data repository scanning in 67 ms. Found 10 JPA repository interfaces.
2026-05-05 03:31:30 [main] INFO  o.s.b.w.e.tomcat.TomcatWebServer - Tomcat initialized with port 8080 (http)
2026-05-05 03:31:30 [main] INFO  o.a.catalina.core.StandardService - Starting service [Tomcat]
2026-05-05 03:31:30 [main] INFO  o.a.catalina.core.StandardEngine - Starting Servlet engine: [Apache Tomcat/10.1.19]
2026-05-05 03:31:30 [main] INFO  o.a.c.c.C.[Tomcat].[localhost].[/] - Initializing Spring embedded WebApplicationContext
2026-05-05 03:31:30 [main] INFO  o.s.b.w.s.c.ServletWebServerApplicationContext - Root WebApplicationContext: initialization completed in 1116 ms
2026-05-05 03:31:30 [main] INFO  com.zaxxer.hikari.HikariDataSource - HikariPool-1 - Starting...
2026-05-05 03:31:30 [main] INFO  com.zaxxer.hikari.pool.HikariPool - HikariPool-1 - Added connection com.mysql.cj.jdbc.ConnectionImpl@6b867ee7
2026-05-05 03:31:30 [main] INFO  com.zaxxer.hikari.HikariDataSource - HikariPool-1 - Start completed.
2026-05-05 03:31:30 [main] INFO  o.h.jpa.internal.util.LogHelper - HHH000204: Processing PersistenceUnitInfo [name: default]
2026-05-05 03:31:31 [main] INFO  org.hibernate.Version - HHH000412: Hibernate ORM core version 6.4.4.Final
2026-05-05 03:31:31 [main] INFO  o.h.c.i.RegionFactoryInitiator - HHH000026: Second-level cache disabled
2026-05-05 03:31:31 [main] INFO  o.s.o.j.p.SpringPersistenceUnitInfo - No LoadTimeWeaver setup: ignoring JPA class transformer
2026-05-05 03:31:31 [main] WARN  org.hibernate.dialect.Dialect - HHH000511: The 5.5.0 version for [org.hibernate.dialect.MySQLDialect] is no longer supported, hence certain features may not work properly. The minimum supported version is 8.0.0. Check the community dialects project for available legacy versions.
2026-05-05 03:31:31 [main] WARN  org.hibernate.orm.deprecation - HHH90000025: MySQLDialect does not need to be specified explicitly using 'hibernate.dialect' (remove the property setting and it will be selected by default)
2026-05-05 03:31:32 [main] INFO  o.h.e.t.j.p.i.JtaPlatformInitiator - HHH000489: No JTA platform available (set 'hibernate.transaction.jta.platform' to enable JTA platform integration)
2026-05-05 03:31:32 [main] INFO  o.s.o.j.LocalContainerEntityManagerFactoryBean - Initialized JPA EntityManagerFactory for persistence unit 'default'
2026-05-05 03:31:33 [main] DEBUG c.e.b.s.JwtAuthenticationFilter - Filter 'jwtAuthenticationFilter' configured for use
2026-05-05 03:31:33 [main] INFO  o.s.d.j.r.query.QueryEnhancerFactory - Hibernate is in classpath; If applicable, HQL parser will be used.
2026-05-05 03:31:33 [main] INFO  c.e.b.service.FileUploadService - 文件上传目录: C:\Users\YunH\Desktop\街舞系统\upload
2026-05-05 03:31:33 [main] INFO  c.e.b.service.FileUploadService - 上传目录创建成功
2026-05-05 03:31:33 [main] WARN  o.s.b.a.o.j.JpaBaseConfiguration$JpaWebConfiguration - spring.jpa.open-in-view is enabled by default. Therefore, database queries may be performed during view rendering. Explicitly configure spring.jpa.open-in-view to disable this warning
2026-05-05 03:31:34 [main] INFO  o.s.s.web.DefaultSecurityFilterChain - Will secure any request with [org.springframework.security.web.session.DisableEncodeUrlFilter@7e915daa, org.springframework.security.web.context.request.async.WebAsyncManagerIntegrationFilter@10e85525, org.springframework.security.web.context.SecurityContextHolderFilter@143f4d52, org.springframework.security.web.header.HeaderWriterFilter@7497471b, org.springframework.web.filter.CorsFilter@69bb8812, org.springframework.security.web.authentication.logout.LogoutFilter@eeb2e0c, com.example.backend.security.JwtAuthenticationFilter@5e572b08, org.springframework.security.web.savedrequest.RequestCacheAwareFilter@226e4e59, org.springframework.security.web.servletapi.SecurityContextHolderAwareRequestFilter@79bcaf78, org.springframework.security.web.authentication.AnonymousAuthenticationFilter@6a670dcc, org.springframework.security.web.session.SessionManagementFilter@40f7a2e9, org.springframework.security.web.access.ExceptionTranslationFilter@64d11323, org.springframework.security.web.access.intercept.AuthorizationFilter@4155e85d]
2026-05-05 03:31:34 [main] INFO  o.s.b.w.e.tomcat.TomcatWebServer - Tomcat started on port 8080 (http) with context path ''
2026-05-05 03:31:34 [main] INFO  c.example.backend.BackendApplication - Started BackendApplication in 5.21 seconds (process running for 5.753)
2026-05-05 03:32:07 [http-nio-8080-exec-1] INFO  o.a.c.c.C.[Tomcat].[localhost].[/] - Initializing Spring DispatcherServlet 'dispatcherServlet'
2026-05-05 03:32:07 [http-nio-8080-exec-1] INFO  o.s.web.servlet.DispatcherServlet - Initializing Servlet 'dispatcherServlet'
2026-05-05 03:32:07 [http-nio-8080-exec-1] INFO  o.s.web.servlet.DispatcherServlet - Completed initialization in 0 ms
2026-05-05 03:32:07 [http-nio-8080-exec-1] DEBUG org.hibernate.SQL - 
    /* <criteria> */ select
        u1_0.id,
        u1_0.avatar,
        u1_0.created_at,
        u1_0.email,
        u1_0.password,
        u1_0.phone,
        u1_0.real_name,
        u1_0.role,
        u1_0.status,
        u1_0.updated_at,
        u1_0.username 
    from
        users u1_0 
    where
        u1_0.username=?
2026-05-05 03:32:07 [http-nio-8080-exec-1] DEBUG org.hibernate.SQL - 
    /* <criteria> */ select
        c1_0.id,
        c1_0.capacity,
        c1_0.category,
        c1_0.created_at,
        c1_0.description,
        c1_0.duration,
        c1_0.enrolled_count,
        c1_0.image,
        c1_0.level,
        c1_0.name,
        c1_0.price,
        c1_0.status,
        c1_0.teacher_id,
        c1_0.updated_at 
    from
        courses c1_0 
    left join
        teachers t1_0 
            on t1_0.id=c1_0.teacher_id 
    where
        t1_0.id=?
2026-05-05 03:32:22 [http-nio-8080-exec-5] DEBUG org.hibernate.SQL - 
    /* <criteria> */ select
        u1_0.id,
        u1_0.avatar,
        u1_0.created_at,
        u1_0.email,
        u1_0.password,
        u1_0.phone,
        u1_0.real_name,
        u1_0.role,
        u1_0.status,
        u1_0.updated_at,
        u1_0.username 
    from
        users u1_0 
    where
        u1_0.username=?
2026-05-05 03:32:22 [http-nio-8080-exec-5] DEBUG org.hibernate.SQL - 
    /* <criteria> */ select
        s1_0.id,
        s1_0.avatar,
        s1_0.birth_date,
        s1_0.created_at,
        s1_0.email,
        s1_0.emergency_contact,
        s1_0.emergency_phone,
        s1_0.gender,
        s1_0.name,
        s1_0.phone,
        s1_0.status,
        s1_0.updated_at,
        s1_0.user_id 
    from
        students s1_0 
    left join
        users u1_0 
            on u1_0.id=s1_0.user_id 
    where
        u1_0.id=?
2026-05-05 03:32:22 [http-nio-8080-exec-5] DEBUG org.hibernate.SQL - 
    select
        u1_0.id,
        u1_0.avatar,
        u1_0.created_at,
        u1_0.email,
        u1_0.password,
        u1_0.phone,
        u1_0.real_name,
        u1_0.role,
        u1_0.status,
        u1_0.updated_at,
        u1_0.username 
    from
        users u1_0 
    where
        u1_0.id=?
2026-05-05 03:32:22 [http-nio-8080-exec-5] WARN  c.e.b.config.GlobalExceptionHandler - [ResourceNotFoundException] /api/students/me/courses - 学员 不存在: userId = '1'
2026-05-05 03:32:29 [http-nio-8080-exec-3] DEBUG org.hibernate.SQL - 
    /* <criteria> */ select
        u1_0.id,
        u1_0.avatar,
        u1_0.created_at,
        u1_0.email,
        u1_0.password,
        u1_0.phone,
        u1_0.real_name,
        u1_0.role,
        u1_0.status,
        u1_0.updated_at,
        u1_0.username 
    from
        users u1_0 
    where
        u1_0.username=?
2026-05-05 03:32:29 [http-nio-8080-exec-3] DEBUG org.hibernate.SQL - 
    /* <criteria> */ select
        c1_0.id,
        c1_0.capacity,
        c1_0.category,
        c1_0.created_at,
        c1_0.description,
        c1_0.duration,
        c1_0.enrolled_count,
        c1_0.image,
        c1_0.level,
        c1_0.name,
        c1_0.price,
        c1_0.status,
        c1_0.teacher_id,
        c1_0.updated_at 
    from
        courses c1_0 
    where
        c1_0.status=? 
    limit
        ?, ?
2026-05-05 03:32:29 [http-nio-8080-exec-3] DEBUG org.hibernate.SQL - 
    select
        t1_0.id,
        t1_0.avatar,
        t1_0.bio,
        t1_0.created_at,
        t1_0.email,
        t1_0.experience,
        t1_0.name,
        t1_0.phone,
        t1_0.status,
        t1_0.subjects,
        t1_0.updated_at,
        t1_0.user_id 
    from
        teachers t1_0 
    where
        t1_0.id=?
2026-05-05 03:32:29 [http-nio-8080-exec-3] DEBUG org.hibernate.SQL - 
    select
        t1_0.id,
        t1_0.avatar,
        t1_0.bio,
        t1_0.created_at,
        t1_0.email,
        t1_0.experience,
        t1_0.name,
        t1_0.phone,
        t1_0.status,
        t1_0.subjects,
        t1_0.updated_at,
        t1_0.user_id 
    from
        teachers t1_0 
    where
        t1_0.id=?
2026-05-05 03:32:30 [http-nio-8080-exec-9] DEBUG org.hibernate.SQL - 
    /* <criteria> */ select
        u1_0.id,
        u1_0.avatar,
        u1_0.created_at,
        u1_0.email,
        u1_0.password,
        u1_0.phone,
        u1_0.real_name,
        u1_0.role,
        u1_0.status,
        u1_0.updated_at,
        u1_0.username 
    from
        users u1_0 
    where
        u1_0.username=?
2026-05-05 03:32:30 [http-nio-8080-exec-9] DEBUG org.hibernate.SQL - 
    /* <criteria> */ select
        s1_0.id,
        s1_0.avatar,
        s1_0.birth_date,
        s1_0.created_at,
        s1_0.email,
        s1_0.emergency_contact,
        s1_0.emergency_phone,
        s1_0.gender,
        s1_0.name,
        s1_0.phone,
        s1_0.status,
        s1_0.updated_at,
        s1_0.user_id 
    from
        students s1_0 
    left join
        users u1_0 
            on u1_0.id=s1_0.user_id 
    where
        u1_0.id=?
2026-05-05 03:32:30 [http-nio-8080-exec-9] DEBUG org.hibernate.SQL - 
    select
        u1_0.id,
        u1_0.avatar,
        u1_0.created_at,
        u1_0.email,
        u1_0.password,
        u1_0.phone,
        u1_0.real_name,
        u1_0.role,
        u1_0.status,
        u1_0.updated_at,
        u1_0.username 
    from
        users u1_0 
    where
        u1_0.id=?
2026-05-05 03:32:30 [http-nio-8080-exec-9] WARN  c.e.b.config.GlobalExceptionHandler - [ResourceNotFoundException] /api/students/me/courses - 学员 不存在: userId = '1'
2026-05-05 03:32:36 [http-nio-8080-exec-10] DEBUG org.hibernate.SQL - 
    /* <criteria> */ select
        u1_0.id,
        u1_0.avatar,
        u1_0.created_at,
        u1_0.email,
        u1_0.password,
        u1_0.phone,
        u1_0.real_name,
        u1_0.role,
        u1_0.status,
        u1_0.updated_at,
        u1_0.username 
    from
        users u1_0 
    where
        u1_0.username=?
2026-05-05 03:32:36 [http-nio-8080-exec-10] DEBUG org.hibernate.SQL - 
    /* <criteria> */ select
        c1_0.id,
        c1_0.capacity,
        c1_0.category,
        c1_0.created_at,
        c1_0.description,
        c1_0.duration,
        c1_0.enrolled_count,
        c1_0.image,
        c1_0.level,
        c1_0.name,
        c1_0.price,
        c1_0.status,
        c1_0.teacher_id,
        c1_0.updated_at 
    from
        courses c1_0 
    where
        c1_0.status=? 
    limit
        ?, ?
2026-05-05 03:32:36 [http-nio-8080-exec-10] DEBUG org.hibernate.SQL - 
    select
        t1_0.id,
        t1_0.avatar,
        t1_0.bio,
        t1_0.created_at,
        t1_0.email,
        t1_0.experience,
        t1_0.name,
        t1_0.phone,
        t1_0.status,
        t1_0.subjects,
        t1_0.updated_at,
        t1_0.user_id 
    from
        teachers t1_0 
    where
        t1_0.id=?
2026-05-05 03:32:36 [http-nio-8080-exec-10] DEBUG org.hibernate.SQL - 
    select
        t1_0.id,
        t1_0.avatar,
        t1_0.bio,
        t1_0.created_at,
        t1_0.email,
        t1_0.experience,
        t1_0.name,
        t1_0.phone,
        t1_0.status,
        t1_0.subjects,
        t1_0.updated_at,
        t1_0.user_id 
    from
        teachers t1_0 
    where
        t1_0.id=?
2026-05-05 03:32:37 [http-nio-8080-exec-8] DEBUG org.hibernate.SQL - 
    /* <criteria> */ select
        u1_0.id,
        u1_0.avatar,
        u1_0.created_at,
        u1_0.email,
        u1_0.password,
        u1_0.phone,
        u1_0.real_name,
        u1_0.role,
        u1_0.status,
        u1_0.updated_at,
        u1_0.username 
    from
        users u1_0 
    where
        u1_0.username=?
2026-05-05 03:32:37 [http-nio-8080-exec-8] DEBUG org.hibernate.SQL - 
    /* <criteria> */ select
        s1_0.id,
        s1_0.avatar,
        s1_0.birth_date,
        s1_0.created_at,
        s1_0.email,
        s1_0.emergency_contact,
        s1_0.emergency_phone,
        s1_0.gender,
        s1_0.name,
        s1_0.phone,
        s1_0.status,
        s1_0.updated_at,
        s1_0.user_id 
    from
        students s1_0 
    left join
        users u1_0 
            on u1_0.id=s1_0.user_id 
    where
        u1_0.id=?
2026-05-05 03:32:37 [http-nio-8080-exec-8] DEBUG org.hibernate.SQL - 
    select
        u1_0.id,
        u1_0.avatar,
        u1_0.created_at,
        u1_0.email,
        u1_0.password,
        u1_0.phone,
        u1_0.real_name,
        u1_0.role,
        u1_0.status,
        u1_0.updated_at,
        u1_0.username 
    from
        users u1_0 
    where
        u1_0.id=?
2026-05-05 03:32:37 [http-nio-8080-exec-8] WARN  c.e.b.config.GlobalExceptionHandler - [ResourceNotFoundException] /api/students/me/courses - 学员 不存在: userId = '1'
2026-05-05 03:32:39 [http-nio-8080-exec-7] DEBUG org.hibernate.SQL - 
    /* <criteria> */ select
        u1_0.id,
        u1_0.avatar,
        u1_0.created_at,
        u1_0.email,
        u1_0.password,
        u1_0.phone,
        u1_0.real_name,
        u1_0.role,
        u1_0.status,
        u1_0.updated_at,
        u1_0.username 
    from
        users u1_0 
    where
        u1_0.username=?
2026-05-05 03:32:39 [http-nio-8080-exec-2] DEBUG org.hibernate.SQL - 
    /* <criteria> */ select
        u1_0.id,
        u1_0.avatar,
        u1_0.created_at,
        u1_0.email,
        u1_0.password,
        u1_0.phone,
        u1_0.real_name,
        u1_0.role,
        u1_0.status,
        u1_0.updated_at,
        u1_0.username 
    from
        users u1_0 
    where
        u1_0.username=?
2026-05-05 03:32:39 [http-nio-8080-exec-7] DEBUG org.hibernate.SQL - 
    /* <criteria> */ select
        b1_0.id,
        b1_0.amount,
        b1_0.bill_type,
        b1_0.created_at,
        b1_0.description,
        b1_0.due_date,
        b1_0.payment_id,
        b1_0.status,
        b1_0.student_id,
        b1_0.updated_at 
    from
        bills b1_0 
    limit
        ?, ?
2026-05-05 03:32:39 [http-nio-8080-exec-2] DEBUG org.hibernate.SQL - 
    /* <criteria> */ select
        p1_0.id,
        p1_0.amount,
        p1_0.created_at,
        p1_0.enrollment_id,
        p1_0.payment_method,
        p1_0.payment_time,
        p1_0.status,
        p1_0.transaction_id,
        p1_0.updated_at 
    from
        payments p1_0 
    limit
        ?, ?
2026-05-05 03:32:43 [http-nio-8080-exec-9] DEBUG org.hibernate.SQL - 
    /* <criteria> */ select
        u1_0.id,
        u1_0.avatar,
        u1_0.created_at,
        u1_0.email,
        u1_0.password,
        u1_0.phone,
        u1_0.real_name,
        u1_0.role,
        u1_0.status,
        u1_0.updated_at,
        u1_0.username 
    from
        users u1_0 
    where
        u1_0.username=?
2026-05-05 03:32:43 [http-nio-8080-exec-9] DEBUG org.hibernate.SQL - 
    select
        u1_0.id,
        u1_0.avatar,
        u1_0.created_at,
        u1_0.email,
        u1_0.password,
        u1_0.phone,
        u1_0.real_name,
        u1_0.role,
        u1_0.status,
        u1_0.updated_at,
        u1_0.username 
    from
        users u1_0 
    where
        u1_0.id=?
2026-05-05 03:33:29 [SpringApplicationShutdownHook] INFO  o.s.o.j.LocalContainerEntityManagerFactoryBean - Closing JPA EntityManagerFactory for persistence unit 'default'
2026-05-05 03:33:29 [SpringApplicationShutdownHook] INFO  com.zaxxer.hikari.HikariDataSource - HikariPool-1 - Shutdown initiated...
2026-05-05 03:33:29 [SpringApplicationShutdownHook] INFO  com.zaxxer.hikari.HikariDataSource - HikariPool-1 - Shutdown completed.
2026-05-05 03:33:33 [main] INFO  c.example.backend.BackendApplication - Starting BackendApplication using Java 22.0.2 with PID 20056 (C:\Users\YunH\Desktop\街舞系统\backend\target\classes started by YunH in C:\Users\YunH\Desktop\街舞系统)
2026-05-05 03:33:33 [main] DEBUG c.example.backend.BackendApplication - Running with Spring Boot v3.2.4, Spring v6.1.5
2026-05-05 03:33:33 [main] INFO  c.example.backend.BackendApplication - No active profile set, falling back to 1 default profile: "default"
2026-05-05 03:33:34 [main] INFO  o.s.d.r.c.RepositoryConfigurationDelegate - Bootstrapping Spring Data JPA repositories in DEFAULT mode.
2026-05-05 03:33:34 [main] INFO  o.s.d.r.c.RepositoryConfigurationDelegate - Finished Spring Data repository scanning in 52 ms. Found 10 JPA repository interfaces.
2026-05-05 03:33:34 [main] INFO  o.s.b.w.e.tomcat.TomcatWebServer - Tomcat initialized with port 8080 (http)
2026-05-05 03:33:34 [main] INFO  o.a.catalina.core.StandardService - Starting service [Tomcat]
2026-05-05 03:33:34 [main] INFO  o.a.catalina.core.StandardEngine - Starting Servlet engine: [Apache Tomcat/10.1.19]
2026-05-05 03:33:34 [main] INFO  o.a.c.c.C.[Tomcat].[localhost].[/] - Initializing Spring embedded WebApplicationContext
2026-05-05 03:33:34 [main] INFO  o.s.b.w.s.c.ServletWebServerApplicationContext - Root WebApplicationContext: initialization completed in 1052 ms
2026-05-05 03:33:34 [main] INFO  com.zaxxer.hikari.HikariDataSource - HikariPool-1 - Starting...
2026-05-05 03:33:34 [main] INFO  com.zaxxer.hikari.pool.HikariPool - HikariPool-1 - Added connection com.mysql.cj.jdbc.ConnectionImpl@28768e25
2026-05-05 03:33:34 [main] INFO  com.zaxxer.hikari.HikariDataSource - HikariPool-1 - Start completed.
2026-05-05 03:33:35 [main] INFO  o.h.jpa.internal.util.LogHelper - HHH000204: Processing PersistenceUnitInfo [name: default]
2026-05-05 03:33:35 [main] INFO  org.hibernate.Version - HHH000412: Hibernate ORM core version 6.4.4.Final
2026-05-05 03:33:35 [main] INFO  o.h.c.i.RegionFactoryInitiator - HHH000026: Second-level cache disabled
2026-05-05 03:33:35 [main] INFO  o.s.o.j.p.SpringPersistenceUnitInfo - No LoadTimeWeaver setup: ignoring JPA class transformer
2026-05-05 03:33:35 [main] WARN  org.hibernate.dialect.Dialect - HHH000511: The 5.5.0 version for [org.hibernate.dialect.MySQLDialect] is no longer supported, hence certain features may not work properly. The minimum supported version is 8.0.0. Check the community dialects project for available legacy versions.
2026-05-05 03:33:35 [main] WARN  org.hibernate.orm.deprecation - HHH90000025: MySQLDialect does not need to be specified explicitly using 'hibernate.dialect' (remove the property setting and it will be selected by default)
2026-05-05 03:33:36 [main] INFO  o.h.e.t.j.p.i.JtaPlatformInitiator - HHH000489: No JTA platform available (set 'hibernate.transaction.jta.platform' to enable JTA platform integration)
2026-05-05 03:33:36 [main] INFO  o.s.o.j.LocalContainerEntityManagerFactoryBean - Initialized JPA EntityManagerFactory for persistence unit 'default'
2026-05-05 03:33:37 [main] DEBUG c.e.b.s.JwtAuthenticationFilter - Filter 'jwtAuthenticationFilter' configured for use
2026-05-05 03:33:37 [main] INFO  o.s.d.j.r.query.QueryEnhancerFactory - Hibernate is in classpath; If applicable, HQL parser will be used.
2026-05-05 03:33:37 [main] INFO  c.e.b.service.FileUploadService - 文件上传目录: C:\Users\YunH\Desktop\街舞系统\upload
2026-05-05 03:33:37 [main] INFO  c.e.b.service.FileUploadService - 上传目录创建成功
2026-05-05 03:33:37 [main] WARN  o.s.b.a.o.j.JpaBaseConfiguration$JpaWebConfiguration - spring.jpa.open-in-view is enabled by default. Therefore, database queries may be performed during view rendering. Explicitly configure spring.jpa.open-in-view to disable this warning
2026-05-05 03:33:38 [main] INFO  o.s.s.web.DefaultSecurityFilterChain - Will secure any request with [org.springframework.security.web.session.DisableEncodeUrlFilter@4cfc4eb2, org.springframework.security.web.context.request.async.WebAsyncManagerIntegrationFilter@79b2b427, org.springframework.security.web.context.SecurityContextHolderFilter@6cf04303, org.springframework.security.web.header.HeaderWriterFilter@3f1e530c, org.springframework.web.filter.CorsFilter@2be9dfb0, org.springframework.security.web.authentication.logout.LogoutFilter@1532b1d, com.example.backend.security.JwtAuthenticationFilter@49c72fb7, org.springframework.security.web.savedrequest.RequestCacheAwareFilter@20677bc2, org.springframework.security.web.servletapi.SecurityContextHolderAwareRequestFilter@e888636, org.springframework.security.web.authentication.AnonymousAuthenticationFilter@4e6a75a3, org.springframework.security.web.session.SessionManagementFilter@226e4e59, org.springframework.security.web.access.ExceptionTranslationFilter@1ec2726f, org.springframework.security.web.access.intercept.AuthorizationFilter@69bb8812]
2026-05-05 03:33:38 [main] INFO  o.s.b.w.e.tomcat.TomcatWebServer - Tomcat started on port 8080 (http) with context path ''
2026-05-05 03:33:38 [main] INFO  c.example.backend.BackendApplication - Started BackendApplication in 5.121 seconds (process running for 5.681)
2026-05-05 03:35:26 [SpringApplicationShutdownHook] INFO  o.s.o.j.LocalContainerEntityManagerFactoryBean - Closing JPA EntityManagerFactory for persistence unit 'default'
2026-05-05 03:35:26 [SpringApplicationShutdownHook] INFO  com.zaxxer.hikari.HikariDataSource - HikariPool-1 - Shutdown initiated...
2026-05-05 03:35:26 [SpringApplicationShutdownHook] INFO  com.zaxxer.hikari.HikariDataSource - HikariPool-1 - Shutdown completed.
2026-05-05 03:35:28 [main] INFO  c.example.backend.BackendApplication - Starting BackendApplication using Java 22.0.2 with PID 31344 (C:\Users\YunH\Desktop\街舞系统\backend\target\classes started by YunH in C:\Users\YunH\Desktop\街舞系统)
2026-05-05 03:35:28 [main] DEBUG c.example.backend.BackendApplication - Running with Spring Boot v3.2.4, Spring v6.1.5
2026-05-05 03:35:28 [main] INFO  c.example.backend.BackendApplication - No active profile set, falling back to 1 default profile: "default"
2026-05-05 03:35:28 [main] INFO  o.s.d.r.c.RepositoryConfigurationDelegate - Bootstrapping Spring Data JPA repositories in DEFAULT mode.
2026-05-05 03:35:29 [main] INFO  o.s.d.r.c.RepositoryConfigurationDelegate - Finished Spring Data repository scanning in 60 ms. Found 10 JPA repository interfaces.
2026-05-05 03:35:29 [main] INFO  o.s.b.w.e.tomcat.TomcatWebServer - Tomcat initialized with port 8080 (http)
2026-05-05 03:35:29 [main] INFO  o.a.catalina.core.StandardService - Starting service [Tomcat]
2026-05-05 03:35:29 [main] INFO  o.a.catalina.core.StandardEngine - Starting Servlet engine: [Apache Tomcat/10.1.19]
2026-05-05 03:35:29 [main] INFO  o.a.c.c.C.[Tomcat].[localhost].[/] - Initializing Spring embedded WebApplicationContext
2026-05-05 03:35:29 [main] INFO  o.s.b.w.s.c.ServletWebServerApplicationContext - Root WebApplicationContext: initialization completed in 1033 ms
2026-05-05 03:35:29 [main] INFO  com.zaxxer.hikari.HikariDataSource - HikariPool-1 - Starting...
2026-05-05 03:35:29 [main] INFO  com.zaxxer.hikari.pool.HikariPool - HikariPool-1 - Added connection com.mysql.cj.jdbc.ConnectionImpl@5939e24
2026-05-05 03:35:29 [main] INFO  com.zaxxer.hikari.HikariDataSource - HikariPool-1 - Start completed.
2026-05-05 03:35:29 [main] INFO  o.h.jpa.internal.util.LogHelper - HHH000204: Processing PersistenceUnitInfo [name: default]
2026-05-05 03:35:29 [main] INFO  org.hibernate.Version - HHH000412: Hibernate ORM core version 6.4.4.Final
2026-05-05 03:35:29 [main] INFO  o.h.c.i.RegionFactoryInitiator - HHH000026: Second-level cache disabled
2026-05-05 03:35:30 [main] INFO  o.s.o.j.p.SpringPersistenceUnitInfo - No LoadTimeWeaver setup: ignoring JPA class transformer
2026-05-05 03:35:30 [main] WARN  org.hibernate.dialect.Dialect - HHH000511: The 5.5.0 version for [org.hibernate.dialect.MySQLDialect] is no longer supported, hence certain features may not work properly. The minimum supported version is 8.0.0. Check the community dialects project for available legacy versions.
2026-05-05 03:35:30 [main] WARN  org.hibernate.orm.deprecation - HHH90000025: MySQLDialect does not need to be specified explicitly using 'hibernate.dialect' (remove the property setting and it will be selected by default)
2026-05-05 03:35:30 [main] INFO  o.h.e.t.j.p.i.JtaPlatformInitiator - HHH000489: No JTA platform available (set 'hibernate.transaction.jta.platform' to enable JTA platform integration)
2026-05-05 03:35:31 [main] INFO  o.s.o.j.LocalContainerEntityManagerFactoryBean - Initialized JPA EntityManagerFactory for persistence unit 'default'
2026-05-05 03:35:31 [main] DEBUG c.e.b.s.JwtAuthenticationFilter - Filter 'jwtAuthenticationFilter' configured for use
2026-05-05 03:35:32 [main] INFO  o.s.d.j.r.query.QueryEnhancerFactory - Hibernate is in classpath; If applicable, HQL parser will be used.
2026-05-05 03:35:32 [main] INFO  c.e.b.service.FileUploadService - 文件上传目录: C:\Users\YunH\Desktop\街舞系统\upload
2026-05-05 03:35:32 [main] INFO  c.e.b.service.FileUploadService - 上传目录创建成功
2026-05-05 03:35:32 [main] WARN  o.s.b.a.o.j.JpaBaseConfiguration$JpaWebConfiguration - spring.jpa.open-in-view is enabled by default. Therefore, database queries may be performed during view rendering. Explicitly configure spring.jpa.open-in-view to disable this warning
2026-05-05 03:35:32 [main] INFO  o.s.s.web.DefaultSecurityFilterChain - Will secure any request with [org.springframework.security.web.session.DisableEncodeUrlFilter@16e2a7be, org.springframework.security.web.context.request.async.WebAsyncManagerIntegrationFilter@7e915daa, org.springframework.security.web.context.SecurityContextHolderFilter@346dec80, org.springframework.security.web.header.HeaderWriterFilter@2be71a78, org.springframework.web.filter.CorsFilter@10e85525, org.springframework.security.web.authentication.logout.LogoutFilter@445944ea, com.example.backend.security.JwtAuthenticationFilter@565983f3, org.springframework.security.web.savedrequest.RequestCacheAwareFilter@69a245d6, org.springframework.security.web.servletapi.SecurityContextHolderAwareRequestFilter@226e4e59, org.springframework.security.web.authentication.AnonymousAuthenticationFilter@69bb8812, org.springframework.security.web.session.SessionManagementFilter@745a951a, org.springframework.security.web.access.ExceptionTranslationFilter@382d820, org.springframework.security.web.access.intercept.AuthorizationFilter@59463bab]
2026-05-05 03:35:33 [main] INFO  o.s.b.w.e.tomcat.TomcatWebServer - Tomcat started on port 8080 (http) with context path ''
2026-05-05 03:35:33 [main] INFO  c.example.backend.BackendApplication - Started BackendApplication in 4.994 seconds (process running for 5.527)
2026-05-05 03:35:38 [http-nio-8080-exec-1] INFO  o.a.c.c.C.[Tomcat].[localhost].[/] - Initializing Spring DispatcherServlet 'dispatcherServlet'
2026-05-05 03:35:38 [http-nio-8080-exec-1] INFO  o.s.web.servlet.DispatcherServlet - Initializing Servlet 'dispatcherServlet'
2026-05-05 03:35:38 [http-nio-8080-exec-1] INFO  o.s.web.servlet.DispatcherServlet - Completed initialization in 0 ms
2026-05-05 03:35:38 [http-nio-8080-exec-1] DEBUG org.hibernate.SQL - 
    /* <criteria> */ select
        u1_0.id,
        u1_0.avatar,
        u1_0.created_at,
        u1_0.email,
        u1_0.password,
        u1_0.phone,
        u1_0.real_name,
        u1_0.role,
        u1_0.status,
        u1_0.updated_at,
        u1_0.username 
    from
        users u1_0 
    where
        u1_0.username=?
2026-05-05 03:35:38 [http-nio-8080-exec-1] DEBUG org.hibernate.SQL - 
    /* <criteria> */ select
        s1_0.id,
        s1_0.avatar,
        s1_0.birth_date,
        s1_0.created_at,
        s1_0.email,
        s1_0.emergency_contact,
        s1_0.emergency_phone,
        s1_0.gender,
        s1_0.name,
        s1_0.phone,
        s1_0.status,
        s1_0.updated_at,
        s1_0.user_id 
    from
        students s1_0 
    left join
        users u1_0 
            on u1_0.id=s1_0.user_id 
    where
        u1_0.id=?
2026-05-05 03:35:39 [http-nio-8080-exec-1] DEBUG org.hibernate.SQL - 
    select
        u1_0.id,
        u1_0.avatar,
        u1_0.created_at,
        u1_0.email,
        u1_0.password,
        u1_0.phone,
        u1_0.real_name,
        u1_0.role,
        u1_0.status,
        u1_0.updated_at,
        u1_0.username 
    from
        users u1_0 
    where
        u1_0.id=?
2026-05-05 03:35:39 [http-nio-8080-exec-1] DEBUG org.hibernate.SQL - 
    /* insert for
        com.example.backend.entity.Student */insert 
    into
        students (avatar, birth_date, created_at, email, emergency_contact, emergency_phone, gender, name, phone, status, updated_at, user_id) 
    values
        (?, ?, ?, ?, ?, ?, ?, ?, ?, ?, ?, ?)
2026-05-05 03:35:39 [http-nio-8080-exec-1] DEBUG org.hibernate.SQL - 
    /* SELECT
        e 
    FROM
        Enrollment e 
    WHERE
        e.student.id = :studentId 
        AND e.status NOT IN ('CANCELLED') */ select
            e1_0.id,
            e1_0.cancel_reason,
            e1_0.cancelled_at,
            e1_0.course_id,
            e1_0.created_at,
            e1_0.enrollment_date,
            e1_0.payment_status,
            e1_0.schedule_id,
            e1_0.status,
            e1_0.student_id,
            e1_0.updated_at 
        from
            enrollments e1_0 
        where
            e1_0.student_id=? 
            and e1_0.status not in ('CANCELLED')
2026-05-05 03:35:42 [http-nio-8080-exec-2] DEBUG org.hibernate.SQL - 
    /* <criteria> */ select
        u1_0.id,
        u1_0.avatar,
        u1_0.created_at,
        u1_0.email,
        u1_0.password,
        u1_0.phone,
        u1_0.real_name,
        u1_0.role,
        u1_0.status,
        u1_0.updated_at,
        u1_0.username 
    from
        users u1_0 
    where
        u1_0.username=?
2026-05-05 03:35:42 [http-nio-8080-exec-2] DEBUG org.hibernate.SQL - 
    /* <criteria> */ select
        c1_0.id,
        c1_0.capacity,
        c1_0.category,
        c1_0.created_at,
        c1_0.description,
        c1_0.duration,
        c1_0.enrolled_count,
        c1_0.image,
        c1_0.level,
        c1_0.name,
        c1_0.price,
        c1_0.status,
        c1_0.teacher_id,
        c1_0.updated_at 
    from
        courses c1_0 
    where
        c1_0.status=? 
    limit
        ?, ?
2026-05-05 03:35:42 [http-nio-8080-exec-2] DEBUG org.hibernate.SQL - 
    select
        t1_0.id,
        t1_0.avatar,
        t1_0.bio,
        t1_0.created_at,
        t1_0.email,
        t1_0.experience,
        t1_0.name,
        t1_0.phone,
        t1_0.status,
        t1_0.subjects,
        t1_0.updated_at,
        t1_0.user_id 
    from
        teachers t1_0 
    where
        t1_0.id=?
2026-05-05 03:35:42 [http-nio-8080-exec-2] DEBUG org.hibernate.SQL - 
    select
        t1_0.id,
        t1_0.avatar,
        t1_0.bio,
        t1_0.created_at,
        t1_0.email,
        t1_0.experience,
        t1_0.name,
        t1_0.phone,
        t1_0.status,
        t1_0.subjects,
        t1_0.updated_at,
        t1_0.user_id 
    from
        teachers t1_0 
    where
        t1_0.id=?
2026-05-05 03:35:44 [http-nio-8080-exec-3] DEBUG org.hibernate.SQL - 
    /* <criteria> */ select
        u1_0.id,
        u1_0.avatar,
        u1_0.created_at,
        u1_0.email,
        u1_0.password,
        u1_0.phone,
        u1_0.real_name,
        u1_0.role,
        u1_0.status,
        u1_0.updated_at,
        u1_0.username 
    from
        users u1_0 
    where
        u1_0.username=?
2026-05-05 03:35:44 [http-nio-8080-exec-3] DEBUG org.hibernate.SQL - 
    /* <criteria> */ select
        s1_0.id,
        s1_0.avatar,
        s1_0.birth_date,
        s1_0.created_at,
        s1_0.email,
        s1_0.emergency_contact,
        s1_0.emergency_phone,
        s1_0.gender,
        s1_0.name,
        s1_0.phone,
        s1_0.status,
        s1_0.updated_at,
        s1_0.user_id 
    from
        students s1_0 
    left join
        users u1_0 
            on u1_0.id=s1_0.user_id 
    where
        u1_0.id=?
2026-05-05 03:35:44 [http-nio-8080-exec-3] DEBUG org.hibernate.SQL - 
    select
        c1_0.id,
        c1_0.capacity,
        c1_0.category,
        c1_0.created_at,
        c1_0.description,
        c1_0.duration,
        c1_0.enrolled_count,
        c1_0.image,
        c1_0.level,
        c1_0.name,
        c1_0.price,
        c1_0.status,
        c1_0.teacher_id,
        c1_0.updated_at 
    from
        courses c1_0 
    where
        c1_0.id=?
2026-05-05 03:35:44 [http-nio-8080-exec-3] DEBUG org.hibernate.SQL - 
    /* <criteria> */ select
        e1_0.id 
    from
        enrollments e1_0 
    left join
        students s1_0 
            on s1_0.id=e1_0.student_id 
    left join
        courses c1_0 
            on c1_0.id=e1_0.course_id 
    where
        s1_0.id=? 
        and c1_0.id=? 
        and e1_0.status<>? 
    limit
        ?
2026-05-05 03:35:44 [http-nio-8080-exec-3] DEBUG org.hibernate.SQL - 
    /* SELECT
        COUNT(e) 
    FROM
        Enrollment e 
    WHERE
        e.course.id = :courseId 
        AND e.status NOT IN ('CANCELLED') */ select
            count(e1_0.id) 
        from
            enrollments e1_0 
        where
            e1_0.course_id=? 
            and e1_0.status not in ('CANCELLED')
2026-05-05 03:35:44 [http-nio-8080-exec-3] DEBUG org.hibernate.SQL - 
    /* insert for
        com.example.backend.entity.Enrollment */insert 
    into
        enrollments (cancel_reason, cancelled_at, course_id, created_at, enrollment_date, payment_status, schedule_id, status, student_id, updated_at) 
    values
        (?, ?, ?, ?, ?, ?, ?, ?, ?, ?)
2026-05-05 03:35:44 [http-nio-8080-exec-3] DEBUG org.hibernate.SQL - 
    /* update
        for com.example.backend.entity.Course */update courses 
    set
        capacity=?,
        category=?,
        description=?,
        duration=?,
        enrolled_count=?,
        image=?,
        level=?,
        name=?,
        price=?,
        status=?,
        teacher_id=?,
        updated_at=? 
    where
        id=?
2026-05-05 03:35:46 [http-nio-8080-exec-9] DEBUG org.hibernate.SQL - 
    /* <criteria> */ select
        u1_0.id,
        u1_0.avatar,
        u1_0.created_at,
        u1_0.email,
        u1_0.password,
        u1_0.phone,
        u1_0.real_name,
        u1_0.role,
        u1_0.status,
        u1_0.updated_at,
        u1_0.username 
    from
        users u1_0 
    where
        u1_0.username=?
2026-05-05 03:35:46 [http-nio-8080-exec-9] DEBUG org.hibernate.SQL - 
    /* <criteria> */ select
        s1_0.id,
        s1_0.avatar,
        s1_0.birth_date,
        s1_0.created_at,
        s1_0.email,
        s1_0.emergency_contact,
        s1_0.emergency_phone,
        s1_0.gender,
        s1_0.name,
        s1_0.phone,
        s1_0.status,
        s1_0.updated_at,
        s1_0.user_id 
    from
        students s1_0 
    left join
        users u1_0 
            on u1_0.id=s1_0.user_id 
    where
        u1_0.id=?
2026-05-05 03:35:46 [http-nio-8080-exec-9] DEBUG org.hibernate.SQL - 
    /* SELECT
        e 
    FROM
        Enrollment e 
    WHERE
        e.student.id = :studentId 
        AND e.status NOT IN ('CANCELLED') */ select
            e1_0.id,
            e1_0.cancel_reason,
            e1_0.cancelled_at,
            e1_0.course_id,
            e1_0.created_at,
            e1_0.enrollment_date,
            e1_0.payment_status,
            e1_0.schedule_id,
            e1_0.status,
            e1_0.student_id,
            e1_0.updated_at 
        from
            enrollments e1_0 
        where
            e1_0.student_id=? 
            and e1_0.status not in ('CANCELLED')
2026-05-05 03:35:46 [http-nio-8080-exec-9] DEBUG org.hibernate.SQL - 
    select
        c1_0.id,
        c1_0.capacity,
        c1_0.category,
        c1_0.created_at,
        c1_0.description,
        c1_0.duration,
        c1_0.enrolled_count,
        c1_0.image,
        c1_0.level,
        c1_0.name,
        c1_0.price,
        c1_0.status,
        c1_0.teacher_id,
        c1_0.updated_at 
    from
        courses c1_0 
    where
        c1_0.id=?
2026-05-05 03:35:48 [http-nio-8080-exec-10] DEBUG org.hibernate.SQL - 
    /* <criteria> */ select
        u1_0.id,
        u1_0.avatar,
        u1_0.created_at,
        u1_0.email,
        u1_0.password,
        u1_0.phone,
        u1_0.real_name,
        u1_0.role,
        u1_0.status,
        u1_0.updated_at,
        u1_0.username 
    from
        users u1_0 
    where
        u1_0.username=?
2026-05-05 03:35:48 [http-nio-8080-exec-1] DEBUG org.hibernate.SQL - 
    /* <criteria> */ select
        u1_0.id,
        u1_0.avatar,
        u1_0.created_at,
        u1_0.email,
        u1_0.password,
        u1_0.phone,
        u1_0.real_name,
        u1_0.role,
        u1_0.status,
        u1_0.updated_at,
        u1_0.username 
    from
        users u1_0 
    where
        u1_0.username=?
2026-05-05 03:35:48 [http-nio-8080-exec-1] DEBUG org.hibernate.SQL - 
    /* <criteria> */ select
        b1_0.id,
        b1_0.amount,
        b1_0.bill_type,
        b1_0.created_at,
        b1_0.description,
        b1_0.due_date,
        b1_0.payment_id,
        b1_0.status,
        b1_0.student_id,
        b1_0.updated_at 
    from
        bills b1_0 
    limit
        ?, ?
2026-05-05 03:35:48 [http-nio-8080-exec-10] DEBUG org.hibernate.SQL - 
    /* <criteria> */ select
        p1_0.id,
        p1_0.amount,
        p1_0.created_at,
        p1_0.enrollment_id,
        p1_0.payment_method,
        p1_0.payment_time,
        p1_0.status,
        p1_0.transaction_id,
        p1_0.updated_at 
    from
        payments p1_0 
    limit
        ?, ?
2026-05-05 03:35:51 [http-nio-8080-exec-2] DEBUG org.hibernate.SQL - 
    /* <criteria> */ select
        u1_0.id,
        u1_0.avatar,
        u1_0.created_at,
        u1_0.email,
        u1_0.password,
        u1_0.phone,
        u1_0.real_name,
        u1_0.role,
        u1_0.status,
        u1_0.updated_at,
        u1_0.username 
    from
        users u1_0 
    where
        u1_0.username=?
2026-05-05 03:35:51 [http-nio-8080-exec-2] DEBUG org.hibernate.SQL - 
    /* <criteria> */ select
        s1_0.id,
        s1_0.avatar,
        s1_0.birth_date,
        s1_0.created_at,
        s1_0.email,
        s1_0.emergency_contact,
        s1_0.emergency_phone,
        s1_0.gender,
        s1_0.name,
        s1_0.phone,
        s1_0.status,
        s1_0.updated_at,
        s1_0.user_id 
    from
        students s1_0 
    left join
        users u1_0 
            on u1_0.id=s1_0.user_id 
    where
        u1_0.id=?
2026-05-05 03:35:52 [http-nio-8080-exec-2] DEBUG org.hibernate.SQL - 
    /* SELECT
        e 
    FROM
        Enrollment e 
    WHERE
        e.student.id = :studentId 
        AND e.status NOT IN ('CANCELLED') */ select
            e1_0.id,
            e1_0.cancel_reason,
            e1_0.cancelled_at,
            e1_0.course_id,
            e1_0.created_at,
            e1_0.enrollment_date,
            e1_0.payment_status,
            e1_0.schedule_id,
            e1_0.status,
            e1_0.student_id,
            e1_0.updated_at 
        from
            enrollments e1_0 
        where
            e1_0.student_id=? 
            and e1_0.status not in ('CANCELLED')
2026-05-05 03:35:52 [http-nio-8080-exec-2] DEBUG org.hibernate.SQL - 
    select
        c1_0.id,
        c1_0.capacity,
        c1_0.category,
        c1_0.created_at,
        c1_0.description,
        c1_0.duration,
        c1_0.enrolled_count,
        c1_0.image,
        c1_0.level,
        c1_0.name,
        c1_0.price,
        c1_0.status,
        c1_0.teacher_id,
        c1_0.updated_at 
    from
        courses c1_0 
    where
        c1_0.id=?
2026-05-05 03:36:05 [http-nio-8080-exec-8] DEBUG org.hibernate.SQL - 
    /* <criteria> */ select
        u1_0.id,
        u1_0.avatar,
        u1_0.created_at,
        u1_0.email,
        u1_0.password,
        u1_0.phone,
        u1_0.real_name,
        u1_0.role,
        u1_0.status,
        u1_0.updated_at,
        u1_0.username 
    from
        users u1_0 
    where
        u1_0.username=?
2026-05-05 03:36:05 [http-nio-8080-exec-4] DEBUG org.hibernate.SQL - 
    /* <criteria> */ select
        u1_0.id,
        u1_0.avatar,
        u1_0.created_at,
        u1_0.email,
        u1_0.password,
        u1_0.phone,
        u1_0.real_name,
        u1_0.role,
        u1_0.status,
        u1_0.updated_at,
        u1_0.username 
    from
        users u1_0 
    where
        u1_0.username=?
2026-05-05 03:36:05 [http-nio-8080-exec-8] DEBUG org.hibernate.SQL - 
    /* <criteria> */ select
        p1_0.id,
        p1_0.amount,
        p1_0.created_at,
        p1_0.enrollment_id,
        p1_0.payment_method,
        p1_0.payment_time,
        p1_0.status,
        p1_0.transaction_id,
        p1_0.updated_at 
    from
        payments p1_0 
    limit
        ?, ?
2026-05-05 03:36:05 [http-nio-8080-exec-4] DEBUG org.hibernate.SQL - 
    /* <criteria> */ select
        b1_0.id,
        b1_0.amount,
        b1_0.bill_type,
        b1_0.created_at,
        b1_0.description,
        b1_0.due_date,
        b1_0.payment_id,
        b1_0.status,
        b1_0.student_id,
        b1_0.updated_at 
    from
        bills b1_0 
    limit
        ?, ?
2026-05-05 03:36:09 [http-nio-8080-exec-6] DEBUG org.hibernate.SQL - 
    /* <criteria> */ select
        u1_0.id,
        u1_0.avatar,
        u1_0.created_at,
        u1_0.email,
        u1_0.password,
        u1_0.phone,
        u1_0.real_name,
        u1_0.role,
        u1_0.status,
        u1_0.updated_at,
        u1_0.username 
    from
        users u1_0 
    where
        u1_0.username=?
2026-05-05 03:36:09 [http-nio-8080-exec-6] DEBUG org.hibernate.SQL - 
    /* <criteria> */ select
        c1_0.id,
        c1_0.capacity,
        c1_0.category,
        c1_0.created_at,
        c1_0.description,
        c1_0.duration,
        c1_0.enrolled_count,
        c1_0.image,
        c1_0.level,
        c1_0.name,
        c1_0.price,
        c1_0.status,
        c1_0.teacher_id,
        c1_0.updated_at 
    from
        courses c1_0 
    where
        c1_0.status=? 
    limit
        ?, ?
2026-05-05 03:36:09 [http-nio-8080-exec-6] DEBUG org.hibernate.SQL - 
    select
        t1_0.id,
        t1_0.avatar,
        t1_0.bio,
        t1_0.created_at,
        t1_0.email,
        t1_0.experience,
        t1_0.name,
        t1_0.phone,
        t1_0.status,
        t1_0.subjects,
        t1_0.updated_at,
        t1_0.user_id 
    from
        teachers t1_0 
    where
        t1_0.id=?
2026-05-05 03:36:09 [http-nio-8080-exec-6] DEBUG org.hibernate.SQL - 
    select
        t1_0.id,
        t1_0.avatar,
        t1_0.bio,
        t1_0.created_at,
        t1_0.email,
        t1_0.experience,
        t1_0.name,
        t1_0.phone,
        t1_0.status,
        t1_0.subjects,
        t1_0.updated_at,
        t1_0.user_id 
    from
        teachers t1_0 
    where
        t1_0.id=?
2026-05-05 03:36:17 [http-nio-8080-exec-2] DEBUG org.hibernate.SQL - 
    /* <criteria> */ select
        u1_0.id,
        u1_0.avatar,
        u1_0.created_at,
        u1_0.email,
        u1_0.password,
        u1_0.phone,
        u1_0.real_name,
        u1_0.role,
        u1_0.status,
        u1_0.updated_at,
        u1_0.username 
    from
        users u1_0 
    where
        u1_0.username=?
2026-05-05 03:36:17 [http-nio-8080-exec-2] DEBUG org.hibernate.SQL - 
    /* <criteria> */ select
        s1_0.id,
        s1_0.avatar,
        s1_0.birth_date,
        s1_0.created_at,
        s1_0.email,
        s1_0.emergency_contact,
        s1_0.emergency_phone,
        s1_0.gender,
        s1_0.name,
        s1_0.phone,
        s1_0.status,
        s1_0.updated_at,
        s1_0.user_id 
    from
        students s1_0 
    left join
        users u1_0 
            on u1_0.id=s1_0.user_id 
    where
        u1_0.id=?
2026-05-05 03:36:17 [http-nio-8080-exec-2] DEBUG org.hibernate.SQL - 
    select
        c1_0.id,
        c1_0.capacity,
        c1_0.category,
        c1_0.created_at,
        c1_0.description,
        c1_0.duration,
        c1_0.enrolled_count,
        c1_0.image,
        c1_0.level,
        c1_0.name,
        c1_0.price,
        c1_0.status,
        c1_0.teacher_id,
        c1_0.updated_at 
    from
        courses c1_0 
    where
        c1_0.id=?
2026-05-05 03:36:17 [http-nio-8080-exec-2] DEBUG org.hibernate.SQL - 
    /* <criteria> */ select
        e1_0.id 
    from
        enrollments e1_0 
    left join
        students s1_0 
            on s1_0.id=e1_0.student_id 
    left join
        courses c1_0 
            on c1_0.id=e1_0.course_id 
    where
        s1_0.id=? 
        and c1_0.id=? 
        and e1_0.status<>? 
    limit
        ?
2026-05-05 03:36:17 [http-nio-8080-exec-2] WARN  c.e.b.config.GlobalExceptionHandler - [BusinessException] /api/courses/1/enroll - 您已报名该课程
2026-05-05 03:36:20 [http-nio-8080-exec-5] DEBUG org.hibernate.SQL - 
    /* <criteria> */ select
        u1_0.id,
        u1_0.avatar,
        u1_0.created_at,
        u1_0.email,
        u1_0.password,
        u1_0.phone,
        u1_0.real_name,
        u1_0.role,
        u1_0.status,
        u1_0.updated_at,
        u1_0.username 
    from
        users u1_0 
    where
        u1_0.username=?
2026-05-05 03:36:20 [http-nio-8080-exec-5] DEBUG org.hibernate.SQL - 
    /* <criteria> */ select
        s1_0.id,
        s1_0.avatar,
        s1_0.birth_date,
        s1_0.created_at,
        s1_0.email,
        s1_0.emergency_contact,
        s1_0.emergency_phone,
        s1_0.gender,
        s1_0.name,
        s1_0.phone,
        s1_0.status,
        s1_0.updated_at,
        s1_0.user_id 
    from
        students s1_0 
    left join
        users u1_0 
            on u1_0.id=s1_0.user_id 
    where
        u1_0.id=?
2026-05-05 03:36:20 [http-nio-8080-exec-5] DEBUG org.hibernate.SQL - 
    select
        c1_0.id,
        c1_0.capacity,
        c1_0.category,
        c1_0.created_at,
        c1_0.description,
        c1_0.duration,
        c1_0.enrolled_count,
        c1_0.image,
        c1_0.level,
        c1_0.name,
        c1_0.price,
        c1_0.status,
        c1_0.teacher_id,
        c1_0.updated_at 
    from
        courses c1_0 
    where
        c1_0.id=?
2026-05-05 03:36:20 [http-nio-8080-exec-5] DEBUG org.hibernate.SQL - 
    /* <criteria> */ select
        e1_0.id 
    from
        enrollments e1_0 
    left join
        students s1_0 
            on s1_0.id=e1_0.student_id 
    left join
        courses c1_0 
            on c1_0.id=e1_0.course_id 
    where
        s1_0.id=? 
        and c1_0.id=? 
        and e1_0.status<>? 
    limit
        ?
2026-05-05 03:36:20 [http-nio-8080-exec-5] WARN  c.e.b.config.GlobalExceptionHandler - [BusinessException] /api/courses/1/enroll - 您已报名该课程
2026-05-05 03:36:21 [http-nio-8080-exec-8] DEBUG org.hibernate.SQL - 
    /* <criteria> */ select
        u1_0.id,
        u1_0.avatar,
        u1_0.created_at,
        u1_0.email,
        u1_0.password,
        u1_0.phone,
        u1_0.real_name,
        u1_0.role,
        u1_0.status,
        u1_0.updated_at,
        u1_0.username 
    from
        users u1_0 
    where
        u1_0.username=?
2026-05-05 03:36:21 [http-nio-8080-exec-8] DEBUG org.hibernate.SQL - 
    /* <criteria> */ select
        s1_0.id,
        s1_0.avatar,
        s1_0.birth_date,
        s1_0.created_at,
        s1_0.email,
        s1_0.emergency_contact,
        s1_0.emergency_phone,
        s1_0.gender,
        s1_0.name,
        s1_0.phone,
        s1_0.status,
        s1_0.updated_at,
        s1_0.user_id 
    from
        students s1_0 
    left join
        users u1_0 
            on u1_0.id=s1_0.user_id 
    where
        u1_0.id=?
2026-05-05 03:36:21 [http-nio-8080-exec-8] DEBUG org.hibernate.SQL - 
    /* SELECT
        e 
    FROM
        Enrollment e 
    WHERE
        e.student.id = :studentId 
        AND e.status NOT IN ('CANCELLED') */ select
            e1_0.id,
            e1_0.cancel_reason,
            e1_0.cancelled_at,
            e1_0.course_id,
            e1_0.created_at,
            e1_0.enrollment_date,
            e1_0.payment_status,
            e1_0.schedule_id,
            e1_0.status,
            e1_0.student_id,
            e1_0.updated_at 
        from
            enrollments e1_0 
        where
            e1_0.student_id=? 
            and e1_0.status not in ('CANCELLED')
2026-05-05 03:36:21 [http-nio-8080-exec-8] DEBUG org.hibernate.SQL - 
    select
        c1_0.id,
        c1_0.capacity,
        c1_0.category,
        c1_0.created_at,
        c1_0.description,
        c1_0.duration,
        c1_0.enrolled_count,
        c1_0.image,
        c1_0.level,
        c1_0.name,
        c1_0.price,
        c1_0.status,
        c1_0.teacher_id,
        c1_0.updated_at 
    from
        courses c1_0 
    where
        c1_0.id=?
2026-05-05 03:36:39 [http-nio-8080-exec-6] DEBUG org.hibernate.SQL - 
    /* <criteria> */ select
        u1_0.id,
        u1_0.avatar,
        u1_0.created_at,
        u1_0.email,
        u1_0.password,
        u1_0.phone,
        u1_0.real_name,
        u1_0.role,
        u1_0.status,
        u1_0.updated_at,
        u1_0.username 
    from
        users u1_0 
    where
        u1_0.username=?
2026-05-05 03:36:39 [http-nio-8080-exec-4] DEBUG org.hibernate.SQL - 
    /* <criteria> */ select
        u1_0.id,
        u1_0.avatar,
        u1_0.created_at,
        u1_0.email,
        u1_0.password,
        u1_0.phone,
        u1_0.real_name,
        u1_0.role,
        u1_0.status,
        u1_0.updated_at,
        u1_0.username 
    from
        users u1_0 
    where
        u1_0.username=?
2026-05-05 03:36:39 [http-nio-8080-exec-6] DEBUG org.hibernate.SQL - 
    /* <criteria> */ select
        b1_0.id,
        b1_0.amount,
        b1_0.bill_type,
        b1_0.created_at,
        b1_0.description,
        b1_0.due_date,
        b1_0.payment_id,
        b1_0.status,
        b1_0.student_id,
        b1_0.updated_at 
    from
        bills b1_0 
    limit
        ?, ?
2026-05-05 03:36:39 [http-nio-8080-exec-4] DEBUG org.hibernate.SQL - 
    /* <criteria> */ select
        p1_0.id,
        p1_0.amount,
        p1_0.created_at,
        p1_0.enrollment_id,
        p1_0.payment_method,
        p1_0.payment_time,
        p1_0.status,
        p1_0.transaction_id,
        p1_0.updated_at 
    from
        payments p1_0 
    limit
        ?, ?
2026-05-05 03:37:08 [http-nio-8080-exec-9] DEBUG org.hibernate.SQL - 
    /* <criteria> */ select
        u1_0.id,
        u1_0.avatar,
        u1_0.created_at,
        u1_0.email,
        u1_0.password,
        u1_0.phone,
        u1_0.real_name,
        u1_0.role,
        u1_0.status,
        u1_0.updated_at,
        u1_0.username 
    from
        users u1_0 
    where
        u1_0.username=?
2026-05-05 03:37:08 [http-nio-8080-exec-9] DEBUG org.hibernate.SQL - 
    /* <criteria> */ select
        c1_0.id,
        c1_0.capacity,
        c1_0.category,
        c1_0.created_at,
        c1_0.description,
        c1_0.duration,
        c1_0.enrolled_count,
        c1_0.image,
        c1_0.level,
        c1_0.name,
        c1_0.price,
        c1_0.status,
        c1_0.teacher_id,
        c1_0.updated_at 
    from
        courses c1_0 
    where
        c1_0.status=? 
    limit
        ?, ?
2026-05-05 03:37:08 [http-nio-8080-exec-9] DEBUG org.hibernate.SQL - 
    select
        t1_0.id,
        t1_0.avatar,
        t1_0.bio,
        t1_0.created_at,
        t1_0.email,
        t1_0.experience,
        t1_0.name,
        t1_0.phone,
        t1_0.status,
        t1_0.subjects,
        t1_0.updated_at,
        t1_0.user_id 
    from
        teachers t1_0 
    where
        t1_0.id=?
2026-05-05 03:37:08 [http-nio-8080-exec-9] DEBUG org.hibernate.SQL - 
    select
        t1_0.id,
        t1_0.avatar,
        t1_0.bio,
        t1_0.created_at,
        t1_0.email,
        t1_0.experience,
        t1_0.name,
        t1_0.phone,
        t1_0.status,
        t1_0.subjects,
        t1_0.updated_at,
        t1_0.user_id 
    from
        teachers t1_0 
    where
        t1_0.id=?
2026-05-05 03:37:10 [http-nio-8080-exec-5] DEBUG org.hibernate.SQL - 
    /* <criteria> */ select
        u1_0.id,
        u1_0.avatar,
        u1_0.created_at,
        u1_0.email,
        u1_0.password,
        u1_0.phone,
        u1_0.real_name,
        u1_0.role,
        u1_0.status,
        u1_0.updated_at,
        u1_0.username 
    from
        users u1_0 
    where
        u1_0.username=?
2026-05-05 03:37:10 [http-nio-8080-exec-5] DEBUG org.hibernate.SQL - 
    /* <criteria> */ select
        s1_0.id,
        s1_0.avatar,
        s1_0.birth_date,
        s1_0.created_at,
        s1_0.email,
        s1_0.emergency_contact,
        s1_0.emergency_phone,
        s1_0.gender,
        s1_0.name,
        s1_0.phone,
        s1_0.status,
        s1_0.updated_at,
        s1_0.user_id 
    from
        students s1_0 
    left join
        users u1_0 
            on u1_0.id=s1_0.user_id 
    where
        u1_0.id=?
2026-05-05 03:37:10 [http-nio-8080-exec-5] DEBUG org.hibernate.SQL - 
    select
        c1_0.id,
        c1_0.capacity,
        c1_0.category,
        c1_0.created_at,
        c1_0.description,
        c1_0.duration,
        c1_0.enrolled_count,
        c1_0.image,
        c1_0.level,
        c1_0.name,
        c1_0.price,
        c1_0.status,
        c1_0.teacher_id,
        c1_0.updated_at 
    from
        courses c1_0 
    where
        c1_0.id=?
2026-05-05 03:37:10 [http-nio-8080-exec-5] DEBUG org.hibernate.SQL - 
    /* <criteria> */ select
        e1_0.id 
    from
        enrollments e1_0 
    left join
        students s1_0 
            on s1_0.id=e1_0.student_id 
    left join
        courses c1_0 
            on c1_0.id=e1_0.course_id 
    where
        s1_0.id=? 
        and c1_0.id=? 
        and e1_0.status<>? 
    limit
        ?
2026-05-05 03:37:10 [http-nio-8080-exec-5] WARN  c.e.b.config.GlobalExceptionHandler - [BusinessException] /api/courses/1/enroll - 您已报名该课程
2026-05-05 03:37:17 [http-nio-8080-exec-4] DEBUG org.hibernate.SQL - 
    /* <criteria> */ select
        u1_0.id,
        u1_0.avatar,
        u1_0.created_at,
        u1_0.email,
        u1_0.password,
        u1_0.phone,
        u1_0.real_name,
        u1_0.role,
        u1_0.status,
        u1_0.updated_at,
        u1_0.username 
    from
        users u1_0 
    where
        u1_0.username=?
2026-05-05 03:37:17 [http-nio-8080-exec-8] DEBUG org.hibernate.SQL - 
    /* <criteria> */ select
        u1_0.id,
        u1_0.avatar,
        u1_0.created_at,
        u1_0.email,
        u1_0.password,
        u1_0.phone,
        u1_0.real_name,
        u1_0.role,
        u1_0.status,
        u1_0.updated_at,
        u1_0.username 
    from
        users u1_0 
    where
        u1_0.username=?
2026-05-05 03:37:17 [http-nio-8080-exec-4] DEBUG org.hibernate.SQL - 
    /* <criteria> */ select
        b1_0.id,
        b1_0.amount,
        b1_0.bill_type,
        b1_0.created_at,
        b1_0.description,
        b1_0.due_date,
        b1_0.payment_id,
        b1_0.status,
        b1_0.student_id,
        b1_0.updated_at 
    from
        bills b1_0 
    limit
        ?, ?
2026-05-05 03:37:17 [http-nio-8080-exec-8] DEBUG org.hibernate.SQL - 
    /* <criteria> */ select
        p1_0.id,
        p1_0.amount,
        p1_0.created_at,
        p1_0.enrollment_id,
        p1_0.payment_method,
        p1_0.payment_time,
        p1_0.status,
        p1_0.transaction_id,
        p1_0.updated_at 
    from
        payments p1_0 
    limit
        ?, ?
2026-05-05 03:37:29 [http-nio-8080-exec-6] DEBUG org.hibernate.SQL - 
    /* <criteria> */ select
        u1_0.id,
        u1_0.avatar,
        u1_0.created_at,
        u1_0.email,
        u1_0.password,
        u1_0.phone,
        u1_0.real_name,
        u1_0.role,
        u1_0.status,
        u1_0.updated_at,
        u1_0.username 
    from
        users u1_0 
    where
        u1_0.username=?
2026-05-05 03:37:29 [http-nio-8080-exec-6] DEBUG org.hibernate.SQL - 
    select
        u1_0.id,
        u1_0.avatar,
        u1_0.created_at,
        u1_0.email,
        u1_0.password,
        u1_0.phone,
        u1_0.real_name,
        u1_0.role,
        u1_0.status,
        u1_0.updated_at,
        u1_0.username 
    from
        users u1_0 
    where
        u1_0.id=?
2026-05-05 03:37:32 [http-nio-8080-exec-7] DEBUG org.hibernate.SQL - 
    /* <criteria> */ select
        u1_0.id,
        u1_0.avatar,
        u1_0.created_at,
        u1_0.email,
        u1_0.password,
        u1_0.phone,
        u1_0.real_name,
        u1_0.role,
        u1_0.status,
        u1_0.updated_at,
        u1_0.username 
    from
        users u1_0 
    where
        u1_0.username=?
2026-05-05 03:37:32 [http-nio-8080-exec-9] DEBUG org.hibernate.SQL - 
    /* <criteria> */ select
        u1_0.id,
        u1_0.avatar,
        u1_0.created_at,
        u1_0.email,
        u1_0.password,
        u1_0.phone,
        u1_0.real_name,
        u1_0.role,
        u1_0.status,
        u1_0.updated_at,
        u1_0.username 
    from
        users u1_0 
    where
        u1_0.username=?
2026-05-05 03:37:32 [http-nio-8080-exec-7] DEBUG org.hibernate.SQL - 
    /* <criteria> */ select
        b1_0.id,
        b1_0.amount,
        b1_0.bill_type,
        b1_0.created_at,
        b1_0.description,
        b1_0.due_date,
        b1_0.payment_id,
        b1_0.status,
        b1_0.student_id,
        b1_0.updated_at 
    from
        bills b1_0 
    limit
        ?, ?
2026-05-05 03:37:32 [http-nio-8080-exec-9] DEBUG org.hibernate.SQL - 
    /* <criteria> */ select
        p1_0.id,
        p1_0.amount,
        p1_0.created_at,
        p1_0.enrollment_id,
        p1_0.payment_method,
        p1_0.payment_time,
        p1_0.status,
        p1_0.transaction_id,
        p1_0.updated_at 
    from
        payments p1_0 
    limit
        ?, ?
2026-05-05 03:37:36 [http-nio-8080-exec-3] DEBUG org.hibernate.SQL - 
    /* <criteria> */ select
        u1_0.id,
        u1_0.avatar,
        u1_0.created_at,
        u1_0.email,
        u1_0.password,
        u1_0.phone,
        u1_0.real_name,
        u1_0.role,
        u1_0.status,
        u1_0.updated_at,
        u1_0.username 
    from
        users u1_0 
    where
        u1_0.username=?
2026-05-05 03:37:36 [http-nio-8080-exec-3] DEBUG org.hibernate.SQL - 
    select
        u1_0.id,
        u1_0.avatar,
        u1_0.created_at,
        u1_0.email,
        u1_0.password,
        u1_0.phone,
        u1_0.real_name,
        u1_0.role,
        u1_0.status,
        u1_0.updated_at,
        u1_0.username 
    from
        users u1_0 
    where
        u1_0.id=?
2026-05-05 03:37:39 [http-nio-8080-exec-10] DEBUG org.hibernate.SQL - 
    /* <criteria> */ select
        u1_0.id,
        u1_0.avatar,
        u1_0.created_at,
        u1_0.email,
        u1_0.password,
        u1_0.phone,
        u1_0.real_name,
        u1_0.role,
        u1_0.status,
        u1_0.updated_at,
        u1_0.username 
    from
        users u1_0 
    where
        u1_0.username=?
2026-05-05 03:37:39 [http-nio-8080-exec-10] DEBUG org.hibernate.SQL - 
    select
        u1_0.id,
        u1_0.avatar,
        u1_0.created_at,
        u1_0.email,
        u1_0.password,
        u1_0.phone,
        u1_0.real_name,
        u1_0.role,
        u1_0.status,
        u1_0.updated_at,
        u1_0.username 
    from
        users u1_0 
    where
        u1_0.id=?
2026-05-05 03:37:47 [http-nio-8080-exec-1] DEBUG org.hibernate.SQL - 
    /* <criteria> */ select
        u1_0.id,
        u1_0.avatar,
        u1_0.created_at,
        u1_0.email,
        u1_0.password,
        u1_0.phone,
        u1_0.real_name,
        u1_0.role,
        u1_0.status,
        u1_0.updated_at,
        u1_0.username 
    from
        users u1_0 
    where
        u1_0.username=?
2026-05-05 03:37:47 [http-nio-8080-exec-2] DEBUG org.hibernate.SQL - 
    /* <criteria> */ select
        u1_0.id,
        u1_0.avatar,
        u1_0.created_at,
        u1_0.email,
        u1_0.password,
        u1_0.phone,
        u1_0.real_name,
        u1_0.role,
        u1_0.status,
        u1_0.updated_at,
        u1_0.username 
    from
        users u1_0 
    where
        u1_0.username=?
2026-05-05 03:37:47 [http-nio-8080-exec-2] DEBUG org.hibernate.SQL - 
    /* <criteria> */ select
        b1_0.id,
        b1_0.amount,
        b1_0.bill_type,
        b1_0.created_at,
        b1_0.description,
        b1_0.due_date,
        b1_0.payment_id,
        b1_0.status,
        b1_0.student_id,
        b1_0.updated_at 
    from
        bills b1_0 
    limit
        ?, ?
2026-05-05 03:37:47 [http-nio-8080-exec-1] DEBUG org.hibernate.SQL - 
    /* <criteria> */ select
        p1_0.id,
        p1_0.amount,
        p1_0.created_at,
        p1_0.enrollment_id,
        p1_0.payment_method,
        p1_0.payment_time,
        p1_0.status,
        p1_0.transaction_id,
        p1_0.updated_at 
    from
        payments p1_0 
    limit
        ?, ?
2026-05-05 03:38:05 [http-nio-8080-exec-4] DEBUG org.hibernate.SQL - 
    /* <criteria> */ select
        u1_0.id,
        u1_0.avatar,
        u1_0.created_at,
        u1_0.email,
        u1_0.password,
        u1_0.phone,
        u1_0.real_name,
        u1_0.role,
        u1_0.status,
        u1_0.updated_at,
        u1_0.username 
    from
        users u1_0 
    where
        u1_0.username=?
2026-05-05 03:38:05 [http-nio-8080-exec-5] DEBUG org.hibernate.SQL - 
    /* <criteria> */ select
        u1_0.id,
        u1_0.avatar,
        u1_0.created_at,
        u1_0.email,
        u1_0.password,
        u1_0.phone,
        u1_0.real_name,
        u1_0.role,
        u1_0.status,
        u1_0.updated_at,
        u1_0.username 
    from
        users u1_0 
    where
        u1_0.username=?
2026-05-05 03:38:05 [http-nio-8080-exec-5] DEBUG org.hibernate.SQL - 
    /* <criteria> */ select
        p1_0.id,
        p1_0.amount,
        p1_0.created_at,
        p1_0.enrollment_id,
        p1_0.payment_method,
        p1_0.payment_time,
        p1_0.status,
        p1_0.transaction_id,
        p1_0.updated_at 
    from
        payments p1_0 
    limit
        ?, ?
2026-05-05 03:38:05 [http-nio-8080-exec-4] DEBUG org.hibernate.SQL - 
    /* <criteria> */ select
        b1_0.id,
        b1_0.amount,
        b1_0.bill_type,
        b1_0.created_at,
        b1_0.description,
        b1_0.due_date,
        b1_0.payment_id,
        b1_0.status,
        b1_0.student_id,
        b1_0.updated_at 
    from
        bills b1_0 
    limit
        ?, ?
2026-05-05 03:38:18 [http-nio-8080-exec-8] DEBUG org.hibernate.SQL - 
    /* <criteria> */ select
        u1_0.id,
        u1_0.avatar,
        u1_0.created_at,
        u1_0.email,
        u1_0.password,
        u1_0.phone,
        u1_0.real_name,
        u1_0.role,
        u1_0.status,
        u1_0.updated_at,
        u1_0.username 
    from
        users u1_0 
    where
        u1_0.username=?
2026-05-05 03:38:18 [http-nio-8080-exec-8] DEBUG org.hibernate.SQL - 
    /* <criteria> */ select
        s1_0.id,
        s1_0.avatar,
        s1_0.birth_date,
        s1_0.created_at,
        s1_0.email,
        s1_0.emergency_contact,
        s1_0.emergency_phone,
        s1_0.gender,
        s1_0.name,
        s1_0.phone,
        s1_0.status,
        s1_0.updated_at,
        s1_0.user_id 
    from
        students s1_0 
    left join
        users u1_0 
            on u1_0.id=s1_0.user_id 
    where
        u1_0.id=?
2026-05-05 03:38:18 [http-nio-8080-exec-8] DEBUG org.hibernate.SQL - 
    /* SELECT
        e 
    FROM
        Enrollment e 
    WHERE
        e.student.id = :studentId 
        AND e.status NOT IN ('CANCELLED') */ select
            e1_0.id,
            e1_0.cancel_reason,
            e1_0.cancelled_at,
            e1_0.course_id,
            e1_0.created_at,
            e1_0.enrollment_date,
            e1_0.payment_status,
            e1_0.schedule_id,
            e1_0.status,
            e1_0.student_id,
            e1_0.updated_at 
        from
            enrollments e1_0 
        where
            e1_0.student_id=? 
            and e1_0.status not in ('CANCELLED')
2026-05-05 03:38:18 [http-nio-8080-exec-8] DEBUG org.hibernate.SQL - 
    select
        c1_0.id,
        c1_0.capacity,
        c1_0.category,
        c1_0.created_at,
        c1_0.description,
        c1_0.duration,
        c1_0.enrolled_count,
        c1_0.image,
        c1_0.level,
        c1_0.name,
        c1_0.price,
        c1_0.status,
        c1_0.teacher_id,
        c1_0.updated_at 
    from
        courses c1_0 
    where
        c1_0.id=?
2026-05-05 03:38:19 [http-nio-8080-exec-7] DEBUG org.hibernate.SQL - 
    /* <criteria> */ select
        u1_0.id,
        u1_0.avatar,
        u1_0.created_at,
        u1_0.email,
        u1_0.password,
        u1_0.phone,
        u1_0.real_name,
        u1_0.role,
        u1_0.status,
        u1_0.updated_at,
        u1_0.username 
    from
        users u1_0 
    where
        u1_0.username=?
2026-05-05 03:38:19 [http-nio-8080-exec-7] DEBUG org.hibernate.SQL - 
    /* <criteria> */ select
        c1_0.id,
        c1_0.capacity,
        c1_0.category,
        c1_0.created_at,
        c1_0.description,
        c1_0.duration,
        c1_0.enrolled_count,
        c1_0.image,
        c1_0.level,
        c1_0.name,
        c1_0.price,
        c1_0.status,
        c1_0.teacher_id,
        c1_0.updated_at 
    from
        courses c1_0 
    where
        c1_0.status=? 
    limit
        ?, ?
2026-05-05 03:38:19 [http-nio-8080-exec-7] DEBUG org.hibernate.SQL - 
    select
        t1_0.id,
        t1_0.avatar,
        t1_0.bio,
        t1_0.created_at,
        t1_0.email,
        t1_0.experience,
        t1_0.name,
        t1_0.phone,
        t1_0.status,
        t1_0.subjects,
        t1_0.updated_at,
        t1_0.user_id 
    from
        teachers t1_0 
    where
        t1_0.id=?
2026-05-05 03:38:19 [http-nio-8080-exec-7] DEBUG org.hibernate.SQL - 
    select
        t1_0.id,
        t1_0.avatar,
        t1_0.bio,
        t1_0.created_at,
        t1_0.email,
        t1_0.experience,
        t1_0.name,
        t1_0.phone,
        t1_0.status,
        t1_0.subjects,
        t1_0.updated_at,
        t1_0.user_id 
    from
        teachers t1_0 
    where
        t1_0.id=?
2026-05-05 03:38:20 [http-nio-8080-exec-5] DEBUG org.hibernate.SQL - 
    /* <criteria> */ select
        u1_0.id,
        u1_0.avatar,
        u1_0.created_at,
        u1_0.email,
        u1_0.password,
        u1_0.phone,
        u1_0.real_name,
        u1_0.role,
        u1_0.status,
        u1_0.updated_at,
        u1_0.username 
    from
        users u1_0 
    where
        u1_0.username=?
2026-05-05 03:38:20 [http-nio-8080-exec-5] DEBUG org.hibernate.SQL - 
    /* <criteria> */ select
        s1_0.id,
        s1_0.avatar,
        s1_0.birth_date,
        s1_0.created_at,
        s1_0.email,
        s1_0.emergency_contact,
        s1_0.emergency_phone,
        s1_0.gender,
        s1_0.name,
        s1_0.phone,
        s1_0.status,
        s1_0.updated_at,
        s1_0.user_id 
    from
        students s1_0 
    left join
        users u1_0 
            on u1_0.id=s1_0.user_id 
    where
        u1_0.id=?
2026-05-05 03:38:20 [http-nio-8080-exec-5] DEBUG org.hibernate.SQL - 
    /* SELECT
        e 
    FROM
        Enrollment e 
    WHERE
        e.student.id = :studentId 
        AND e.status NOT IN ('CANCELLED') */ select
            e1_0.id,
            e1_0.cancel_reason,
            e1_0.cancelled_at,
            e1_0.course_id,
            e1_0.created_at,
            e1_0.enrollment_date,
            e1_0.payment_status,
            e1_0.schedule_id,
            e1_0.status,
            e1_0.student_id,
            e1_0.updated_at 
        from
            enrollments e1_0 
        where
            e1_0.student_id=? 
            and e1_0.status not in ('CANCELLED')
2026-05-05 03:38:21 [http-nio-8080-exec-5] DEBUG org.hibernate.SQL - 
    select
        c1_0.id,
        c1_0.capacity,
        c1_0.category,
        c1_0.created_at,
        c1_0.description,
        c1_0.duration,
        c1_0.enrolled_count,
        c1_0.image,
        c1_0.level,
        c1_0.name,
        c1_0.price,
        c1_0.status,
        c1_0.teacher_id,
        c1_0.updated_at 
    from
        courses c1_0 
    where
        c1_0.id=?
2026-05-05 03:38:23 [http-nio-8080-exec-4] DEBUG org.hibernate.SQL - 
    /* <criteria> */ select
        u1_0.id,
        u1_0.avatar,
        u1_0.created_at,
        u1_0.email,
        u1_0.password,
        u1_0.phone,
        u1_0.real_name,
        u1_0.role,
        u1_0.status,
        u1_0.updated_at,
        u1_0.username 
    from
        users u1_0 
    where
        u1_0.username=?
2026-05-05 03:38:23 [http-nio-8080-exec-4] DEBUG org.hibernate.SQL - 
    /* <criteria> */ select
        s1_0.id,
        s1_0.avatar,
        s1_0.birth_date,
        s1_0.created_at,
        s1_0.email,
        s1_0.emergency_contact,
        s1_0.emergency_phone,
        s1_0.gender,
        s1_0.name,
        s1_0.phone,
        s1_0.status,
        s1_0.updated_at,
        s1_0.user_id 
    from
        students s1_0 
    left join
        users u1_0 
            on u1_0.id=s1_0.user_id 
    where
        u1_0.id=?
2026-05-05 03:38:23 [http-nio-8080-exec-4] DEBUG org.hibernate.SQL - 
    /* SELECT
        e 
    FROM
        Enrollment e 
    WHERE
        e.student.id = :studentId 
        AND e.status NOT IN ('CANCELLED') */ select
            e1_0.id,
            e1_0.cancel_reason,
            e1_0.cancelled_at,
            e1_0.course_id,
            e1_0.created_at,
            e1_0.enrollment_date,
            e1_0.payment_status,
            e1_0.schedule_id,
            e1_0.status,
            e1_0.student_id,
            e1_0.updated_at 
        from
            enrollments e1_0 
        where
            e1_0.student_id=? 
            and e1_0.status not in ('CANCELLED')
2026-05-05 03:38:23 [http-nio-8080-exec-4] DEBUG org.hibernate.SQL - 
    select
        c1_0.id,
        c1_0.capacity,
        c1_0.category,
        c1_0.created_at,
        c1_0.description,
        c1_0.duration,
        c1_0.enrolled_count,
        c1_0.image,
        c1_0.level,
        c1_0.name,
        c1_0.price,
        c1_0.status,
        c1_0.teacher_id,
        c1_0.updated_at 
    from
        courses c1_0 
    where
        c1_0.id=?
2026-05-05 03:38:30 [http-nio-8080-exec-8] DEBUG org.hibernate.SQL - 
    /* <criteria> */ select
        u1_0.id,
        u1_0.avatar,
        u1_0.created_at,
        u1_0.email,
        u1_0.password,
        u1_0.phone,
        u1_0.real_name,
        u1_0.role,
        u1_0.status,
        u1_0.updated_at,
        u1_0.username 
    from
        users u1_0 
    where
        u1_0.username=?
2026-05-05 03:38:30 [http-nio-8080-exec-6] DEBUG org.hibernate.SQL - 
    /* <criteria> */ select
        u1_0.id,
        u1_0.avatar,
        u1_0.created_at,
        u1_0.email,
        u1_0.password,
        u1_0.phone,
        u1_0.real_name,
        u1_0.role,
        u1_0.status,
        u1_0.updated_at,
        u1_0.username 
    from
        users u1_0 
    where
        u1_0.username=?
2026-05-05 03:38:30 [http-nio-8080-exec-8] DEBUG org.hibernate.SQL - 
    /* <criteria> */ select
        p1_0.id,
        p1_0.amount,
        p1_0.created_at,
        p1_0.enrollment_id,
        p1_0.payment_method,
        p1_0.payment_time,
        p1_0.status,
        p1_0.transaction_id,
        p1_0.updated_at 
    from
        payments p1_0 
    limit
        ?, ?
2026-05-05 03:38:30 [http-nio-8080-exec-6] DEBUG org.hibernate.SQL - 
    /* <criteria> */ select
        b1_0.id,
        b1_0.amount,
        b1_0.bill_type,
        b1_0.created_at,
        b1_0.description,
        b1_0.due_date,
        b1_0.payment_id,
        b1_0.status,
        b1_0.student_id,
        b1_0.updated_at 
    from
        bills b1_0 
    limit
        ?, ?
2026-05-05 03:39:44 [SpringApplicationShutdownHook] INFO  o.s.o.j.LocalContainerEntityManagerFactoryBean - Closing JPA EntityManagerFactory for persistence unit 'default'
2026-05-05 03:39:44 [SpringApplicationShutdownHook] INFO  com.zaxxer.hikari.HikariDataSource - HikariPool-1 - Shutdown initiated...
2026-05-05 03:39:44 [SpringApplicationShutdownHook] INFO  com.zaxxer.hikari.HikariDataSource - HikariPool-1 - Shutdown completed.
2026-05-05 03:39:49 [main] INFO  c.example.backend.BackendApplication - Starting BackendApplication using Java 22.0.2 with PID 19588 (C:\Users\YunH\Desktop\街舞系统\backend\target\classes started by YunH in C:\Users\YunH\Desktop\街舞系统)
2026-05-05 03:39:49 [main] DEBUG c.example.backend.BackendApplication - Running with Spring Boot v3.2.4, Spring v6.1.5
2026-05-05 03:39:49 [main] INFO  c.example.backend.BackendApplication - No active profile set, falling back to 1 default profile: "default"
2026-05-05 03:39:50 [main] INFO  o.s.d.r.c.RepositoryConfigurationDelegate - Bootstrapping Spring Data JPA repositories in DEFAULT mode.
2026-05-05 03:39:50 [main] INFO  o.s.d.r.c.RepositoryConfigurationDelegate - Finished Spring Data repository scanning in 56 ms. Found 10 JPA repository interfaces.
2026-05-05 03:39:51 [main] INFO  o.s.b.w.e.tomcat.TomcatWebServer - Tomcat initialized with port 8080 (http)
2026-05-05 03:39:51 [main] INFO  o.a.catalina.core.StandardService - Starting service [Tomcat]
2026-05-05 03:39:51 [main] INFO  o.a.catalina.core.StandardEngine - Starting Servlet engine: [Apache Tomcat/10.1.19]
2026-05-05 03:39:51 [main] INFO  o.a.c.c.C.[Tomcat].[localhost].[/] - Initializing Spring embedded WebApplicationContext
2026-05-05 03:39:51 [main] INFO  o.s.b.w.s.c.ServletWebServerApplicationContext - Root WebApplicationContext: initialization completed in 1117 ms
2026-05-05 03:39:51 [main] INFO  com.zaxxer.hikari.HikariDataSource - HikariPool-1 - Starting...
2026-05-05 03:39:51 [main] INFO  com.zaxxer.hikari.pool.HikariPool - HikariPool-1 - Added connection com.mysql.cj.jdbc.ConnectionImpl@28768e25
2026-05-05 03:39:51 [main] INFO  com.zaxxer.hikari.HikariDataSource - HikariPool-1 - Start completed.
2026-05-05 03:39:51 [main] INFO  o.h.jpa.internal.util.LogHelper - HHH000204: Processing PersistenceUnitInfo [name: default]
2026-05-05 03:39:51 [main] INFO  org.hibernate.Version - HHH000412: Hibernate ORM core version 6.4.4.Final
2026-05-05 03:39:51 [main] INFO  o.h.c.i.RegionFactoryInitiator - HHH000026: Second-level cache disabled
2026-05-05 03:39:51 [main] INFO  o.s.o.j.p.SpringPersistenceUnitInfo - No LoadTimeWeaver setup: ignoring JPA class transformer
2026-05-05 03:39:51 [main] WARN  org.hibernate.dialect.Dialect - HHH000511: The 5.5.0 version for [org.hibernate.dialect.MySQLDialect] is no longer supported, hence certain features may not work properly. The minimum supported version is 8.0.0. Check the community dialects project for available legacy versions.
2026-05-05 03:39:51 [main] WARN  org.hibernate.orm.deprecation - HHH90000025: MySQLDialect does not need to be specified explicitly using 'hibernate.dialect' (remove the property setting and it will be selected by default)
2026-05-05 03:39:52 [main] INFO  o.h.e.t.j.p.i.JtaPlatformInitiator - HHH000489: No JTA platform available (set 'hibernate.transaction.jta.platform' to enable JTA platform integration)
2026-05-05 03:39:54 [main] INFO  o.s.o.j.LocalContainerEntityManagerFactoryBean - Initialized JPA EntityManagerFactory for persistence unit 'default'
2026-05-05 03:39:54 [main] DEBUG c.e.b.s.JwtAuthenticationFilter - Filter 'jwtAuthenticationFilter' configured for use
2026-05-05 03:39:54 [main] INFO  o.s.d.j.r.query.QueryEnhancerFactory - Hibernate is in classpath; If applicable, HQL parser will be used.
2026-05-05 03:39:55 [main] INFO  c.e.b.service.FileUploadService - 文件上传目录: C:\Users\YunH\Desktop\街舞系统\upload
2026-05-05 03:39:55 [main] INFO  c.e.b.service.FileUploadService - 上传目录创建成功
2026-05-05 03:39:55 [main] WARN  o.s.b.a.o.j.JpaBaseConfiguration$JpaWebConfiguration - spring.jpa.open-in-view is enabled by default. Therefore, database queries may be performed during view rendering. Explicitly configure spring.jpa.open-in-view to disable this warning
2026-05-05 03:39:55 [main] INFO  o.s.s.web.DefaultSecurityFilterChain - Will secure any request with [org.springframework.security.web.session.DisableEncodeUrlFilter@1e6f7127, org.springframework.security.web.context.request.async.WebAsyncManagerIntegrationFilter@4cfc4eb2, org.springframework.security.web.context.SecurityContextHolderFilter@170738c0, org.springframework.security.web.header.HeaderWriterFilter@50235133, org.springframework.web.filter.CorsFilter@79b2b427, org.springframework.security.web.authentication.logout.LogoutFilter@6c772506, com.example.backend.security.JwtAuthenticationFilter@49c72fb7, org.springframework.security.web.savedrequest.RequestCacheAwareFilter@3cbcd442, org.springframework.security.web.servletapi.SecurityContextHolderAwareRequestFilter@20677bc2, org.springframework.security.web.authentication.AnonymousAuthenticationFilter@2be9dfb0, org.springframework.security.web.session.SessionManagementFilter@69a245d6, org.springframework.security.web.access.ExceptionTranslationFilter@de58d71, org.springframework.security.web.access.intercept.AuthorizationFilter@10e85525]
2026-05-05 03:39:55 [main] INFO  o.s.b.w.e.tomcat.TomcatWebServer - Tomcat started on port 8080 (http) with context path ''
2026-05-05 03:39:55 [main] INFO  c.example.backend.BackendApplication - Started BackendApplication in 6.189 seconds (process running for 6.76)
2026-05-05 03:40:01 [http-nio-8080-exec-1] INFO  o.a.c.c.C.[Tomcat].[localhost].[/] - Initializing Spring DispatcherServlet 'dispatcherServlet'
2026-05-05 03:40:01 [http-nio-8080-exec-1] INFO  o.s.web.servlet.DispatcherServlet - Initializing Servlet 'dispatcherServlet'
2026-05-05 03:40:01 [http-nio-8080-exec-1] INFO  o.s.web.servlet.DispatcherServlet - Completed initialization in 1 ms
2026-05-05 03:40:01 [http-nio-8080-exec-1] DEBUG org.hibernate.SQL - 
    /* <criteria> */ select
        u1_0.id,
        u1_0.avatar,
        u1_0.created_at,
        u1_0.email,
        u1_0.password,
        u1_0.phone,
        u1_0.real_name,
        u1_0.role,
        u1_0.status,
        u1_0.updated_at,
        u1_0.username 
    from
        users u1_0 
    where
        u1_0.username=?
2026-05-05 03:40:01 [http-nio-8080-exec-1] DEBUG org.hibernate.SQL - 
    /* <criteria> */ select
        s1_0.id,
        s1_0.avatar,
        s1_0.birth_date,
        s1_0.created_at,
        s1_0.email,
        s1_0.emergency_contact,
        s1_0.emergency_phone,
        s1_0.gender,
        s1_0.name,
        s1_0.phone,
        s1_0.status,
        s1_0.updated_at,
        s1_0.user_id 
    from
        students s1_0 
    left join
        users u1_0 
            on u1_0.id=s1_0.user_id 
    where
        u1_0.id=?
2026-05-05 03:40:02 [http-nio-8080-exec-1] DEBUG org.hibernate.SQL - 
    /* SELECT
        e 
    FROM
        Enrollment e 
    WHERE
        e.student.id = :studentId 
        AND e.status NOT IN ('CANCELLED') */ select
            e1_0.id,
            e1_0.cancel_reason,
            e1_0.cancelled_at,
            e1_0.course_id,
            e1_0.created_at,
            e1_0.enrollment_date,
            e1_0.payment_status,
            e1_0.schedule_id,
            e1_0.status,
            e1_0.student_id,
            e1_0.updated_at 
        from
            enrollments e1_0 
        where
            e1_0.student_id=? 
            and e1_0.status not in ('CANCELLED')
2026-05-05 03:40:02 [http-nio-8080-exec-1] DEBUG org.hibernate.SQL - 
    select
        c1_0.id,
        c1_0.capacity,
        c1_0.category,
        c1_0.created_at,
        c1_0.description,
        c1_0.duration,
        c1_0.enrolled_count,
        c1_0.image,
        c1_0.level,
        c1_0.name,
        c1_0.price,
        c1_0.status,
        c1_0.teacher_id,
        c1_0.updated_at 
    from
        courses c1_0 
    where
        c1_0.id=?
2026-05-05 03:40:17 [http-nio-8080-exec-5] DEBUG org.hibernate.SQL - 
    /* <criteria> */ select
        u1_0.id,
        u1_0.avatar,
        u1_0.created_at,
        u1_0.email,
        u1_0.password,
        u1_0.phone,
        u1_0.real_name,
        u1_0.role,
        u1_0.status,
        u1_0.updated_at,
        u1_0.username 
    from
        users u1_0 
    where
        u1_0.username=?
2026-05-05 03:40:17 [http-nio-8080-exec-4] DEBUG org.hibernate.SQL - 
    /* <criteria> */ select
        u1_0.id,
        u1_0.avatar,
        u1_0.created_at,
        u1_0.email,
        u1_0.password,
        u1_0.phone,
        u1_0.real_name,
        u1_0.role,
        u1_0.status,
        u1_0.updated_at,
        u1_0.username 
    from
        users u1_0 
    where
        u1_0.username=?
2026-05-05 03:40:17 [http-nio-8080-exec-3] DEBUG org.hibernate.SQL - 
    /* <criteria> */ select
        u1_0.id,
        u1_0.avatar,
        u1_0.created_at,
        u1_0.email,
        u1_0.password,
        u1_0.phone,
        u1_0.real_name,
        u1_0.role,
        u1_0.status,
        u1_0.updated_at,
        u1_0.username 
    from
        users u1_0 
    where
        u1_0.username=?
2026-05-05 03:40:17 [http-nio-8080-exec-6] DEBUG org.hibernate.SQL - 
    /* <criteria> */ select
        u1_0.id,
        u1_0.avatar,
        u1_0.created_at,
        u1_0.email,
        u1_0.password,
        u1_0.phone,
        u1_0.real_name,
        u1_0.role,
        u1_0.status,
        u1_0.updated_at,
        u1_0.username 
    from
        users u1_0 
    where
        u1_0.username=?
2026-05-05 03:40:17 [http-nio-8080-exec-5] DEBUG org.hibernate.SQL - 
    /* <criteria> */ select
        s1_0.id,
        s1_0.avatar,
        s1_0.birth_date,
        s1_0.created_at,
        s1_0.email,
        s1_0.emergency_contact,
        s1_0.emergency_phone,
        s1_0.gender,
        s1_0.name,
        s1_0.phone,
        s1_0.status,
        s1_0.updated_at,
        s1_0.user_id 
    from
        students s1_0
2026-05-05 03:40:17 [http-nio-8080-exec-4] DEBUG org.hibernate.SQL - 
    /* <criteria> */ select
        c1_0.id,
        c1_0.capacity,
        c1_0.category,
        c1_0.created_at,
        c1_0.description,
        c1_0.duration,
        c1_0.enrolled_count,
        c1_0.image,
        c1_0.level,
        c1_0.name,
        c1_0.price,
        c1_0.status,
        c1_0.teacher_id,
        c1_0.updated_at 
    from
        courses c1_0
2026-05-05 03:40:17 [http-nio-8080-exec-6] DEBUG org.hibernate.SQL - 
    /* <criteria> */ select
        c1_0.id,
        c1_0.capacity,
        c1_0.category,
        c1_0.created_at,
        c1_0.description,
        c1_0.duration,
        c1_0.enrolled_count,
        c1_0.image,
        c1_0.level,
        c1_0.name,
        c1_0.price,
        c1_0.status,
        c1_0.teacher_id,
        c1_0.updated_at 
    from
        courses c1_0 
    limit
        ?, ?
2026-05-05 03:40:17 [http-nio-8080-exec-3] DEBUG org.hibernate.SQL - 
    /* SELECT
        SUM(p.amount) 
    FROM
        Payment p 
    WHERE
        p.status = 'SUCCESS' 
        AND p.paymentTime BETWEEN :start AND :end */ select
            sum(p1_0.amount) 
        from
            payments p1_0 
        where
            p1_0.status='SUCCESS' 
            and p1_0.payment_time between ? and ?
2026-05-05 03:40:17 [http-nio-8080-exec-4] DEBUG org.hibernate.SQL - 
    /* select
        count(*) 
    from
        Enrollment x */ select
            count(*) 
        from
            enrollments e1_0
2026-05-05 03:40:17 [http-nio-8080-exec-3] DEBUG org.hibernate.SQL - 
    /* select
        count(*) 
    from
        Payment x */ select
            count(*) 
        from
            payments p1_0
2026-05-05 03:40:17 [http-nio-8080-exec-5] DEBUG org.hibernate.SQL - 
    /* <criteria> */ select
        e1_0.id,
        e1_0.cancel_reason,
        e1_0.cancelled_at,
        e1_0.course_id,
        e1_0.created_at,
        e1_0.enrollment_date,
        e1_0.payment_status,
        e1_0.schedule_id,
        e1_0.status,
        e1_0.student_id,
        e1_0.updated_at 
    from
        enrollments e1_0
2026-05-05 03:40:17 [http-nio-8080-exec-4] DEBUG org.hibernate.SQL - 
    /* SELECT
        COUNT(e) 
    FROM
        Enrollment e 
    WHERE
        e.course.id = :courseId 
        AND e.status NOT IN ('CANCELLED') */ select
            count(e1_0.id) 
        from
            enrollments e1_0 
        where
            e1_0.course_id=? 
            and e1_0.status not in ('CANCELLED')
2026-05-05 03:40:17 [http-nio-8080-exec-3] DEBUG org.hibernate.SQL - 
    /* SELECT
        COUNT(p) 
    FROM
        Payment p 
    WHERE
        p.status = :status */ select
            count(p1_0.id) 
        from
            payments p1_0 
        where
            p1_0.status=?
2026-05-05 03:40:17 [http-nio-8080-exec-4] DEBUG org.hibernate.SQL - 
    /* SELECT
        COUNT(e) 
    FROM
        Enrollment e 
    WHERE
        e.course.id = :courseId 
        AND e.status NOT IN ('CANCELLED') */ select
            count(e1_0.id) 
        from
            enrollments e1_0 
        where
            e1_0.course_id=? 
            and e1_0.status not in ('CANCELLED')
2026-05-05 03:40:17 [http-nio-8080-exec-5] DEBUG org.hibernate.SQL - 
    /* <criteria> */ select
        e1_0.id,
        e1_0.cancel_reason,
        e1_0.cancelled_at,
        e1_0.course_id,
        e1_0.created_at,
        e1_0.enrollment_date,
        e1_0.payment_status,
        e1_0.schedule_id,
        e1_0.status,
        e1_0.student_id,
        e1_0.updated_at 
    from
        enrollments e1_0
2026-05-05 03:40:17 [http-nio-8080-exec-3] DEBUG org.hibernate.SQL - 
    /* SELECT
        COUNT(p) 
    FROM
        Payment p 
    WHERE
        p.status = :status */ select
            count(p1_0.id) 
        from
            payments p1_0 
        where
            p1_0.status=?
2026-05-05 03:40:18 [http-nio-8080-exec-4] DEBUG org.hibernate.SQL - 
    /* SELECT
        COUNT(e) 
    FROM
        Enrollment e 
    WHERE
        e.course.id = :courseId 
        AND e.status NOT IN ('CANCELLED') */ select
            count(e1_0.id) 
        from
            enrollments e1_0 
        where
            e1_0.course_id=? 
            and e1_0.status not in ('CANCELLED')
2026-05-05 03:40:18 [http-nio-8080-exec-3] DEBUG org.hibernate.SQL - 
    /* SELECT
        COUNT(p) 
    FROM
        Payment p 
    WHERE
        p.status = :status */ select
            count(p1_0.id) 
        from
            payments p1_0 
        where
            p1_0.status=?
2026-05-05 03:40:18 [http-nio-8080-exec-5] DEBUG org.hibernate.SQL - 
    /* <criteria> */ select
        e1_0.id,
        e1_0.cancel_reason,
        e1_0.cancelled_at,
        e1_0.course_id,
        e1_0.created_at,
        e1_0.enrollment_date,
        e1_0.payment_status,
        e1_0.schedule_id,
        e1_0.status,
        e1_0.student_id,
        e1_0.updated_at 
    from
        enrollments e1_0
2026-05-05 03:40:18 [http-nio-8080-exec-6] DEBUG org.hibernate.SQL - 
    select
        t1_0.id,
        t1_0.avatar,
        t1_0.bio,
        t1_0.created_at,
        t1_0.email,
        t1_0.experience,
        t1_0.name,
        t1_0.phone,
        t1_0.status,
        t1_0.subjects,
        t1_0.updated_at,
        t1_0.user_id 
    from
        teachers t1_0 
    where
        t1_0.id=?
2026-05-05 03:40:18 [http-nio-8080-exec-4] DEBUG org.hibernate.SQL - 
    /* SELECT
        COUNT(e) 
    FROM
        Enrollment e 
    WHERE
        e.course.id = :courseId 
        AND e.status NOT IN ('CANCELLED') */ select
            count(e1_0.id) 
        from
            enrollments e1_0 
        where
            e1_0.course_id=? 
            and e1_0.status not in ('CANCELLED')
2026-05-05 03:40:18 [http-nio-8080-exec-6] DEBUG org.hibernate.SQL - 
    select
        t1_0.id,
        t1_0.avatar,
        t1_0.bio,
        t1_0.created_at,
        t1_0.email,
        t1_0.experience,
        t1_0.name,
        t1_0.phone,
        t1_0.status,
        t1_0.subjects,
        t1_0.updated_at,
        t1_0.user_id 
    from
        teachers t1_0 
    where
        t1_0.id=?
2026-05-05 03:40:18 [http-nio-8080-exec-5] DEBUG org.hibernate.SQL - 
    /* <criteria> */ select
        e1_0.id,
        e1_0.cancel_reason,
        e1_0.cancelled_at,
        e1_0.course_id,
        e1_0.created_at,
        e1_0.enrollment_date,
        e1_0.payment_status,
        e1_0.schedule_id,
        e1_0.status,
        e1_0.student_id,
        e1_0.updated_at 
    from
        enrollments e1_0
2026-05-05 03:40:18 [http-nio-8080-exec-4] DEBUG org.hibernate.SQL - 
    /* SELECT
        COUNT(e) 
    FROM
        Enrollment e 
    WHERE
        e.course.id = :courseId 
        AND e.status NOT IN ('CANCELLED') */ select
            count(e1_0.id) 
        from
            enrollments e1_0 
        where
            e1_0.course_id=? 
            and e1_0.status not in ('CANCELLED')
2026-05-05 03:40:18 [http-nio-8080-exec-4] DEBUG org.hibernate.SQL - 
    /* SELECT
        COUNT(e) 
    FROM
        Enrollment e 
    WHERE
        e.course.id = :courseId 
        AND e.status NOT IN ('CANCELLED') */ select
            count(e1_0.id) 
        from
            enrollments e1_0 
        where
            e1_0.course_id=? 
            and e1_0.status not in ('CANCELLED')
2026-05-05 03:40:21 [http-nio-8080-exec-9] DEBUG org.hibernate.SQL - 
    /* <criteria> */ select
        u1_0.id,
        u1_0.avatar,
        u1_0.created_at,
        u1_0.email,
        u1_0.password,
        u1_0.phone,
        u1_0.real_name,
        u1_0.role,
        u1_0.status,
        u1_0.updated_at,
        u1_0.username 
    from
        users u1_0 
    where
        u1_0.username=?
2026-05-05 03:40:21 [http-nio-8080-exec-7] DEBUG org.hibernate.SQL - 
    /* <criteria> */ select
        u1_0.id,
        u1_0.avatar,
        u1_0.created_at,
        u1_0.email,
        u1_0.password,
        u1_0.phone,
        u1_0.real_name,
        u1_0.role,
        u1_0.status,
        u1_0.updated_at,
        u1_0.username 
    from
        users u1_0 
    where
        u1_0.username=?
2026-05-05 03:40:21 [http-nio-8080-exec-8] DEBUG org.hibernate.SQL - 
    /* <criteria> */ select
        u1_0.id,
        u1_0.avatar,
        u1_0.created_at,
        u1_0.email,
        u1_0.password,
        u1_0.phone,
        u1_0.real_name,
        u1_0.role,
        u1_0.status,
        u1_0.updated_at,
        u1_0.username 
    from
        users u1_0 
    where
        u1_0.username=?
2026-05-05 03:40:21 [http-nio-8080-exec-7] DEBUG org.hibernate.SQL - 
    /* <criteria> */ select
        p1_0.id,
        p1_0.amount,
        p1_0.created_at,
        p1_0.enrollment_id,
        p1_0.payment_method,
        p1_0.payment_time,
        p1_0.status,
        p1_0.transaction_id,
        p1_0.updated_at 
    from
        payments p1_0 
    limit
        ?, ?
2026-05-05 03:40:21 [http-nio-8080-exec-9] DEBUG org.hibernate.SQL - 
    /* <criteria> */ select
        b1_0.id,
        b1_0.amount,
        b1_0.bill_type,
        b1_0.created_at,
        b1_0.description,
        b1_0.due_date,
        b1_0.payment_id,
        b1_0.status,
        b1_0.student_id,
        b1_0.updated_at 
    from
        bills b1_0 
    limit
        ?, ?
2026-05-05 03:40:21 [http-nio-8080-exec-8] DEBUG org.hibernate.SQL - 
    /* SELECT
        SUM(p.amount) 
    FROM
        Payment p 
    WHERE
        p.status = 'SUCCESS' 
        AND p.paymentTime BETWEEN :start AND :end */ select
            sum(p1_0.amount) 
        from
            payments p1_0 
        where
            p1_0.status='SUCCESS' 
            and p1_0.payment_time between ? and ?
2026-05-05 03:40:21 [http-nio-8080-exec-9] DEBUG org.hibernate.SQL - 
    /* <criteria> */ select
        count(b1_0.id) 
    from
        bills b1_0
2026-05-05 03:40:21 [http-nio-8080-exec-7] DEBUG org.hibernate.SQL - 
    /* <criteria> */ select
        count(p1_0.id) 
    from
        payments p1_0
2026-05-05 03:40:21 [http-nio-8080-exec-8] DEBUG org.hibernate.SQL - 
    /* SELECT
        COUNT(p) 
    FROM
        Payment p 
    WHERE
        p.status = :status */ select
            count(p1_0.id) 
        from
            payments p1_0 
        where
            p1_0.status=?
2026-05-05 03:40:21 [http-nio-8080-exec-8] DEBUG org.hibernate.SQL - 
    /* SELECT
        COUNT(p) 
    FROM
        Payment p 
    WHERE
        p.status = :status */ select
            count(p1_0.id) 
        from
            payments p1_0 
        where
            p1_0.status=?
2026-05-05 03:40:21 [http-nio-8080-exec-8] DEBUG org.hibernate.SQL - 
    /* SELECT
        COUNT(p) 
    FROM
        Payment p 
    WHERE
        p.status = :status */ select
            count(p1_0.id) 
        from
            payments p1_0 
        where
            p1_0.status=?
2026-05-05 03:40:21 [http-nio-8080-exec-8] DEBUG org.hibernate.SQL - 
    /* SELECT
        COUNT(b) 
    FROM
        Bill b 
    WHERE
        b.status = :status */ select
            count(b1_0.id) 
        from
            bills b1_0 
        where
            b1_0.status=?
2026-05-05 03:40:21 [http-nio-8080-exec-8] DEBUG org.hibernate.SQL - 
    /* SELECT
        COUNT(b) 
    FROM
        Bill b 
    WHERE
        b.status = :status */ select
            count(b1_0.id) 
        from
            bills b1_0 
        where
            b1_0.status=?
2026-05-05 03:40:21 [http-nio-8080-exec-8] DEBUG org.hibernate.SQL - 
    /* SELECT
        COUNT(b) 
    FROM
        Bill b 
    WHERE
        b.status = :status */ select
            count(b1_0.id) 
        from
            bills b1_0 
        where
            b1_0.status=?
2026-05-05 03:40:25 [http-nio-8080-exec-10] DEBUG org.hibernate.SQL - 
    /* <criteria> */ select
        u1_0.id,
        u1_0.avatar,
        u1_0.created_at,
        u1_0.email,
        u1_0.password,
        u1_0.phone,
        u1_0.real_name,
        u1_0.role,
        u1_0.status,
        u1_0.updated_at,
        u1_0.username 
    from
        users u1_0 
    where
        u1_0.username=?
2026-05-05 03:40:25 [http-nio-8080-exec-1] DEBUG org.hibernate.SQL - 
    /* <criteria> */ select
        u1_0.id,
        u1_0.avatar,
        u1_0.created_at,
        u1_0.email,
        u1_0.password,
        u1_0.phone,
        u1_0.real_name,
        u1_0.role,
        u1_0.status,
        u1_0.updated_at,
        u1_0.username 
    from
        users u1_0 
    where
        u1_0.username=?
2026-05-05 03:40:25 [http-nio-8080-exec-1] DEBUG org.hibernate.SQL - 
    /* SELECT
        SUM(p.amount) 
    FROM
        Payment p 
    WHERE
        p.status = 'SUCCESS' 
        AND p.paymentTime BETWEEN :start AND :end */ select
            sum(p1_0.amount) 
        from
            payments p1_0 
        where
            p1_0.status='SUCCESS' 
            and p1_0.payment_time between ? and ?
2026-05-05 03:40:25 [http-nio-8080-exec-10] DEBUG org.hibernate.SQL - 
    /* <criteria> */ select
        p1_0.id,
        p1_0.amount,
        p1_0.created_at,
        p1_0.enrollment_id,
        p1_0.payment_method,
        p1_0.payment_time,
        p1_0.status,
        p1_0.transaction_id,
        p1_0.updated_at 
    from
        payments p1_0 
    limit
        ?, ?
2026-05-05 03:40:25 [http-nio-8080-exec-1] DEBUG org.hibernate.SQL - 
    /* SELECT
        COUNT(p) 
    FROM
        Payment p 
    WHERE
        p.status = :status */ select
            count(p1_0.id) 
        from
            payments p1_0 
        where
            p1_0.status=?
2026-05-05 03:40:25 [http-nio-8080-exec-10] DEBUG org.hibernate.SQL - 
    /* <criteria> */ select
        count(p1_0.id) 
    from
        payments p1_0
2026-05-05 03:40:25 [http-nio-8080-exec-1] DEBUG org.hibernate.SQL - 
    /* SELECT
        COUNT(p) 
    FROM
        Payment p 
    WHERE
        p.status = :status */ select
            count(p1_0.id) 
        from
            payments p1_0 
        where
            p1_0.status=?
2026-05-05 03:40:25 [http-nio-8080-exec-1] DEBUG org.hibernate.SQL - 
    /* SELECT
        COUNT(p) 
    FROM
        Payment p 
    WHERE
        p.status = :status */ select
            count(p1_0.id) 
        from
            payments p1_0 
        where
            p1_0.status=?
2026-05-05 03:40:25 [http-nio-8080-exec-1] DEBUG org.hibernate.SQL - 
    /* SELECT
        COUNT(b) 
    FROM
        Bill b 
    WHERE
        b.status = :status */ select
            count(b1_0.id) 
        from
            bills b1_0 
        where
            b1_0.status=?
2026-05-05 03:40:25 [http-nio-8080-exec-1] DEBUG org.hibernate.SQL - 
    /* SELECT
        COUNT(b) 
    FROM
        Bill b 
    WHERE
        b.status = :status */ select
            count(b1_0.id) 
        from
            bills b1_0 
        where
            b1_0.status=?
2026-05-05 03:40:25 [http-nio-8080-exec-1] DEBUG org.hibernate.SQL - 
    /* SELECT
        COUNT(b) 
    FROM
        Bill b 
    WHERE
        b.status = :status */ select
            count(b1_0.id) 
        from
            bills b1_0 
        where
            b1_0.status=?
2026-05-05 03:40:41 [http-nio-8080-exec-6] DEBUG org.hibernate.SQL - 
    /* <criteria> */ select
        u1_0.id,
        u1_0.avatar,
        u1_0.created_at,
        u1_0.email,
        u1_0.password,
        u1_0.phone,
        u1_0.real_name,
        u1_0.role,
        u1_0.status,
        u1_0.updated_at,
        u1_0.username 
    from
        users u1_0 
    where
        u1_0.username=?
2026-05-05 03:40:41 [http-nio-8080-exec-2] DEBUG org.hibernate.SQL - 
    /* <criteria> */ select
        u1_0.id,
        u1_0.avatar,
        u1_0.created_at,
        u1_0.email,
        u1_0.password,
        u1_0.phone,
        u1_0.real_name,
        u1_0.role,
        u1_0.status,
        u1_0.updated_at,
        u1_0.username 
    from
        users u1_0 
    where
        u1_0.username=?
2026-05-05 03:40:41 [http-nio-8080-exec-6] DEBUG org.hibernate.SQL - 
    /* <criteria> */ select
        b1_0.id,
        b1_0.amount,
        b1_0.bill_type,
        b1_0.created_at,
        b1_0.description,
        b1_0.due_date,
        b1_0.payment_id,
        b1_0.status,
        b1_0.student_id,
        b1_0.updated_at 
    from
        bills b1_0 
    limit
        ?, ?
2026-05-05 03:40:41 [http-nio-8080-exec-2] DEBUG org.hibernate.SQL - 
    /* <criteria> */ select
        p1_0.id,
        p1_0.amount,
        p1_0.created_at,
        p1_0.enrollment_id,
        p1_0.payment_method,
        p1_0.payment_time,
        p1_0.status,
        p1_0.transaction_id,
        p1_0.updated_at 
    from
        payments p1_0 
    limit
        ?, ?
2026-05-05 03:42:58 [http-nio-8080-exec-3] DEBUG org.hibernate.SQL - 
    /* <criteria> */ select
        u1_0.id,
        u1_0.avatar,
        u1_0.created_at,
        u1_0.email,
        u1_0.password,
        u1_0.phone,
        u1_0.real_name,
        u1_0.role,
        u1_0.status,
        u1_0.updated_at,
        u1_0.username 
    from
        users u1_0 
    where
        u1_0.username=?
2026-05-05 03:42:58 [http-nio-8080-exec-5] DEBUG org.hibernate.SQL - 
    /* <criteria> */ select
        u1_0.id,
        u1_0.avatar,
        u1_0.created_at,
        u1_0.email,
        u1_0.password,
        u1_0.phone,
        u1_0.real_name,
        u1_0.role,
        u1_0.status,
        u1_0.updated_at,
        u1_0.username 
    from
        users u1_0 
    where
        u1_0.username=?
2026-05-05 03:42:58 [http-nio-8080-exec-3] DEBUG org.hibernate.SQL - 
    /* <criteria> */ select
        b1_0.id,
        b1_0.amount,
        b1_0.bill_type,
        b1_0.created_at,
        b1_0.description,
        b1_0.due_date,
        b1_0.payment_id,
        b1_0.status,
        b1_0.student_id,
        b1_0.updated_at 
    from
        bills b1_0 
    limit
        ?, ?
2026-05-05 03:42:58 [http-nio-8080-exec-5] DEBUG org.hibernate.SQL - 
    /* <criteria> */ select
        p1_0.id,
        p1_0.amount,
        p1_0.created_at,
        p1_0.enrollment_id,
        p1_0.payment_method,
        p1_0.payment_time,
        p1_0.status,
        p1_0.transaction_id,
        p1_0.updated_at 
    from
        payments p1_0 
    limit
        ?, ?
2026-05-05 03:43:10 [http-nio-8080-exec-9] DEBUG org.hibernate.SQL - 
    /* <criteria> */ select
        u1_0.id,
        u1_0.avatar,
        u1_0.created_at,
        u1_0.email,
        u1_0.password,
        u1_0.phone,
        u1_0.real_name,
        u1_0.role,
        u1_0.status,
        u1_0.updated_at,
        u1_0.username 
    from
        users u1_0 
    where
        u1_0.username=?
2026-05-05 03:43:10 [http-nio-8080-exec-4] DEBUG org.hibernate.SQL - 
    /* <criteria> */ select
        u1_0.id,
        u1_0.avatar,
        u1_0.created_at,
        u1_0.email,
        u1_0.password,
        u1_0.phone,
        u1_0.real_name,
        u1_0.role,
        u1_0.status,
        u1_0.updated_at,
        u1_0.username 
    from
        users u1_0 
    where
        u1_0.username=?
2026-05-05 03:43:10 [http-nio-8080-exec-4] DEBUG org.hibernate.SQL - 
    /* <criteria> */ select
        p1_0.id,
        p1_0.amount,
        p1_0.created_at,
        p1_0.enrollment_id,
        p1_0.payment_method,
        p1_0.payment_time,
        p1_0.status,
        p1_0.transaction_id,
        p1_0.updated_at 
    from
        payments p1_0 
    limit
        ?, ?
2026-05-05 03:43:10 [http-nio-8080-exec-9] DEBUG org.hibernate.SQL - 
    /* <criteria> */ select
        b1_0.id,
        b1_0.amount,
        b1_0.bill_type,
        b1_0.created_at,
        b1_0.description,
        b1_0.due_date,
        b1_0.payment_id,
        b1_0.status,
        b1_0.student_id,
        b1_0.updated_at 
    from
        bills b1_0 
    limit
        ?, ?
2026-05-05 03:46:02 [SpringApplicationShutdownHook] INFO  o.s.o.j.LocalContainerEntityManagerFactoryBean - Closing JPA EntityManagerFactory for persistence unit 'default'
2026-05-05 03:46:02 [SpringApplicationShutdownHook] INFO  com.zaxxer.hikari.HikariDataSource - HikariPool-1 - Shutdown initiated...
2026-05-05 03:46:02 [SpringApplicationShutdownHook] INFO  com.zaxxer.hikari.HikariDataSource - HikariPool-1 - Shutdown completed.
2026-05-05 03:46:08 [main] INFO  c.example.backend.BackendApplication - Starting BackendApplication using Java 22.0.2 with PID 29296 (C:\Users\YunH\Desktop\街舞系统\backend\target\classes started by YunH in C:\Users\YunH\Desktop\街舞系统)
2026-05-05 03:46:08 [main] DEBUG c.example.backend.BackendApplication - Running with Spring Boot v3.2.4, Spring v6.1.5
2026-05-05 03:46:08 [main] INFO  c.example.backend.BackendApplication - No active profile set, falling back to 1 default profile: "default"
2026-05-05 03:46:09 [main] INFO  o.s.d.r.c.RepositoryConfigurationDelegate - Bootstrapping Spring Data JPA repositories in DEFAULT mode.
2026-05-05 03:46:09 [main] INFO  o.s.d.r.c.RepositoryConfigurationDelegate - Finished Spring Data repository scanning in 73 ms. Found 10 JPA repository interfaces.
2026-05-05 03:46:10 [main] INFO  o.s.b.w.e.tomcat.TomcatWebServer - Tomcat initialized with port 8080 (http)
2026-05-05 03:46:10 [main] INFO  o.a.catalina.core.StandardService - Starting service [Tomcat]
2026-05-05 03:46:10 [main] INFO  o.a.catalina.core.StandardEngine - Starting Servlet engine: [Apache Tomcat/10.1.19]
2026-05-05 03:46:10 [main] INFO  o.a.c.c.C.[Tomcat].[localhost].[/] - Initializing Spring embedded WebApplicationContext
2026-05-05 03:46:10 [main] INFO  o.s.b.w.s.c.ServletWebServerApplicationContext - Root WebApplicationContext: initialization completed in 1429 ms
2026-05-05 03:46:10 [main] INFO  com.zaxxer.hikari.HikariDataSource - HikariPool-1 - Starting...
2026-05-05 03:46:10 [main] INFO  com.zaxxer.hikari.pool.HikariPool - HikariPool-1 - Added connection com.mysql.cj.jdbc.ConnectionImpl@686cf8ad
2026-05-05 03:46:10 [main] INFO  com.zaxxer.hikari.HikariDataSource - HikariPool-1 - Start completed.
2026-05-05 03:46:10 [main] INFO  o.h.jpa.internal.util.LogHelper - HHH000204: Processing PersistenceUnitInfo [name: default]
2026-05-05 03:46:10 [main] INFO  org.hibernate.Version - HHH000412: Hibernate ORM core version 6.4.4.Final
2026-05-05 03:46:10 [main] INFO  o.h.c.i.RegionFactoryInitiator - HHH000026: Second-level cache disabled
2026-05-05 03:46:10 [main] INFO  o.s.o.j.p.SpringPersistenceUnitInfo - No LoadTimeWeaver setup: ignoring JPA class transformer
2026-05-05 03:46:11 [main] WARN  org.hibernate.dialect.Dialect - HHH000511: The 5.5.0 version for [org.hibernate.dialect.MySQLDialect] is no longer supported, hence certain features may not work properly. The minimum supported version is 8.0.0. Check the community dialects project for available legacy versions.
2026-05-05 03:46:11 [main] WARN  org.hibernate.orm.deprecation - HHH90000025: MySQLDialect does not need to be specified explicitly using 'hibernate.dialect' (remove the property setting and it will be selected by default)
2026-05-05 03:46:11 [main] INFO  o.h.e.t.j.p.i.JtaPlatformInitiator - HHH000489: No JTA platform available (set 'hibernate.transaction.jta.platform' to enable JTA platform integration)
2026-05-05 03:46:12 [main] INFO  o.s.o.j.LocalContainerEntityManagerFactoryBean - Initialized JPA EntityManagerFactory for persistence unit 'default'
2026-05-05 03:46:12 [main] DEBUG c.e.b.s.JwtAuthenticationFilter - Filter 'jwtAuthenticationFilter' configured for use
2026-05-05 03:46:12 [main] INFO  o.s.d.j.r.query.QueryEnhancerFactory - Hibernate is in classpath; If applicable, HQL parser will be used.
2026-05-05 03:46:13 [main] INFO  c.e.b.service.FileUploadService - 文件上传目录: C:\Users\YunH\Desktop\街舞系统\upload
2026-05-05 03:46:13 [main] INFO  c.e.b.service.FileUploadService - 上传目录创建成功
2026-05-05 03:46:13 [main] WARN  o.s.b.a.o.j.JpaBaseConfiguration$JpaWebConfiguration - spring.jpa.open-in-view is enabled by default. Therefore, database queries may be performed during view rendering. Explicitly configure spring.jpa.open-in-view to disable this warning
2026-05-05 03:46:13 [main] INFO  o.s.s.web.DefaultSecurityFilterChain - Will secure any request with [org.springframework.security.web.session.DisableEncodeUrlFilter@310d05c5, org.springframework.security.web.context.request.async.WebAsyncManagerIntegrationFilter@1fb5eda7, org.springframework.security.web.context.SecurityContextHolderFilter@697607a5, org.springframework.security.web.header.HeaderWriterFilter@65b75087, org.springframework.web.filter.CorsFilter@64746794, org.springframework.security.web.authentication.logout.LogoutFilter@6cf04303, com.example.backend.security.JwtAuthenticationFilter@5cfde2a4, org.springframework.security.web.savedrequest.RequestCacheAwareFilter@2bdc94bd, org.springframework.security.web.servletapi.SecurityContextHolderAwareRequestFilter@5a10b7e8, org.springframework.security.web.authentication.AnonymousAuthenticationFilter@7aaa4694, org.springframework.security.web.session.SessionManagementFilter@3c7ac542, org.springframework.security.web.access.ExceptionTranslationFilter@563a32a2, org.springframework.security.web.access.intercept.AuthorizationFilter@1717302b]
2026-05-05 03:46:13 [main] INFO  o.s.b.w.e.tomcat.TomcatWebServer - Tomcat started on port 8080 (http) with context path ''
2026-05-05 03:46:13 [main] INFO  c.example.backend.BackendApplication - Started BackendApplication in 5.518 seconds (process running for 6.046)
2026-05-05 03:46:33 [http-nio-8080-exec-1] INFO  o.a.c.c.C.[Tomcat].[localhost].[/] - Initializing Spring DispatcherServlet 'dispatcherServlet'
2026-05-05 03:46:33 [http-nio-8080-exec-1] INFO  o.s.web.servlet.DispatcherServlet - Initializing Servlet 'dispatcherServlet'
2026-05-05 03:46:33 [http-nio-8080-exec-1] INFO  o.s.web.servlet.DispatcherServlet - Completed initialization in 2 ms
2026-05-05 03:46:33 [http-nio-8080-exec-1] DEBUG org.hibernate.SQL - 
    /* <criteria> */ select
        u1_0.id,
        u1_0.avatar,
        u1_0.created_at,
        u1_0.email,
        u1_0.password,
        u1_0.phone,
        u1_0.real_name,
        u1_0.role,
        u1_0.status,
        u1_0.updated_at,
        u1_0.username 
    from
        users u1_0 
    where
        u1_0.username=?
2026-05-05 03:46:33 [http-nio-8080-exec-1] DEBUG org.hibernate.SQL - 
    /* <criteria> */ select
        c1_0.id,
        c1_0.capacity,
        c1_0.category,
        c1_0.created_at,
        c1_0.description,
        c1_0.duration,
        c1_0.enrolled_count,
        c1_0.image,
        c1_0.level,
        c1_0.name,
        c1_0.price,
        c1_0.status,
        c1_0.teacher_id,
        c1_0.updated_at 
    from
        courses c1_0 
    where
        c1_0.status=? 
    limit
        ?, ?
2026-05-05 03:46:33 [http-nio-8080-exec-1] DEBUG org.hibernate.SQL - 
    select
        t1_0.id,
        t1_0.avatar,
        t1_0.bio,
        t1_0.created_at,
        t1_0.email,
        t1_0.experience,
        t1_0.name,
        t1_0.phone,
        t1_0.status,
        t1_0.subjects,
        t1_0.updated_at,
        t1_0.user_id 
    from
        teachers t1_0 
    where
        t1_0.id=?
2026-05-05 03:46:33 [http-nio-8080-exec-1] DEBUG org.hibernate.SQL - 
    select
        t1_0.id,
        t1_0.avatar,
        t1_0.bio,
        t1_0.created_at,
        t1_0.email,
        t1_0.experience,
        t1_0.name,
        t1_0.phone,
        t1_0.status,
        t1_0.subjects,
        t1_0.updated_at,
        t1_0.user_id 
    from
        teachers t1_0 
    where
        t1_0.id=?
2026-05-05 03:46:33 [http-nio-8080-exec-4] DEBUG org.hibernate.SQL - 
    /* <criteria> */ select
        u1_0.id,
        u1_0.avatar,
        u1_0.created_at,
        u1_0.email,
        u1_0.password,
        u1_0.phone,
        u1_0.real_name,
        u1_0.role,
        u1_0.status,
        u1_0.updated_at,
        u1_0.username 
    from
        users u1_0 
    where
        u1_0.username=?
2026-05-05 03:46:34 [http-nio-8080-exec-4] DEBUG org.hibernate.SQL - 
    /* <criteria> */ select
        s1_0.id,
        s1_0.avatar,
        s1_0.birth_date,
        s1_0.created_at,
        s1_0.email,
        s1_0.emergency_contact,
        s1_0.emergency_phone,
        s1_0.gender,
        s1_0.name,
        s1_0.phone,
        s1_0.status,
        s1_0.updated_at,
        s1_0.user_id 
    from
        students s1_0 
    left join
        users u1_0 
            on u1_0.id=s1_0.user_id 
    where
        u1_0.id=?
2026-05-05 03:46:34 [http-nio-8080-exec-4] DEBUG org.hibernate.SQL - 
    /* SELECT
        e 
    FROM
        Enrollment e 
    WHERE
        e.student.id = :studentId 
        AND e.status NOT IN ('CANCELLED') */ select
            e1_0.id,
            e1_0.cancel_reason,
            e1_0.cancelled_at,
            e1_0.course_id,
            e1_0.created_at,
            e1_0.enrollment_date,
            e1_0.payment_status,
            e1_0.schedule_id,
            e1_0.status,
            e1_0.student_id,
            e1_0.updated_at 
        from
            enrollments e1_0 
        where
            e1_0.student_id=? 
            and e1_0.status not in ('CANCELLED')
2026-05-05 03:46:34 [http-nio-8080-exec-4] DEBUG org.hibernate.SQL - 
    select
        c1_0.id,
        c1_0.capacity,
        c1_0.category,
        c1_0.created_at,
        c1_0.description,
        c1_0.duration,
        c1_0.enrolled_count,
        c1_0.image,
        c1_0.level,
        c1_0.name,
        c1_0.price,
        c1_0.status,
        c1_0.teacher_id,
        c1_0.updated_at 
    from
        courses c1_0 
    where
        c1_0.id=?
2026-05-05 03:46:36 [http-nio-8080-exec-2] DEBUG org.hibernate.SQL - 
    /* <criteria> */ select
        u1_0.id,
        u1_0.avatar,
        u1_0.created_at,
        u1_0.email,
        u1_0.password,
        u1_0.phone,
        u1_0.real_name,
        u1_0.role,
        u1_0.status,
        u1_0.updated_at,
        u1_0.username 
    from
        users u1_0 
    where
        u1_0.username=?
2026-05-05 03:46:36 [http-nio-8080-exec-2] DEBUG org.hibernate.SQL - 
    /* <criteria> */ select
        s1_0.id,
        s1_0.avatar,
        s1_0.birth_date,
        s1_0.created_at,
        s1_0.email,
        s1_0.emergency_contact,
        s1_0.emergency_phone,
        s1_0.gender,
        s1_0.name,
        s1_0.phone,
        s1_0.status,
        s1_0.updated_at,
        s1_0.user_id 
    from
        students s1_0 
    left join
        users u1_0 
            on u1_0.id=s1_0.user_id 
    where
        u1_0.id=?
2026-05-05 03:46:36 [http-nio-8080-exec-2] DEBUG org.hibernate.SQL - 
    /* SELECT
        e 
    FROM
        Enrollment e 
    WHERE
        e.student.id = :studentId 
        AND e.status NOT IN ('CANCELLED') */ select
            e1_0.id,
            e1_0.cancel_reason,
            e1_0.cancelled_at,
            e1_0.course_id,
            e1_0.created_at,
            e1_0.enrollment_date,
            e1_0.payment_status,
            e1_0.schedule_id,
            e1_0.status,
            e1_0.student_id,
            e1_0.updated_at 
        from
            enrollments e1_0 
        where
            e1_0.student_id=? 
            and e1_0.status not in ('CANCELLED')
2026-05-05 03:46:36 [http-nio-8080-exec-2] DEBUG org.hibernate.SQL - 
    select
        c1_0.id,
        c1_0.capacity,
        c1_0.category,
        c1_0.created_at,
        c1_0.description,
        c1_0.duration,
        c1_0.enrolled_count,
        c1_0.image,
        c1_0.level,
        c1_0.name,
        c1_0.price,
        c1_0.status,
        c1_0.teacher_id,
        c1_0.updated_at 
    from
        courses c1_0 
    where
        c1_0.id=?
2026-05-05 03:46:38 [http-nio-8080-exec-6] DEBUG org.hibernate.SQL - 
    /* <criteria> */ select
        u1_0.id,
        u1_0.avatar,
        u1_0.created_at,
        u1_0.email,
        u1_0.password,
        u1_0.phone,
        u1_0.real_name,
        u1_0.role,
        u1_0.status,
        u1_0.updated_at,
        u1_0.username 
    from
        users u1_0 
    where
        u1_0.username=?
2026-05-05 03:46:38 [http-nio-8080-exec-6] DEBUG org.hibernate.SQL - 
    /* <criteria> */ select
        c1_0.id,
        c1_0.capacity,
        c1_0.category,
        c1_0.created_at,
        c1_0.description,
        c1_0.duration,
        c1_0.enrolled_count,
        c1_0.image,
        c1_0.level,
        c1_0.name,
        c1_0.price,
        c1_0.status,
        c1_0.teacher_id,
        c1_0.updated_at 
    from
        courses c1_0 
    left join
        teachers t1_0 
            on t1_0.id=c1_0.teacher_id 
    where
        t1_0.id=?
2026-05-05 03:46:40 [http-nio-8080-exec-8] DEBUG org.hibernate.SQL - 
    /* <criteria> */ select
        u1_0.id,
        u1_0.avatar,
        u1_0.created_at,
        u1_0.email,
        u1_0.password,
        u1_0.phone,
        u1_0.real_name,
        u1_0.role,
        u1_0.status,
        u1_0.updated_at,
        u1_0.username 
    from
        users u1_0 
    where
        u1_0.username=?
2026-05-05 03:46:40 [http-nio-8080-exec-8] DEBUG org.hibernate.SQL - 
    /* <criteria> */ select
        s1_0.id,
        s1_0.avatar,
        s1_0.birth_date,
        s1_0.created_at,
        s1_0.email,
        s1_0.emergency_contact,
        s1_0.emergency_phone,
        s1_0.gender,
        s1_0.name,
        s1_0.phone,
        s1_0.status,
        s1_0.updated_at,
        s1_0.user_id 
    from
        students s1_0 
    left join
        users u1_0 
            on u1_0.id=s1_0.user_id 
    where
        u1_0.id=?
2026-05-05 03:46:40 [http-nio-8080-exec-8] DEBUG org.hibernate.SQL - 
    /* SELECT
        e 
    FROM
        Enrollment e 
    WHERE
        e.student.id = :studentId 
        AND e.status NOT IN ('CANCELLED') */ select
            e1_0.id,
            e1_0.cancel_reason,
            e1_0.cancelled_at,
            e1_0.course_id,
            e1_0.created_at,
            e1_0.enrollment_date,
            e1_0.payment_status,
            e1_0.schedule_id,
            e1_0.status,
            e1_0.student_id,
            e1_0.updated_at 
        from
            enrollments e1_0 
        where
            e1_0.student_id=? 
            and e1_0.status not in ('CANCELLED')
2026-05-05 03:46:40 [http-nio-8080-exec-8] DEBUG org.hibernate.SQL - 
    select
        c1_0.id,
        c1_0.capacity,
        c1_0.category,
        c1_0.created_at,
        c1_0.description,
        c1_0.duration,
        c1_0.enrolled_count,
        c1_0.image,
        c1_0.level,
        c1_0.name,
        c1_0.price,
        c1_0.status,
        c1_0.teacher_id,
        c1_0.updated_at 
    from
        courses c1_0 
    where
        c1_0.id=?
2026-05-05 03:46:41 [http-nio-8080-exec-10] DEBUG org.hibernate.SQL - 
    /* <criteria> */ select
        u1_0.id,
        u1_0.avatar,
        u1_0.created_at,
        u1_0.email,
        u1_0.password,
        u1_0.phone,
        u1_0.real_name,
        u1_0.role,
        u1_0.status,
        u1_0.updated_at,
        u1_0.username 
    from
        users u1_0 
    where
        u1_0.username=?
2026-05-05 03:46:41 [http-nio-8080-exec-10] DEBUG org.hibernate.SQL - 
    /* <criteria> */ select
        c1_0.id,
        c1_0.capacity,
        c1_0.category,
        c1_0.created_at,
        c1_0.description,
        c1_0.duration,
        c1_0.enrolled_count,
        c1_0.image,
        c1_0.level,
        c1_0.name,
        c1_0.price,
        c1_0.status,
        c1_0.teacher_id,
        c1_0.updated_at 
    from
        courses c1_0 
    where
        c1_0.status=? 
    limit
        ?, ?
2026-05-05 03:46:41 [http-nio-8080-exec-10] DEBUG org.hibernate.SQL - 
    select
        t1_0.id,
        t1_0.avatar,
        t1_0.bio,
        t1_0.created_at,
        t1_0.email,
        t1_0.experience,
        t1_0.name,
        t1_0.phone,
        t1_0.status,
        t1_0.subjects,
        t1_0.updated_at,
        t1_0.user_id 
    from
        teachers t1_0 
    where
        t1_0.id=?
2026-05-05 03:46:41 [http-nio-8080-exec-10] DEBUG org.hibernate.SQL - 
    select
        t1_0.id,
        t1_0.avatar,
        t1_0.bio,
        t1_0.created_at,
        t1_0.email,
        t1_0.experience,
        t1_0.name,
        t1_0.phone,
        t1_0.status,
        t1_0.subjects,
        t1_0.updated_at,
        t1_0.user_id 
    from
        teachers t1_0 
    where
        t1_0.id=?
2026-05-05 03:46:42 [http-nio-8080-exec-3] DEBUG org.hibernate.SQL - 
    /* <criteria> */ select
        u1_0.id,
        u1_0.avatar,
        u1_0.created_at,
        u1_0.email,
        u1_0.password,
        u1_0.phone,
        u1_0.real_name,
        u1_0.role,
        u1_0.status,
        u1_0.updated_at,
        u1_0.username 
    from
        users u1_0 
    where
        u1_0.username=?
2026-05-05 03:46:42 [http-nio-8080-exec-3] DEBUG org.hibernate.SQL - 
    /* <criteria> */ select
        s1_0.id,
        s1_0.avatar,
        s1_0.birth_date,
        s1_0.created_at,
        s1_0.email,
        s1_0.emergency_contact,
        s1_0.emergency_phone,
        s1_0.gender,
        s1_0.name,
        s1_0.phone,
        s1_0.status,
        s1_0.updated_at,
        s1_0.user_id 
    from
        students s1_0 
    left join
        users u1_0 
            on u1_0.id=s1_0.user_id 
    where
        u1_0.id=?
2026-05-05 03:46:43 [http-nio-8080-exec-3] DEBUG org.hibernate.SQL - 
    select
        c1_0.id,
        c1_0.capacity,
        c1_0.category,
        c1_0.created_at,
        c1_0.description,
        c1_0.duration,
        c1_0.enrolled_count,
        c1_0.image,
        c1_0.level,
        c1_0.name,
        c1_0.price,
        c1_0.status,
        c1_0.teacher_id,
        c1_0.updated_at 
    from
        courses c1_0 
    where
        c1_0.id=?
2026-05-05 03:46:43 [http-nio-8080-exec-3] DEBUG org.hibernate.SQL - 
    /* <criteria> */ select
        e1_0.id 
    from
        enrollments e1_0 
    left join
        students s1_0 
            on s1_0.id=e1_0.student_id 
    left join
        courses c1_0 
            on c1_0.id=e1_0.course_id 
    where
        s1_0.id=? 
        and c1_0.id=? 
        and e1_0.status<>? 
    limit
        ?
2026-05-05 03:46:43 [http-nio-8080-exec-3] WARN  c.e.b.config.GlobalExceptionHandler - [BusinessException] /api/courses/1/enroll - 您已报名该课程
2026-05-05 03:46:44 [http-nio-8080-exec-2] DEBUG org.hibernate.SQL - 
    /* <criteria> */ select
        u1_0.id,
        u1_0.avatar,
        u1_0.created_at,
        u1_0.email,
        u1_0.password,
        u1_0.phone,
        u1_0.real_name,
        u1_0.role,
        u1_0.status,
        u1_0.updated_at,
        u1_0.username 
    from
        users u1_0 
    where
        u1_0.username=?
2026-05-05 03:46:44 [http-nio-8080-exec-2] DEBUG org.hibernate.SQL - 
    /* <criteria> */ select
        s1_0.id,
        s1_0.avatar,
        s1_0.birth_date,
        s1_0.created_at,
        s1_0.email,
        s1_0.emergency_contact,
        s1_0.emergency_phone,
        s1_0.gender,
        s1_0.name,
        s1_0.phone,
        s1_0.status,
        s1_0.updated_at,
        s1_0.user_id 
    from
        students s1_0 
    left join
        users u1_0 
            on u1_0.id=s1_0.user_id 
    where
        u1_0.id=?
2026-05-05 03:46:44 [http-nio-8080-exec-2] DEBUG org.hibernate.SQL - 
    select
        c1_0.id,
        c1_0.capacity,
        c1_0.category,
        c1_0.created_at,
        c1_0.description,
        c1_0.duration,
        c1_0.enrolled_count,
        c1_0.image,
        c1_0.level,
        c1_0.name,
        c1_0.price,
        c1_0.status,
        c1_0.teacher_id,
        c1_0.updated_at 
    from
        courses c1_0 
    where
        c1_0.id=?
2026-05-05 03:46:44 [http-nio-8080-exec-2] DEBUG org.hibernate.SQL - 
    /* <criteria> */ select
        e1_0.id 
    from
        enrollments e1_0 
    left join
        students s1_0 
            on s1_0.id=e1_0.student_id 
    left join
        courses c1_0 
            on c1_0.id=e1_0.course_id 
    where
        s1_0.id=? 
        and c1_0.id=? 
        and e1_0.status<>? 
    limit
        ?
2026-05-05 03:46:44 [http-nio-8080-exec-2] DEBUG org.hibernate.SQL - 
    /* SELECT
        COUNT(e) 
    FROM
        Enrollment e 
    WHERE
        e.course.id = :courseId 
        AND e.status NOT IN ('CANCELLED') */ select
            count(e1_0.id) 
        from
            enrollments e1_0 
        where
            e1_0.course_id=? 
            and e1_0.status not in ('CANCELLED')
2026-05-05 03:46:44 [http-nio-8080-exec-2] DEBUG org.hibernate.SQL - 
    /* insert for
        com.example.backend.entity.Enrollment */insert 
    into
        enrollments (cancel_reason, cancelled_at, course_id, created_at, enrollment_date, payment_status, schedule_id, status, student_id, updated_at) 
    values
        (?, ?, ?, ?, ?, ?, ?, ?, ?, ?)
2026-05-05 03:46:44 [http-nio-8080-exec-2] DEBUG org.hibernate.SQL - 
    /* update
        for com.example.backend.entity.Course */update courses 
    set
        capacity=?,
        category=?,
        description=?,
        duration=?,
        enrolled_count=?,
        image=?,
        level=?,
        name=?,
        price=?,
        status=?,
        teacher_id=?,
        updated_at=? 
    where
        id=?
2026-05-05 03:46:52 [http-nio-8080-exec-5] DEBUG org.hibernate.SQL - 
    /* <criteria> */ select
        u1_0.id,
        u1_0.avatar,
        u1_0.created_at,
        u1_0.email,
        u1_0.password,
        u1_0.phone,
        u1_0.real_name,
        u1_0.role,
        u1_0.status,
        u1_0.updated_at,
        u1_0.username 
    from
        users u1_0 
    where
        u1_0.username=?
2026-05-05 03:46:52 [http-nio-8080-exec-5] DEBUG org.hibernate.SQL - 
    select
        e1_0.id,
        e1_0.cancel_reason,
        e1_0.cancelled_at,
        e1_0.course_id,
        e1_0.created_at,
        e1_0.enrollment_date,
        e1_0.payment_status,
        e1_0.schedule_id,
        e1_0.status,
        e1_0.student_id,
        e1_0.updated_at 
    from
        enrollments e1_0 
    where
        e1_0.id=?
2026-05-05 03:46:52 [http-nio-8080-exec-5] DEBUG org.hibernate.SQL - 
    /* insert for
        com.example.backend.entity.Payment */insert 
    into
        payments (amount, created_at, enrollment_id, payment_method, payment_time, status, transaction_id, updated_at) 
    values
        (?, ?, ?, ?, ?, ?, ?, ?)
2026-05-05 03:46:53 [http-nio-8080-exec-6] DEBUG org.hibernate.SQL - 
    /* <criteria> */ select
        u1_0.id,
        u1_0.avatar,
        u1_0.created_at,
        u1_0.email,
        u1_0.password,
        u1_0.phone,
        u1_0.real_name,
        u1_0.role,
        u1_0.status,
        u1_0.updated_at,
        u1_0.username 
    from
        users u1_0 
    where
        u1_0.username=?
2026-05-05 03:46:53 [http-nio-8080-exec-6] DEBUG org.hibernate.SQL - 
    select
        p1_0.id,
        p1_0.amount,
        p1_0.created_at,
        p1_0.enrollment_id,
        p1_0.payment_method,
        p1_0.payment_time,
        p1_0.status,
        p1_0.transaction_id,
        p1_0.updated_at 
    from
        payments p1_0 
    where
        p1_0.id=?
2026-05-05 03:46:53 [http-nio-8080-exec-6] DEBUG org.hibernate.SQL - 
    select
        e1_0.id,
        e1_0.cancel_reason,
        e1_0.cancelled_at,
        e1_0.course_id,
        e1_0.created_at,
        e1_0.enrollment_date,
        e1_0.payment_status,
        e1_0.schedule_id,
        e1_0.status,
        e1_0.student_id,
        e1_0.updated_at 
    from
        enrollments e1_0 
    where
        e1_0.id=?
2026-05-05 03:46:53 [http-nio-8080-exec-6] DEBUG org.hibernate.SQL - 
    /* update
        for com.example.backend.entity.Payment */update payments 
    set
        amount=?,
        enrollment_id=?,
        payment_method=?,
        payment_time=?,
        status=?,
        transaction_id=?,
        updated_at=? 
    where
        id=?
2026-05-05 03:46:53 [http-nio-8080-exec-6] DEBUG org.hibernate.SQL - 
    /* update
        for com.example.backend.entity.Enrollment */update enrollments 
    set
        cancel_reason=?,
        cancelled_at=?,
        course_id=?,
        enrollment_date=?,
        payment_status=?,
        schedule_id=?,
        status=?,
        student_id=?,
        updated_at=? 
    where
        id=?
2026-05-05 03:46:53 [http-nio-8080-exec-6] DEBUG org.hibernate.SQL - 
    /* <criteria> */ select
        b1_0.id,
        b1_0.amount,
        b1_0.bill_type,
        b1_0.created_at,
        b1_0.description,
        b1_0.due_date,
        b1_0.payment_id,
        b1_0.status,
        b1_0.student_id,
        b1_0.updated_at 
    from
        bills b1_0 
    left join
        payments p1_0 
            on p1_0.id=b1_0.payment_id 
    where
        p1_0.id=?
2026-05-05 03:46:54 [http-nio-8080-exec-10] DEBUG org.hibernate.SQL - 
    /* <criteria> */ select
        u1_0.id,
        u1_0.avatar,
        u1_0.created_at,
        u1_0.email,
        u1_0.password,
        u1_0.phone,
        u1_0.real_name,
        u1_0.role,
        u1_0.status,
        u1_0.updated_at,
        u1_0.username 
    from
        users u1_0 
    where
        u1_0.username=?
2026-05-05 03:46:54 [http-nio-8080-exec-8] DEBUG org.hibernate.SQL - 
    /* <criteria> */ select
        u1_0.id,
        u1_0.avatar,
        u1_0.created_at,
        u1_0.email,
        u1_0.password,
        u1_0.phone,
        u1_0.real_name,
        u1_0.role,
        u1_0.status,
        u1_0.updated_at,
        u1_0.username 
    from
        users u1_0 
    where
        u1_0.username=?
2026-05-05 03:46:54 [http-nio-8080-exec-8] DEBUG org.hibernate.SQL - 
    /* <criteria> */ select
        b1_0.id,
        b1_0.amount,
        b1_0.bill_type,
        b1_0.created_at,
        b1_0.description,
        b1_0.due_date,
        b1_0.payment_id,
        b1_0.status,
        b1_0.student_id,
        b1_0.updated_at 
    from
        bills b1_0 
    limit
        ?, ?
2026-05-05 03:46:54 [http-nio-8080-exec-10] DEBUG org.hibernate.SQL - 
    /* <criteria> */ select
        p1_0.id,
        p1_0.amount,
        p1_0.created_at,
        p1_0.enrollment_id,
        p1_0.payment_method,
        p1_0.payment_time,
        p1_0.status,
        p1_0.transaction_id,
        p1_0.updated_at 
    from
        payments p1_0 
    limit
        ?, ?
2026-05-05 03:47:24 [http-nio-8080-exec-7] DEBUG org.hibernate.SQL - 
    /* <criteria> */ select
        u1_0.id,
        u1_0.avatar,
        u1_0.created_at,
        u1_0.email,
        u1_0.password,
        u1_0.phone,
        u1_0.real_name,
        u1_0.role,
        u1_0.status,
        u1_0.updated_at,
        u1_0.username 
    from
        users u1_0 
    where
        u1_0.username=?
2026-05-05 03:47:24 [http-nio-8080-exec-7] DEBUG org.hibernate.SQL - 
    /* <criteria> */ select
        s1_0.id,
        s1_0.avatar,
        s1_0.birth_date,
        s1_0.created_at,
        s1_0.email,
        s1_0.emergency_contact,
        s1_0.emergency_phone,
        s1_0.gender,
        s1_0.name,
        s1_0.phone,
        s1_0.status,
        s1_0.updated_at,
        s1_0.user_id 
    from
        students s1_0 
    left join
        users u1_0 
            on u1_0.id=s1_0.user_id 
    where
        u1_0.id=?
2026-05-05 03:47:24 [http-nio-8080-exec-7] DEBUG org.hibernate.SQL - 
    /* SELECT
        e 
    FROM
        Enrollment e 
    WHERE
        e.student.id = :studentId 
        AND e.status NOT IN ('CANCELLED') */ select
            e1_0.id,
            e1_0.cancel_reason,
            e1_0.cancelled_at,
            e1_0.course_id,
            e1_0.created_at,
            e1_0.enrollment_date,
            e1_0.payment_status,
            e1_0.schedule_id,
            e1_0.status,
            e1_0.student_id,
            e1_0.updated_at 
        from
            enrollments e1_0 
        where
            e1_0.student_id=? 
            and e1_0.status not in ('CANCELLED')
2026-05-05 03:47:24 [http-nio-8080-exec-7] DEBUG org.hibernate.SQL - 
    select
        c1_0.id,
        c1_0.capacity,
        c1_0.category,
        c1_0.created_at,
        c1_0.description,
        c1_0.duration,
        c1_0.enrolled_count,
        c1_0.image,
        c1_0.level,
        c1_0.name,
        c1_0.price,
        c1_0.status,
        c1_0.teacher_id,
        c1_0.updated_at 
    from
        courses c1_0 
    where
        c1_0.id=?
2026-05-05 03:47:24 [http-nio-8080-exec-7] DEBUG org.hibernate.SQL - 
    select
        c1_0.id,
        c1_0.capacity,
        c1_0.category,
        c1_0.created_at,
        c1_0.description,
        c1_0.duration,
        c1_0.enrolled_count,
        c1_0.image,
        c1_0.level,
        c1_0.name,
        c1_0.price,
        c1_0.status,
        c1_0.teacher_id,
        c1_0.updated_at 
    from
        courses c1_0 
    where
        c1_0.id=?
2026-05-05 03:47:24 [http-nio-8080-exec-7] DEBUG org.hibernate.SQL - 
    select
        t1_0.id,
        t1_0.avatar,
        t1_0.bio,
        t1_0.created_at,
        t1_0.email,
        t1_0.experience,
        t1_0.name,
        t1_0.phone,
        t1_0.status,
        t1_0.subjects,
        t1_0.updated_at,
        t1_0.user_id 
    from
        teachers t1_0 
    where
        t1_0.id=?
2026-05-05 03:47:24 [http-nio-8080-exec-1] DEBUG org.hibernate.SQL - 
    /* <criteria> */ select
        u1_0.id,
        u1_0.avatar,
        u1_0.created_at,
        u1_0.email,
        u1_0.password,
        u1_0.phone,
        u1_0.real_name,
        u1_0.role,
        u1_0.status,
        u1_0.updated_at,
        u1_0.username 
    from
        users u1_0 
    where
        u1_0.username=?
2026-05-05 03:47:24 [http-nio-8080-exec-1] DEBUG org.hibernate.SQL - 
    /* <criteria> */ select
        c1_0.id,
        c1_0.capacity,
        c1_0.category,
        c1_0.created_at,
        c1_0.description,
        c1_0.duration,
        c1_0.enrolled_count,
        c1_0.image,
        c1_0.level,
        c1_0.name,
        c1_0.price,
        c1_0.status,
        c1_0.teacher_id,
        c1_0.updated_at 
    from
        courses c1_0 
    where
        c1_0.status=? 
    limit
        ?, ?
2026-05-05 03:47:24 [http-nio-8080-exec-1] DEBUG org.hibernate.SQL - 
    select
        t1_0.id,
        t1_0.avatar,
        t1_0.bio,
        t1_0.created_at,
        t1_0.email,
        t1_0.experience,
        t1_0.name,
        t1_0.phone,
        t1_0.status,
        t1_0.subjects,
        t1_0.updated_at,
        t1_0.user_id 
    from
        teachers t1_0 
    where
        t1_0.id=?
2026-05-05 03:47:24 [http-nio-8080-exec-1] DEBUG org.hibernate.SQL - 
    select
        t1_0.id,
        t1_0.avatar,
        t1_0.bio,
        t1_0.created_at,
        t1_0.email,
        t1_0.experience,
        t1_0.name,
        t1_0.phone,
        t1_0.status,
        t1_0.subjects,
        t1_0.updated_at,
        t1_0.user_id 
    from
        teachers t1_0 
    where
        t1_0.id=?
2026-05-05 03:47:27 [http-nio-8080-exec-6] DEBUG org.hibernate.SQL - 
    /* <criteria> */ select
        u1_0.id,
        u1_0.avatar,
        u1_0.created_at,
        u1_0.email,
        u1_0.password,
        u1_0.phone,
        u1_0.real_name,
        u1_0.role,
        u1_0.status,
        u1_0.updated_at,
        u1_0.username 
    from
        users u1_0 
    where
        u1_0.username=?
2026-05-05 03:47:27 [http-nio-8080-exec-6] DEBUG org.hibernate.SQL - 
    /* <criteria> */ select
        s1_0.id,
        s1_0.avatar,
        s1_0.birth_date,
        s1_0.created_at,
        s1_0.email,
        s1_0.emergency_contact,
        s1_0.emergency_phone,
        s1_0.gender,
        s1_0.name,
        s1_0.phone,
        s1_0.status,
        s1_0.updated_at,
        s1_0.user_id 
    from
        students s1_0 
    left join
        users u1_0 
            on u1_0.id=s1_0.user_id 
    where
        u1_0.id=?
2026-05-05 03:47:27 [http-nio-8080-exec-6] DEBUG org.hibernate.SQL - 
    select
        c1_0.id,
        c1_0.capacity,
        c1_0.category,
        c1_0.created_at,
        c1_0.description,
        c1_0.duration,
        c1_0.enrolled_count,
        c1_0.image,
        c1_0.level,
        c1_0.name,
        c1_0.price,
        c1_0.status,
        c1_0.teacher_id,
        c1_0.updated_at 
    from
        courses c1_0 
    where
        c1_0.id=?
2026-05-05 03:47:27 [http-nio-8080-exec-6] DEBUG org.hibernate.SQL - 
    /* <criteria> */ select
        e1_0.id 
    from
        enrollments e1_0 
    left join
        students s1_0 
            on s1_0.id=e1_0.student_id 
    left join
        courses c1_0 
            on c1_0.id=e1_0.course_id 
    where
        s1_0.id=? 
        and c1_0.id=? 
        and e1_0.status<>? 
    limit
        ?
2026-05-05 03:47:27 [http-nio-8080-exec-6] DEBUG org.hibernate.SQL - 
    /* SELECT
        COUNT(e) 
    FROM
        Enrollment e 
    WHERE
        e.course.id = :courseId 
        AND e.status NOT IN ('CANCELLED') */ select
            count(e1_0.id) 
        from
            enrollments e1_0 
        where
            e1_0.course_id=? 
            and e1_0.status not in ('CANCELLED')
2026-05-05 03:47:27 [http-nio-8080-exec-6] DEBUG org.hibernate.SQL - 
    /* insert for
        com.example.backend.entity.Enrollment */insert 
    into
        enrollments (cancel_reason, cancelled_at, course_id, created_at, enrollment_date, payment_status, schedule_id, status, student_id, updated_at) 
    values
        (?, ?, ?, ?, ?, ?, ?, ?, ?, ?)
2026-05-05 03:47:27 [http-nio-8080-exec-6] DEBUG org.hibernate.SQL - 
    /* update
        for com.example.backend.entity.Course */update courses 
    set
        capacity=?,
        category=?,
        description=?,
        duration=?,
        enrolled_count=?,
        image=?,
        level=?,
        name=?,
        price=?,
        status=?,
        teacher_id=?,
        updated_at=? 
    where
        id=?
2026-05-05 03:47:31 [http-nio-8080-exec-10] DEBUG org.hibernate.SQL - 
    /* <criteria> */ select
        u1_0.id,
        u1_0.avatar,
        u1_0.created_at,
        u1_0.email,
        u1_0.password,
        u1_0.phone,
        u1_0.real_name,
        u1_0.role,
        u1_0.status,
        u1_0.updated_at,
        u1_0.username 
    from
        users u1_0 
    where
        u1_0.username=?
2026-05-05 03:47:31 [http-nio-8080-exec-10] DEBUG org.hibernate.SQL - 
    /* <criteria> */ select
        s1_0.id,
        s1_0.avatar,
        s1_0.birth_date,
        s1_0.created_at,
        s1_0.email,
        s1_0.emergency_contact,
        s1_0.emergency_phone,
        s1_0.gender,
        s1_0.name,
        s1_0.phone,
        s1_0.status,
        s1_0.updated_at,
        s1_0.user_id 
    from
        students s1_0 
    left join
        users u1_0 
            on u1_0.id=s1_0.user_id 
    where
        u1_0.id=?
2026-05-05 03:47:31 [http-nio-8080-exec-10] DEBUG org.hibernate.SQL - 
    select
        c1_0.id,
        c1_0.capacity,
        c1_0.category,
        c1_0.created_at,
        c1_0.description,
        c1_0.duration,
        c1_0.enrolled_count,
        c1_0.image,
        c1_0.level,
        c1_0.name,
        c1_0.price,
        c1_0.status,
        c1_0.teacher_id,
        c1_0.updated_at 
    from
        courses c1_0 
    where
        c1_0.id=?
2026-05-05 03:47:31 [http-nio-8080-exec-10] DEBUG org.hibernate.SQL - 
    /* <criteria> */ select
        e1_0.id 
    from
        enrollments e1_0 
    left join
        students s1_0 
            on s1_0.id=e1_0.student_id 
    left join
        courses c1_0 
            on c1_0.id=e1_0.course_id 
    where
        s1_0.id=? 
        and c1_0.id=? 
        and e1_0.status<>? 
    limit
        ?
2026-05-05 03:47:31 [http-nio-8080-exec-10] WARN  c.e.b.config.GlobalExceptionHandler - [BusinessException] /api/courses/5/enroll - 您已报名该课程
2026-05-05 03:47:33 [http-nio-8080-exec-8] DEBUG org.hibernate.SQL - 
    /* <criteria> */ select
        u1_0.id,
        u1_0.avatar,
        u1_0.created_at,
        u1_0.email,
        u1_0.password,
        u1_0.phone,
        u1_0.real_name,
        u1_0.role,
        u1_0.status,
        u1_0.updated_at,
        u1_0.username 
    from
        users u1_0 
    where
        u1_0.username=?
2026-05-05 03:47:33 [http-nio-8080-exec-8] DEBUG org.hibernate.SQL - 
    /* <criteria> */ select
        s1_0.id,
        s1_0.avatar,
        s1_0.birth_date,
        s1_0.created_at,
        s1_0.email,
        s1_0.emergency_contact,
        s1_0.emergency_phone,
        s1_0.gender,
        s1_0.name,
        s1_0.phone,
        s1_0.status,
        s1_0.updated_at,
        s1_0.user_id 
    from
        students s1_0 
    left join
        users u1_0 
            on u1_0.id=s1_0.user_id 
    where
        u1_0.id=?
2026-05-05 03:47:33 [http-nio-8080-exec-8] DEBUG org.hibernate.SQL - 
    /* SELECT
        e 
    FROM
        Enrollment e 
    WHERE
        e.student.id = :studentId 
        AND e.status NOT IN ('CANCELLED') */ select
            e1_0.id,
            e1_0.cancel_reason,
            e1_0.cancelled_at,
            e1_0.course_id,
            e1_0.created_at,
            e1_0.enrollment_date,
            e1_0.payment_status,
            e1_0.schedule_id,
            e1_0.status,
            e1_0.student_id,
            e1_0.updated_at 
        from
            enrollments e1_0 
        where
            e1_0.student_id=? 
            and e1_0.status not in ('CANCELLED')
2026-05-05 03:47:33 [http-nio-8080-exec-8] DEBUG org.hibernate.SQL - 
    select
        c1_0.id,
        c1_0.capacity,
        c1_0.category,
        c1_0.created_at,
        c1_0.description,
        c1_0.duration,
        c1_0.enrolled_count,
        c1_0.image,
        c1_0.level,
        c1_0.name,
        c1_0.price,
        c1_0.status,
        c1_0.teacher_id,
        c1_0.updated_at 
    from
        courses c1_0 
    where
        c1_0.id=?
2026-05-05 03:47:33 [http-nio-8080-exec-8] DEBUG org.hibernate.SQL - 
    select
        c1_0.id,
        c1_0.capacity,
        c1_0.category,
        c1_0.created_at,
        c1_0.description,
        c1_0.duration,
        c1_0.enrolled_count,
        c1_0.image,
        c1_0.level,
        c1_0.name,
        c1_0.price,
        c1_0.status,
        c1_0.teacher_id,
        c1_0.updated_at 
    from
        courses c1_0 
    where
        c1_0.id=?
2026-05-05 03:47:33 [http-nio-8080-exec-8] DEBUG org.hibernate.SQL - 
    select
        t1_0.id,
        t1_0.avatar,
        t1_0.bio,
        t1_0.created_at,
        t1_0.email,
        t1_0.experience,
        t1_0.name,
        t1_0.phone,
        t1_0.status,
        t1_0.subjects,
        t1_0.updated_at,
        t1_0.user_id 
    from
        teachers t1_0 
    where
        t1_0.id=?
2026-05-05 03:47:33 [http-nio-8080-exec-8] DEBUG org.hibernate.SQL - 
    select
        c1_0.id,
        c1_0.capacity,
        c1_0.category,
        c1_0.created_at,
        c1_0.description,
        c1_0.duration,
        c1_0.enrolled_count,
        c1_0.image,
        c1_0.level,
        c1_0.name,
        c1_0.price,
        c1_0.status,
        c1_0.teacher_id,
        c1_0.updated_at 
    from
        courses c1_0 
    where
        c1_0.id=?
2026-05-05 03:47:33 [http-nio-8080-exec-8] DEBUG org.hibernate.SQL - 
    select
        t1_0.id,
        t1_0.avatar,
        t1_0.bio,
        t1_0.created_at,
        t1_0.email,
        t1_0.experience,
        t1_0.name,
        t1_0.phone,
        t1_0.status,
        t1_0.subjects,
        t1_0.updated_at,
        t1_0.user_id 
    from
        teachers t1_0 
    where
        t1_0.id=?
2026-05-05 03:47:42 [http-nio-8080-exec-4] DEBUG org.hibernate.SQL - 
    /* <criteria> */ select
        u1_0.id,
        u1_0.avatar,
        u1_0.created_at,
        u1_0.email,
        u1_0.password,
        u1_0.phone,
        u1_0.real_name,
        u1_0.role,
        u1_0.status,
        u1_0.updated_at,
        u1_0.username 
    from
        users u1_0 
    where
        u1_0.username=?
2026-05-05 03:47:42 [http-nio-8080-exec-7] DEBUG org.hibernate.SQL - 
    /* <criteria> */ select
        u1_0.id,
        u1_0.avatar,
        u1_0.created_at,
        u1_0.email,
        u1_0.password,
        u1_0.phone,
        u1_0.real_name,
        u1_0.role,
        u1_0.status,
        u1_0.updated_at,
        u1_0.username 
    from
        users u1_0 
    where
        u1_0.username=?
2026-05-05 03:47:42 [http-nio-8080-exec-4] DEBUG org.hibernate.SQL - 
    /* <criteria> */ select
        b1_0.id,
        b1_0.amount,
        b1_0.bill_type,
        b1_0.created_at,
        b1_0.description,
        b1_0.due_date,
        b1_0.payment_id,
        b1_0.status,
        b1_0.student_id,
        b1_0.updated_at 
    from
        bills b1_0 
    limit
        ?, ?
2026-05-05 03:47:42 [http-nio-8080-exec-7] DEBUG org.hibernate.SQL - 
    /* <criteria> */ select
        p1_0.id,
        p1_0.amount,
        p1_0.created_at,
        p1_0.enrollment_id,
        p1_0.payment_method,
        p1_0.payment_time,
        p1_0.status,
        p1_0.transaction_id,
        p1_0.updated_at 
    from
        payments p1_0 
    limit
        ?, ?
2026-05-05 03:47:47 [http-nio-8080-exec-9] DEBUG org.hibernate.SQL - 
    /* <criteria> */ select
        u1_0.id,
        u1_0.avatar,
        u1_0.created_at,
        u1_0.email,
        u1_0.password,
        u1_0.phone,
        u1_0.real_name,
        u1_0.role,
        u1_0.status,
        u1_0.updated_at,
        u1_0.username 
    from
        users u1_0 
    where
        u1_0.username=?
2026-05-05 03:47:47 [http-nio-8080-exec-9] DEBUG org.hibernate.SQL - 
    select
        u1_0.id,
        u1_0.avatar,
        u1_0.created_at,
        u1_0.email,
        u1_0.password,
        u1_0.phone,
        u1_0.real_name,
        u1_0.role,
        u1_0.status,
        u1_0.updated_at,
        u1_0.username 
    from
        users u1_0 
    where
        u1_0.id=?
2026-05-05 03:47:47 [http-nio-8080-exec-3] DEBUG org.hibernate.SQL - 
    /* <criteria> */ select
        u1_0.id,
        u1_0.avatar,
        u1_0.created_at,
        u1_0.email,
        u1_0.password,
        u1_0.phone,
        u1_0.real_name,
        u1_0.role,
        u1_0.status,
        u1_0.updated_at,
        u1_0.username 
    from
        users u1_0 
    where
        u1_0.username=?
2026-05-05 03:47:47 [http-nio-8080-exec-2] DEBUG org.hibernate.SQL - 
    /* <criteria> */ select
        u1_0.id,
        u1_0.avatar,
        u1_0.created_at,
        u1_0.email,
        u1_0.password,
        u1_0.phone,
        u1_0.real_name,
        u1_0.role,
        u1_0.status,
        u1_0.updated_at,
        u1_0.username 
    from
        users u1_0 
    where
        u1_0.username=?
2026-05-05 03:47:47 [http-nio-8080-exec-3] DEBUG org.hibernate.SQL - 
    /* <criteria> */ select
        p1_0.id,
        p1_0.amount,
        p1_0.created_at,
        p1_0.enrollment_id,
        p1_0.payment_method,
        p1_0.payment_time,
        p1_0.status,
        p1_0.transaction_id,
        p1_0.updated_at 
    from
        payments p1_0 
    limit
        ?, ?
2026-05-05 03:47:47 [http-nio-8080-exec-2] DEBUG org.hibernate.SQL - 
    /* <criteria> */ select
        b1_0.id,
        b1_0.amount,
        b1_0.bill_type,
        b1_0.created_at,
        b1_0.description,
        b1_0.due_date,
        b1_0.payment_id,
        b1_0.status,
        b1_0.student_id,
        b1_0.updated_at 
    from
        bills b1_0 
    limit
        ?, ?
2026-05-05 03:54:02 [SpringApplicationShutdownHook] INFO  o.s.o.j.LocalContainerEntityManagerFactoryBean - Closing JPA EntityManagerFactory for persistence unit 'default'
2026-05-05 03:54:02 [SpringApplicationShutdownHook] INFO  com.zaxxer.hikari.HikariDataSource - HikariPool-1 - Shutdown initiated...
2026-05-05 03:54:02 [SpringApplicationShutdownHook] INFO  com.zaxxer.hikari.HikariDataSource - HikariPool-1 - Shutdown completed.
2026-05-05 03:59:11 [main] INFO  c.example.backend.BackendApplication - Starting BackendApplication using Java 22.0.2 with PID 30748 (C:\Users\YunH\Desktop\街舞系统\backend\target\classes started by YunH in C:\Users\YunH\Desktop\街舞系统)
2026-05-05 03:59:11 [main] DEBUG c.example.backend.BackendApplication - Running with Spring Boot v3.2.4, Spring v6.1.5
2026-05-05 03:59:11 [main] INFO  c.example.backend.BackendApplication - No active profile set, falling back to 1 default profile: "default"
2026-05-05 03:59:12 [main] INFO  o.s.d.r.c.RepositoryConfigurationDelegate - Bootstrapping Spring Data JPA repositories in DEFAULT mode.
2026-05-05 03:59:12 [main] INFO  o.s.d.r.c.RepositoryConfigurationDelegate - Finished Spring Data repository scanning in 54 ms. Found 10 JPA repository interfaces.
2026-05-05 03:59:12 [main] INFO  o.s.b.w.e.tomcat.TomcatWebServer - Tomcat initialized with port 8080 (http)
2026-05-05 03:59:12 [main] INFO  o.a.catalina.core.StandardService - Starting service [Tomcat]
2026-05-05 03:59:12 [main] INFO  o.a.catalina.core.StandardEngine - Starting Servlet engine: [Apache Tomcat/10.1.19]
2026-05-05 03:59:12 [main] INFO  o.a.c.c.C.[Tomcat].[localhost].[/] - Initializing Spring embedded WebApplicationContext
2026-05-05 03:59:12 [main] INFO  o.s.b.w.s.c.ServletWebServerApplicationContext - Root WebApplicationContext: initialization completed in 1061 ms
2026-05-05 03:59:12 [main] INFO  com.zaxxer.hikari.HikariDataSource - HikariPool-1 - Starting...
2026-05-05 03:59:12 [main] INFO  com.zaxxer.hikari.pool.HikariPool - HikariPool-1 - Added connection com.mysql.cj.jdbc.ConnectionImpl@546ed2a0
2026-05-05 03:59:12 [main] INFO  com.zaxxer.hikari.HikariDataSource - HikariPool-1 - Start completed.
2026-05-05 03:59:12 [main] INFO  o.h.jpa.internal.util.LogHelper - HHH000204: Processing PersistenceUnitInfo [name: default]
2026-05-05 03:59:12 [main] INFO  org.hibernate.Version - HHH000412: Hibernate ORM core version 6.4.4.Final
2026-05-05 03:59:12 [main] INFO  o.h.c.i.RegionFactoryInitiator - HHH000026: Second-level cache disabled
2026-05-05 03:59:13 [main] INFO  o.s.o.j.p.SpringPersistenceUnitInfo - No LoadTimeWeaver setup: ignoring JPA class transformer
2026-05-05 03:59:13 [main] WARN  org.hibernate.dialect.Dialect - HHH000511: The 5.5.0 version for [org.hibernate.dialect.MySQLDialect] is no longer supported, hence certain features may not work properly. The minimum supported version is 8.0.0. Check the community dialects project for available legacy versions.
2026-05-05 03:59:13 [main] WARN  org.hibernate.orm.deprecation - HHH90000025: MySQLDialect does not need to be specified explicitly using 'hibernate.dialect' (remove the property setting and it will be selected by default)
2026-05-05 03:59:13 [main] INFO  o.h.e.t.j.p.i.JtaPlatformInitiator - HHH000489: No JTA platform available (set 'hibernate.transaction.jta.platform' to enable JTA platform integration)
2026-05-05 03:59:14 [main] DEBUG org.hibernate.SQL - 
    alter table bills 
       add column enrollment_id bigint
2026-05-05 03:59:14 [main] INFO  o.s.o.j.LocalContainerEntityManagerFactoryBean - Initialized JPA EntityManagerFactory for persistence unit 'default'
2026-05-05 03:59:14 [main] DEBUG c.e.b.s.JwtAuthenticationFilter - Filter 'jwtAuthenticationFilter' configured for use
2026-05-05 03:59:15 [main] INFO  o.s.d.j.r.query.QueryEnhancerFactory - Hibernate is in classpath; If applicable, HQL parser will be used.
2026-05-05 03:59:15 [main] INFO  c.e.b.service.FileUploadService - 文件上传目录: C:\Users\YunH\Desktop\街舞系统\upload
2026-05-05 03:59:15 [main] INFO  c.e.b.service.FileUploadService - 上传目录创建成功
2026-05-05 03:59:15 [main] WARN  o.s.b.a.o.j.JpaBaseConfiguration$JpaWebConfiguration - spring.jpa.open-in-view is enabled by default. Therefore, database queries may be performed during view rendering. Explicitly configure spring.jpa.open-in-view to disable this warning
2026-05-05 03:59:15 [main] INFO  o.s.s.web.DefaultSecurityFilterChain - Will secure any request with [org.springframework.security.web.session.DisableEncodeUrlFilter@79b2b427, org.springframework.security.web.context.request.async.WebAsyncManagerIntegrationFilter@2be9dfb0, org.springframework.security.web.context.SecurityContextHolderFilter@3cbcd442, org.springframework.security.web.header.HeaderWriterFilter@1e31cf9b, org.springframework.web.filter.CorsFilter@4e6a75a3, org.springframework.security.web.authentication.logout.LogoutFilter@682a00f8, com.example.backend.security.JwtAuthenticationFilter@4b74a4d, org.springframework.security.web.savedrequest.RequestCacheAwareFilter@e888636, org.springframework.security.web.servletapi.SecurityContextHolderAwareRequestFilter@608e34bf, org.springframework.security.web.authentication.AnonymousAuthenticationFilter@60cd2b02, org.springframework.security.web.session.SessionManagementFilter@79bcaf78, org.springframework.security.web.access.ExceptionTranslationFilter@50235133, org.springframework.security.web.access.intercept.AuthorizationFilter@6a670dcc]
2026-05-05 03:59:16 [main] INFO  o.s.b.w.e.tomcat.TomcatWebServer - Tomcat started on port 8080 (http) with context path ''
2026-05-05 03:59:16 [main] INFO  c.example.backend.BackendApplication - Started BackendApplication in 4.999 seconds (process running for 5.58)
2026-05-05 03:59:48 [http-nio-8080-exec-1] INFO  o.a.c.c.C.[Tomcat].[localhost].[/] - Initializing Spring DispatcherServlet 'dispatcherServlet'
2026-05-05 03:59:48 [http-nio-8080-exec-1] INFO  o.s.web.servlet.DispatcherServlet - Initializing Servlet 'dispatcherServlet'
2026-05-05 03:59:48 [http-nio-8080-exec-1] INFO  o.s.web.servlet.DispatcherServlet - Completed initialization in 1 ms
2026-05-05 03:59:49 [http-nio-8080-exec-1] DEBUG org.hibernate.SQL - 
    /* <criteria> */ select
        u1_0.id,
        u1_0.avatar,
        u1_0.created_at,
        u1_0.email,
        u1_0.password,
        u1_0.phone,
        u1_0.real_name,
        u1_0.role,
        u1_0.status,
        u1_0.updated_at,
        u1_0.username 
    from
        users u1_0 
    where
        u1_0.username=?
2026-05-05 03:59:49 [http-nio-8080-exec-1] DEBUG org.hibernate.SQL - 
    select
        u1_0.id,
        u1_0.avatar,
        u1_0.created_at,
        u1_0.email,
        u1_0.password,
        u1_0.phone,
        u1_0.real_name,
        u1_0.role,
        u1_0.status,
        u1_0.updated_at,
        u1_0.username 
    from
        users u1_0 
    where
        u1_0.id=?
2026-05-05 03:59:49 [http-nio-8080-exec-3] DEBUG org.hibernate.SQL - 
    /* <criteria> */ select
        u1_0.id,
        u1_0.avatar,
        u1_0.created_at,
        u1_0.email,
        u1_0.password,
        u1_0.phone,
        u1_0.real_name,
        u1_0.role,
        u1_0.status,
        u1_0.updated_at,
        u1_0.username 
    from
        users u1_0 
    where
        u1_0.username=?
2026-05-05 03:59:49 [http-nio-8080-exec-4] DEBUG org.hibernate.SQL - 
    /* <criteria> */ select
        u1_0.id,
        u1_0.avatar,
        u1_0.created_at,
        u1_0.email,
        u1_0.password,
        u1_0.phone,
        u1_0.real_name,
        u1_0.role,
        u1_0.status,
        u1_0.updated_at,
        u1_0.username 
    from
        users u1_0 
    where
        u1_0.username=?
2026-05-05 03:59:49 [http-nio-8080-exec-4] DEBUG org.hibernate.SQL - 
    /* <criteria> */ select
        b1_0.id,
        b1_0.amount,
        b1_0.bill_type,
        b1_0.created_at,
        b1_0.description,
        b1_0.due_date,
        b1_0.enrollment_id,
        b1_0.payment_id,
        b1_0.status,
        b1_0.student_id,
        b1_0.updated_at 
    from
        bills b1_0 
    limit
        ?, ?
2026-05-05 03:59:49 [http-nio-8080-exec-3] DEBUG org.hibernate.SQL - 
    /* <criteria> */ select
        p1_0.id,
        p1_0.amount,
        p1_0.created_at,
        p1_0.enrollment_id,
        p1_0.payment_method,
        p1_0.payment_time,
        p1_0.status,
        p1_0.transaction_id,
        p1_0.updated_at 
    from
        payments p1_0 
    limit
        ?, ?
2026-05-05 03:59:53 [http-nio-8080-exec-5] DEBUG org.hibernate.SQL - 
    /* <criteria> */ select
        u1_0.id,
        u1_0.avatar,
        u1_0.created_at,
        u1_0.email,
        u1_0.password,
        u1_0.phone,
        u1_0.real_name,
        u1_0.role,
        u1_0.status,
        u1_0.updated_at,
        u1_0.username 
    from
        users u1_0 
    where
        u1_0.username=?
2026-05-05 03:59:53 [http-nio-8080-exec-5] DEBUG org.hibernate.SQL - 
    /* <criteria> */ select
        c1_0.id,
        c1_0.capacity,
        c1_0.category,
        c1_0.created_at,
        c1_0.description,
        c1_0.duration,
        c1_0.enrolled_count,
        c1_0.image,
        c1_0.level,
        c1_0.name,
        c1_0.price,
        c1_0.status,
        c1_0.teacher_id,
        c1_0.updated_at 
    from
        courses c1_0 
    where
        c1_0.status=? 
    limit
        ?, ?
2026-05-05 03:59:53 [http-nio-8080-exec-5] DEBUG org.hibernate.SQL - 
    select
        t1_0.id,
        t1_0.avatar,
        t1_0.bio,
        t1_0.created_at,
        t1_0.email,
        t1_0.experience,
        t1_0.name,
        t1_0.phone,
        t1_0.status,
        t1_0.subjects,
        t1_0.updated_at,
        t1_0.user_id 
    from
        teachers t1_0 
    where
        t1_0.id=?
2026-05-05 03:59:53 [http-nio-8080-exec-5] DEBUG org.hibernate.SQL - 
    select
        t1_0.id,
        t1_0.avatar,
        t1_0.bio,
        t1_0.created_at,
        t1_0.email,
        t1_0.experience,
        t1_0.name,
        t1_0.phone,
        t1_0.status,
        t1_0.subjects,
        t1_0.updated_at,
        t1_0.user_id 
    from
        teachers t1_0 
    where
        t1_0.id=?
2026-05-05 03:59:55 [http-nio-8080-exec-1] DEBUG org.hibernate.SQL - 
    /* <criteria> */ select
        u1_0.id,
        u1_0.avatar,
        u1_0.created_at,
        u1_0.email,
        u1_0.password,
        u1_0.phone,
        u1_0.real_name,
        u1_0.role,
        u1_0.status,
        u1_0.updated_at,
        u1_0.username 
    from
        users u1_0 
    where
        u1_0.username=?
2026-05-05 03:59:55 [http-nio-8080-exec-1] DEBUG org.hibernate.SQL - 
    /* <criteria> */ select
        s1_0.id,
        s1_0.avatar,
        s1_0.birth_date,
        s1_0.created_at,
        s1_0.email,
        s1_0.emergency_contact,
        s1_0.emergency_phone,
        s1_0.gender,
        s1_0.name,
        s1_0.phone,
        s1_0.status,
        s1_0.updated_at,
        s1_0.user_id 
    from
        students s1_0 
    left join
        users u1_0 
            on u1_0.id=s1_0.user_id 
    where
        u1_0.id=?
2026-05-05 03:59:55 [http-nio-8080-exec-1] DEBUG org.hibernate.SQL - 
    select
        c1_0.id,
        c1_0.capacity,
        c1_0.category,
        c1_0.created_at,
        c1_0.description,
        c1_0.duration,
        c1_0.enrolled_count,
        c1_0.image,
        c1_0.level,
        c1_0.name,
        c1_0.price,
        c1_0.status,
        c1_0.teacher_id,
        c1_0.updated_at 
    from
        courses c1_0 
    where
        c1_0.id=?
2026-05-05 03:59:55 [http-nio-8080-exec-1] DEBUG org.hibernate.SQL - 
    /* <criteria> */ select
        e1_0.id 
    from
        enrollments e1_0 
    left join
        students s1_0 
            on s1_0.id=e1_0.student_id 
    left join
        courses c1_0 
            on c1_0.id=e1_0.course_id 
    where
        s1_0.id=? 
        and c1_0.id=? 
        and e1_0.status<>? 
    limit
        ?
2026-05-05 03:59:55 [http-nio-8080-exec-1] WARN  c.e.b.config.GlobalExceptionHandler - [BusinessException] /api/courses/5/enroll - 您已报名该课程
2026-05-05 03:59:57 [http-nio-8080-exec-6] DEBUG org.hibernate.SQL - 
    /* <criteria> */ select
        u1_0.id,
        u1_0.avatar,
        u1_0.created_at,
        u1_0.email,
        u1_0.password,
        u1_0.phone,
        u1_0.real_name,
        u1_0.role,
        u1_0.status,
        u1_0.updated_at,
        u1_0.username 
    from
        users u1_0 
    where
        u1_0.username=?
2026-05-05 03:59:57 [http-nio-8080-exec-6] DEBUG org.hibernate.SQL - 
    /* <criteria> */ select
        s1_0.id,
        s1_0.avatar,
        s1_0.birth_date,
        s1_0.created_at,
        s1_0.email,
        s1_0.emergency_contact,
        s1_0.emergency_phone,
        s1_0.gender,
        s1_0.name,
        s1_0.phone,
        s1_0.status,
        s1_0.updated_at,
        s1_0.user_id 
    from
        students s1_0 
    left join
        users u1_0 
            on u1_0.id=s1_0.user_id 
    where
        u1_0.id=?
2026-05-05 03:59:57 [http-nio-8080-exec-6] DEBUG org.hibernate.SQL - 
    select
        c1_0.id,
        c1_0.capacity,
        c1_0.category,
        c1_0.created_at,
        c1_0.description,
        c1_0.duration,
        c1_0.enrolled_count,
        c1_0.image,
        c1_0.level,
        c1_0.name,
        c1_0.price,
        c1_0.status,
        c1_0.teacher_id,
        c1_0.updated_at 
    from
        courses c1_0 
    where
        c1_0.id=?
2026-05-05 03:59:57 [http-nio-8080-exec-6] DEBUG org.hibernate.SQL - 
    /* <criteria> */ select
        e1_0.id 
    from
        enrollments e1_0 
    left join
        students s1_0 
            on s1_0.id=e1_0.student_id 
    left join
        courses c1_0 
            on c1_0.id=e1_0.course_id 
    where
        s1_0.id=? 
        and c1_0.id=? 
        and e1_0.status<>? 
    limit
        ?
2026-05-05 03:59:57 [http-nio-8080-exec-6] DEBUG org.hibernate.SQL - 
    /* SELECT
        COUNT(e) 
    FROM
        Enrollment e 
    WHERE
        e.course.id = :courseId 
        AND e.status NOT IN ('CANCELLED') */ select
            count(e1_0.id) 
        from
            enrollments e1_0 
        where
            e1_0.course_id=? 
            and e1_0.status not in ('CANCELLED')
2026-05-05 03:59:57 [http-nio-8080-exec-6] DEBUG org.hibernate.SQL - 
    /* insert for
        com.example.backend.entity.Enrollment */insert 
    into
        enrollments (cancel_reason, cancelled_at, course_id, created_at, enrollment_date, payment_status, schedule_id, status, student_id, updated_at) 
    values
        (?, ?, ?, ?, ?, ?, ?, ?, ?, ?)
2026-05-05 03:59:57 [http-nio-8080-exec-6] DEBUG org.hibernate.SQL - 
    /* insert for
        com.example.backend.entity.Bill */insert 
    into
        bills (amount, bill_type, created_at, description, due_date, enrollment_id, payment_id, status, student_id, updated_at) 
    values
        (?, ?, ?, ?, ?, ?, ?, ?, ?, ?)
2026-05-05 03:59:57 [http-nio-8080-exec-6] DEBUG org.hibernate.SQL - 
    /* update
        for com.example.backend.entity.Course */update courses 
    set
        capacity=?,
        category=?,
        description=?,
        duration=?,
        enrolled_count=?,
        image=?,
        level=?,
        name=?,
        price=?,
        status=?,
        teacher_id=?,
        updated_at=? 
    where
        id=?
2026-05-05 04:00:03 [http-nio-8080-exec-3] DEBUG org.hibernate.SQL - 
    /* <criteria> */ select
        u1_0.id,
        u1_0.avatar,
        u1_0.created_at,
        u1_0.email,
        u1_0.password,
        u1_0.phone,
        u1_0.real_name,
        u1_0.role,
        u1_0.status,
        u1_0.updated_at,
        u1_0.username 
    from
        users u1_0 
    where
        u1_0.username=?
2026-05-05 04:00:03 [http-nio-8080-exec-4] DEBUG org.hibernate.SQL - 
    /* <criteria> */ select
        u1_0.id,
        u1_0.avatar,
        u1_0.created_at,
        u1_0.email,
        u1_0.password,
        u1_0.phone,
        u1_0.real_name,
        u1_0.role,
        u1_0.status,
        u1_0.updated_at,
        u1_0.username 
    from
        users u1_0 
    where
        u1_0.username=?
2026-05-05 04:00:03 [http-nio-8080-exec-4] DEBUG org.hibernate.SQL - 
    /* <criteria> */ select
        b1_0.id,
        b1_0.amount,
        b1_0.bill_type,
        b1_0.created_at,
        b1_0.description,
        b1_0.due_date,
        b1_0.enrollment_id,
        b1_0.payment_id,
        b1_0.status,
        b1_0.student_id,
        b1_0.updated_at 
    from
        bills b1_0 
    limit
        ?, ?
2026-05-05 04:00:03 [http-nio-8080-exec-3] DEBUG org.hibernate.SQL - 
    /* <criteria> */ select
        p1_0.id,
        p1_0.amount,
        p1_0.created_at,
        p1_0.enrollment_id,
        p1_0.payment_method,
        p1_0.payment_time,
        p1_0.status,
        p1_0.transaction_id,
        p1_0.updated_at 
    from
        payments p1_0 
    limit
        ?, ?
2026-05-05 04:00:10 [http-nio-8080-exec-5] DEBUG org.hibernate.SQL - 
    /* <criteria> */ select
        u1_0.id,
        u1_0.avatar,
        u1_0.created_at,
        u1_0.email,
        u1_0.password,
        u1_0.phone,
        u1_0.real_name,
        u1_0.role,
        u1_0.status,
        u1_0.updated_at,
        u1_0.username 
    from
        users u1_0 
    where
        u1_0.username=?
2026-05-05 04:00:10 [http-nio-8080-exec-5] DEBUG org.hibernate.SQL - 
    /* <criteria> */ select
        s1_0.id,
        s1_0.avatar,
        s1_0.birth_date,
        s1_0.created_at,
        s1_0.email,
        s1_0.emergency_contact,
        s1_0.emergency_phone,
        s1_0.gender,
        s1_0.name,
        s1_0.phone,
        s1_0.status,
        s1_0.updated_at,
        s1_0.user_id 
    from
        students s1_0 
    left join
        users u1_0 
            on u1_0.id=s1_0.user_id 
    where
        u1_0.id=?
2026-05-05 04:00:10 [http-nio-8080-exec-5] DEBUG org.hibernate.SQL - 
    /* SELECT
        e 
    FROM
        Enrollment e 
    WHERE
        e.student.id = :studentId 
        AND e.status NOT IN ('CANCELLED') */ select
            e1_0.id,
            e1_0.cancel_reason,
            e1_0.cancelled_at,
            e1_0.course_id,
            e1_0.created_at,
            e1_0.enrollment_date,
            e1_0.payment_status,
            e1_0.schedule_id,
            e1_0.status,
            e1_0.student_id,
            e1_0.updated_at 
        from
            enrollments e1_0 
        where
            e1_0.student_id=? 
            and e1_0.status not in ('CANCELLED')
2026-05-05 04:00:10 [http-nio-8080-exec-5] DEBUG org.hibernate.SQL - 
    select
        c1_0.id,
        c1_0.capacity,
        c1_0.category,
        c1_0.created_at,
        c1_0.description,
        c1_0.duration,
        c1_0.enrolled_count,
        c1_0.image,
        c1_0.level,
        c1_0.name,
        c1_0.price,
        c1_0.status,
        c1_0.teacher_id,
        c1_0.updated_at 
    from
        courses c1_0 
    where
        c1_0.id=?
2026-05-05 04:00:10 [http-nio-8080-exec-5] DEBUG org.hibernate.SQL - 
    select
        c1_0.id,
        c1_0.capacity,
        c1_0.category,
        c1_0.created_at,
        c1_0.description,
        c1_0.duration,
        c1_0.enrolled_count,
        c1_0.image,
        c1_0.level,
        c1_0.name,
        c1_0.price,
        c1_0.status,
        c1_0.teacher_id,
        c1_0.updated_at 
    from
        courses c1_0 
    where
        c1_0.id=?
2026-05-05 04:00:10 [http-nio-8080-exec-5] DEBUG org.hibernate.SQL - 
    select
        t1_0.id,
        t1_0.avatar,
        t1_0.bio,
        t1_0.created_at,
        t1_0.email,
        t1_0.experience,
        t1_0.name,
        t1_0.phone,
        t1_0.status,
        t1_0.subjects,
        t1_0.updated_at,
        t1_0.user_id 
    from
        teachers t1_0 
    where
        t1_0.id=?
2026-05-05 04:00:10 [http-nio-8080-exec-5] DEBUG org.hibernate.SQL - 
    select
        c1_0.id,
        c1_0.capacity,
        c1_0.category,
        c1_0.created_at,
        c1_0.description,
        c1_0.duration,
        c1_0.enrolled_count,
        c1_0.image,
        c1_0.level,
        c1_0.name,
        c1_0.price,
        c1_0.status,
        c1_0.teacher_id,
        c1_0.updated_at 
    from
        courses c1_0 
    where
        c1_0.id=?
2026-05-05 04:00:10 [http-nio-8080-exec-5] DEBUG org.hibernate.SQL - 
    select
        t1_0.id,
        t1_0.avatar,
        t1_0.bio,
        t1_0.created_at,
        t1_0.email,
        t1_0.experience,
        t1_0.name,
        t1_0.phone,
        t1_0.status,
        t1_0.subjects,
        t1_0.updated_at,
        t1_0.user_id 
    from
        teachers t1_0 
    where
        t1_0.id=?
2026-05-05 04:00:11 [http-nio-8080-exec-5] DEBUG org.hibernate.SQL - 
    select
        c1_0.id,
        c1_0.capacity,
        c1_0.category,
        c1_0.created_at,
        c1_0.description,
        c1_0.duration,
        c1_0.enrolled_count,
        c1_0.image,
        c1_0.level,
        c1_0.name,
        c1_0.price,
        c1_0.status,
        c1_0.teacher_id,
        c1_0.updated_at 
    from
        courses c1_0 
    where
        c1_0.id=?
2026-05-05 04:00:17 [http-nio-8080-exec-9] DEBUG org.hibernate.SQL - 
    /* <criteria> */ select
        u1_0.id,
        u1_0.avatar,
        u1_0.created_at,
        u1_0.email,
        u1_0.password,
        u1_0.phone,
        u1_0.real_name,
        u1_0.role,
        u1_0.status,
        u1_0.updated_at,
        u1_0.username 
    from
        users u1_0 
    where
        u1_0.username=?
2026-05-05 04:00:17 [http-nio-8080-exec-9] DEBUG org.hibernate.SQL - 
    /* <criteria> */ select
        c1_0.id,
        c1_0.capacity,
        c1_0.category,
        c1_0.created_at,
        c1_0.description,
        c1_0.duration,
        c1_0.enrolled_count,
        c1_0.image,
        c1_0.level,
        c1_0.name,
        c1_0.price,
        c1_0.status,
        c1_0.teacher_id,
        c1_0.updated_at 
    from
        courses c1_0 
    where
        c1_0.status=? 
    limit
        ?, ?
2026-05-05 04:00:17 [http-nio-8080-exec-9] DEBUG org.hibernate.SQL - 
    select
        t1_0.id,
        t1_0.avatar,
        t1_0.bio,
        t1_0.created_at,
        t1_0.email,
        t1_0.experience,
        t1_0.name,
        t1_0.phone,
        t1_0.status,
        t1_0.subjects,
        t1_0.updated_at,
        t1_0.user_id 
    from
        teachers t1_0 
    where
        t1_0.id=?
2026-05-05 04:00:17 [http-nio-8080-exec-9] DEBUG org.hibernate.SQL - 
    select
        t1_0.id,
        t1_0.avatar,
        t1_0.bio,
        t1_0.created_at,
        t1_0.email,
        t1_0.experience,
        t1_0.name,
        t1_0.phone,
        t1_0.status,
        t1_0.subjects,
        t1_0.updated_at,
        t1_0.user_id 
    from
        teachers t1_0 
    where
        t1_0.id=?
2026-05-05 04:00:18 [http-nio-8080-exec-7] DEBUG org.hibernate.SQL - 
    /* <criteria> */ select
        u1_0.id,
        u1_0.avatar,
        u1_0.created_at,
        u1_0.email,
        u1_0.password,
        u1_0.phone,
        u1_0.real_name,
        u1_0.role,
        u1_0.status,
        u1_0.updated_at,
        u1_0.username 
    from
        users u1_0 
    where
        u1_0.username=?
2026-05-05 04:00:18 [http-nio-8080-exec-7] DEBUG org.hibernate.SQL - 
    /* <criteria> */ select
        s1_0.id,
        s1_0.avatar,
        s1_0.birth_date,
        s1_0.created_at,
        s1_0.email,
        s1_0.emergency_contact,
        s1_0.emergency_phone,
        s1_0.gender,
        s1_0.name,
        s1_0.phone,
        s1_0.status,
        s1_0.updated_at,
        s1_0.user_id 
    from
        students s1_0 
    left join
        users u1_0 
            on u1_0.id=s1_0.user_id 
    where
        u1_0.id=?
2026-05-05 04:00:18 [http-nio-8080-exec-7] DEBUG org.hibernate.SQL - 
    /* SELECT
        e 
    FROM
        Enrollment e 
    WHERE
        e.student.id = :studentId 
        AND e.status NOT IN ('CANCELLED') */ select
            e1_0.id,
            e1_0.cancel_reason,
            e1_0.cancelled_at,
            e1_0.course_id,
            e1_0.created_at,
            e1_0.enrollment_date,
            e1_0.payment_status,
            e1_0.schedule_id,
            e1_0.status,
            e1_0.student_id,
            e1_0.updated_at 
        from
            enrollments e1_0 
        where
            e1_0.student_id=? 
            and e1_0.status not in ('CANCELLED')
2026-05-05 04:00:18 [http-nio-8080-exec-7] DEBUG org.hibernate.SQL - 
    select
        c1_0.id,
        c1_0.capacity,
        c1_0.category,
        c1_0.created_at,
        c1_0.description,
        c1_0.duration,
        c1_0.enrolled_count,
        c1_0.image,
        c1_0.level,
        c1_0.name,
        c1_0.price,
        c1_0.status,
        c1_0.teacher_id,
        c1_0.updated_at 
    from
        courses c1_0 
    where
        c1_0.id=?
2026-05-05 04:00:18 [http-nio-8080-exec-7] DEBUG org.hibernate.SQL - 
    select
        c1_0.id,
        c1_0.capacity,
        c1_0.category,
        c1_0.created_at,
        c1_0.description,
        c1_0.duration,
        c1_0.enrolled_count,
        c1_0.image,
        c1_0.level,
        c1_0.name,
        c1_0.price,
        c1_0.status,
        c1_0.teacher_id,
        c1_0.updated_at 
    from
        courses c1_0 
    where
        c1_0.id=?
2026-05-05 04:00:18 [http-nio-8080-exec-7] DEBUG org.hibernate.SQL - 
    select
        t1_0.id,
        t1_0.avatar,
        t1_0.bio,
        t1_0.created_at,
        t1_0.email,
        t1_0.experience,
        t1_0.name,
        t1_0.phone,
        t1_0.status,
        t1_0.subjects,
        t1_0.updated_at,
        t1_0.user_id 
    from
        teachers t1_0 
    where
        t1_0.id=?
2026-05-05 04:00:18 [http-nio-8080-exec-7] DEBUG org.hibernate.SQL - 
    select
        c1_0.id,
        c1_0.capacity,
        c1_0.category,
        c1_0.created_at,
        c1_0.description,
        c1_0.duration,
        c1_0.enrolled_count,
        c1_0.image,
        c1_0.level,
        c1_0.name,
        c1_0.price,
        c1_0.status,
        c1_0.teacher_id,
        c1_0.updated_at 
    from
        courses c1_0 
    where
        c1_0.id=?
2026-05-05 04:00:18 [http-nio-8080-exec-7] DEBUG org.hibernate.SQL - 
    select
        t1_0.id,
        t1_0.avatar,
        t1_0.bio,
        t1_0.created_at,
        t1_0.email,
        t1_0.experience,
        t1_0.name,
        t1_0.phone,
        t1_0.status,
        t1_0.subjects,
        t1_0.updated_at,
        t1_0.user_id 
    from
        teachers t1_0 
    where
        t1_0.id=?
2026-05-05 04:00:18 [http-nio-8080-exec-7] DEBUG org.hibernate.SQL - 
    select
        c1_0.id,
        c1_0.capacity,
        c1_0.category,
        c1_0.created_at,
        c1_0.description,
        c1_0.duration,
        c1_0.enrolled_count,
        c1_0.image,
        c1_0.level,
        c1_0.name,
        c1_0.price,
        c1_0.status,
        c1_0.teacher_id,
        c1_0.updated_at 
    from
        courses c1_0 
    where
        c1_0.id=?
2026-05-05 04:00:19 [http-nio-8080-exec-10] DEBUG org.hibernate.SQL - 
    /* <criteria> */ select
        u1_0.id,
        u1_0.avatar,
        u1_0.created_at,
        u1_0.email,
        u1_0.password,
        u1_0.phone,
        u1_0.real_name,
        u1_0.role,
        u1_0.status,
        u1_0.updated_at,
        u1_0.username 
    from
        users u1_0 
    where
        u1_0.username=?
2026-05-05 04:00:19 [http-nio-8080-exec-10] DEBUG org.hibernate.SQL - 
    /* <criteria> */ select
        c1_0.id,
        c1_0.capacity,
        c1_0.category,
        c1_0.created_at,
        c1_0.description,
        c1_0.duration,
        c1_0.enrolled_count,
        c1_0.image,
        c1_0.level,
        c1_0.name,
        c1_0.price,
        c1_0.status,
        c1_0.teacher_id,
        c1_0.updated_at 
    from
        courses c1_0 
    where
        c1_0.status=? 
    limit
        ?, ?
2026-05-05 04:00:19 [http-nio-8080-exec-10] DEBUG org.hibernate.SQL - 
    select
        t1_0.id,
        t1_0.avatar,
        t1_0.bio,
        t1_0.created_at,
        t1_0.email,
        t1_0.experience,
        t1_0.name,
        t1_0.phone,
        t1_0.status,
        t1_0.subjects,
        t1_0.updated_at,
        t1_0.user_id 
    from
        teachers t1_0 
    where
        t1_0.id=?
2026-05-05 04:00:19 [http-nio-8080-exec-10] DEBUG org.hibernate.SQL - 
    select
        t1_0.id,
        t1_0.avatar,
        t1_0.bio,
        t1_0.created_at,
        t1_0.email,
        t1_0.experience,
        t1_0.name,
        t1_0.phone,
        t1_0.status,
        t1_0.subjects,
        t1_0.updated_at,
        t1_0.user_id 
    from
        teachers t1_0 
    where
        t1_0.id=?
2026-05-05 04:00:20 [http-nio-8080-exec-8] DEBUG org.hibernate.SQL - 
    /* <criteria> */ select
        u1_0.id,
        u1_0.avatar,
        u1_0.created_at,
        u1_0.email,
        u1_0.password,
        u1_0.phone,
        u1_0.real_name,
        u1_0.role,
        u1_0.status,
        u1_0.updated_at,
        u1_0.username 
    from
        users u1_0 
    where
        u1_0.username=?
2026-05-05 04:00:20 [http-nio-8080-exec-8] DEBUG org.hibernate.SQL - 
    /* <criteria> */ select
        s1_0.id,
        s1_0.avatar,
        s1_0.birth_date,
        s1_0.created_at,
        s1_0.email,
        s1_0.emergency_contact,
        s1_0.emergency_phone,
        s1_0.gender,
        s1_0.name,
        s1_0.phone,
        s1_0.status,
        s1_0.updated_at,
        s1_0.user_id 
    from
        students s1_0 
    left join
        users u1_0 
            on u1_0.id=s1_0.user_id 
    where
        u1_0.id=?
2026-05-05 04:00:20 [http-nio-8080-exec-8] DEBUG org.hibernate.SQL - 
    select
        c1_0.id,
        c1_0.capacity,
        c1_0.category,
        c1_0.created_at,
        c1_0.description,
        c1_0.duration,
        c1_0.enrolled_count,
        c1_0.image,
        c1_0.level,
        c1_0.name,
        c1_0.price,
        c1_0.status,
        c1_0.teacher_id,
        c1_0.updated_at 
    from
        courses c1_0 
    where
        c1_0.id=?
2026-05-05 04:00:20 [http-nio-8080-exec-8] DEBUG org.hibernate.SQL - 
    /* <criteria> */ select
        e1_0.id 
    from
        enrollments e1_0 
    left join
        students s1_0 
            on s1_0.id=e1_0.student_id 
    left join
        courses c1_0 
            on c1_0.id=e1_0.course_id 
    where
        s1_0.id=? 
        and c1_0.id=? 
        and e1_0.status<>? 
    limit
        ?
2026-05-05 04:00:20 [http-nio-8080-exec-8] WARN  c.e.b.config.GlobalExceptionHandler - [BusinessException] /api/courses/6/enroll - 您已报名该课程
2026-05-05 04:00:22 [http-nio-8080-exec-6] DEBUG org.hibernate.SQL - 
    /* <criteria> */ select
        u1_0.id,
        u1_0.avatar,
        u1_0.created_at,
        u1_0.email,
        u1_0.password,
        u1_0.phone,
        u1_0.real_name,
        u1_0.role,
        u1_0.status,
        u1_0.updated_at,
        u1_0.username 
    from
        users u1_0 
    where
        u1_0.username=?
2026-05-05 04:00:22 [http-nio-8080-exec-1] DEBUG org.hibernate.SQL - 
    /* <criteria> */ select
        u1_0.id,
        u1_0.avatar,
        u1_0.created_at,
        u1_0.email,
        u1_0.password,
        u1_0.phone,
        u1_0.real_name,
        u1_0.role,
        u1_0.status,
        u1_0.updated_at,
        u1_0.username 
    from
        users u1_0 
    where
        u1_0.username=?
2026-05-05 04:00:22 [http-nio-8080-exec-6] DEBUG org.hibernate.SQL - 
    /* <criteria> */ select
        b1_0.id,
        b1_0.amount,
        b1_0.bill_type,
        b1_0.created_at,
        b1_0.description,
        b1_0.due_date,
        b1_0.enrollment_id,
        b1_0.payment_id,
        b1_0.status,
        b1_0.student_id,
        b1_0.updated_at 
    from
        bills b1_0 
    limit
        ?, ?
2026-05-05 04:00:22 [http-nio-8080-exec-1] DEBUG org.hibernate.SQL - 
    /* <criteria> */ select
        p1_0.id,
        p1_0.amount,
        p1_0.created_at,
        p1_0.enrollment_id,
        p1_0.payment_method,
        p1_0.payment_time,
        p1_0.status,
        p1_0.transaction_id,
        p1_0.updated_at 
    from
        payments p1_0 
    limit
        ?, ?
2026-05-05 04:00:39 [http-nio-8080-exec-4] DEBUG org.hibernate.SQL - 
    /* <criteria> */ select
        u1_0.id,
        u1_0.avatar,
        u1_0.created_at,
        u1_0.email,
        u1_0.password,
        u1_0.phone,
        u1_0.real_name,
        u1_0.role,
        u1_0.status,
        u1_0.updated_at,
        u1_0.username 
    from
        users u1_0 
    where
        u1_0.username=?
2026-05-05 04:00:39 [http-nio-8080-exec-4] DEBUG org.hibernate.SQL - 
    select
        b1_0.id,
        b1_0.amount,
        b1_0.bill_type,
        b1_0.created_at,
        b1_0.description,
        b1_0.due_date,
        b1_0.enrollment_id,
        b1_0.payment_id,
        b1_0.status,
        b1_0.student_id,
        b1_0.updated_at 
    from
        bills b1_0 
    where
        b1_0.id=?
2026-05-05 04:00:39 [http-nio-8080-exec-4] DEBUG org.hibernate.SQL - 
    /* insert for
        com.example.backend.entity.Payment */insert 
    into
        payments (amount, created_at, enrollment_id, payment_method, payment_time, status, transaction_id, updated_at) 
    values
        (?, ?, ?, ?, ?, ?, ?, ?)
2026-05-05 04:00:39 [http-nio-8080-exec-4] WARN  o.h.e.jdbc.spi.SqlExceptionHelper - SQL Error: 1048, SQLState: 23000
2026-05-05 04:00:39 [http-nio-8080-exec-4] ERROR o.h.e.jdbc.spi.SqlExceptionHelper - Column 'enrollment_id' cannot be null
2026-05-05 04:00:39 [http-nio-8080-exec-4] ERROR c.e.b.config.GlobalExceptionHandler - [RuntimeException] /api/finance/payment - could not execute statement [Column 'enrollment_id' cannot be null] [/* insert for com.example.backend.entity.Payment */insert into payments (amount,created_at,enrollment_id,payment_method,payment_time,status,transaction_id,updated_at) values (?,?,?,?,?,?,?,?)]; SQL [/* insert for com.example.backend.entity.Payment */insert into payments (amount,created_at,enrollment_id,payment_method,payment_time,status,transaction_id,updated_at) values (?,?,?,?,?,?,?,?)]; constraint [null]
org.springframework.dao.DataIntegrityViolationException: could not execute statement [Column 'enrollment_id' cannot be null] [/* insert for com.example.backend.entity.Payment */insert into payments (amount,created_at,enrollment_id,payment_method,payment_time,status,transaction_id,updated_at) values (?,?,?,?,?,?,?,?)]; SQL [/* insert for com.example.backend.entity.Payment */insert into payments (amount,created_at,enrollment_id,payment_method,payment_time,status,transaction_id,updated_at) values (?,?,?,?,?,?,?,?)]; constraint [null]
	at org.springframework.orm.jpa.vendor.HibernateJpaDialect.convertHibernateAccessException(HibernateJpaDialect.java:290)
	at org.springframework.orm.jpa.vendor.HibernateJpaDialect.translateExceptionIfPossible(HibernateJpaDialect.java:241)
	at org.springframework.orm.jpa.AbstractEntityManagerFactoryBean.translateExceptionIfPossible(AbstractEntityManagerFactoryBean.java:550)
	at org.springframework.dao.support.ChainedPersistenceExceptionTranslator.translateExceptionIfPossible(ChainedPersistenceExceptionTranslator.java:61)
	at org.springframework.dao.support.DataAccessUtils.translateIfNecessary(DataAccessUtils.java:335)
	at org.springframework.dao.support.PersistenceExceptionTranslationInterceptor.invoke(PersistenceExceptionTranslationInterceptor.java:152)
	at org.springframework.aop.framework.ReflectiveMethodInvocation.proceed(ReflectiveMethodInvocation.java:184)
	at org.springframework.data.jpa.repository.support.CrudMethodMetadataPostProcessor$CrudMethodMetadataPopulatingMethodInterceptor.invoke(CrudMethodMetadataPostProcessor.java:164)
	at org.springframework.aop.framework.ReflectiveMethodInvocation.proceed(ReflectiveMethodInvocation.java:184)
	at org.springframework.aop.interceptor.ExposeInvocationInterceptor.invoke(ExposeInvocationInterceptor.java:97)
	at org.springframework.aop.framework.ReflectiveMethodInvocation.proceed(ReflectiveMethodInvocation.java:184)
	at org.springframework.aop.framework.JdkDynamicAopProxy.invoke(JdkDynamicAopProxy.java:220)
	at jdk.proxy2/jdk.proxy2.$Proxy147.save(Unknown Source)
	at com.example.backend.service.FinanceService.createPayment(FinanceService.java:50)
	at java.base/jdk.internal.reflect.DirectMethodHandleAccessor.invoke(DirectMethodHandleAccessor.java:103)
	at java.base/java.lang.reflect.Method.invoke(Method.java:580)
	at org.springframework.aop.support.AopUtils.invokeJoinpointUsingReflection(AopUtils.java:351)
	at org.springframework.aop.framework.ReflectiveMethodInvocation.invokeJoinpoint(ReflectiveMethodInvocation.java:196)
	at org.springframework.aop.framework.ReflectiveMethodInvocation.proceed(ReflectiveMethodInvocation.java:163)
	at org.springframework.aop.framework.CglibAopProxy$CglibMethodInvocation.proceed(CglibAopProxy.java:765)
	at org.springframework.transaction.interceptor.TransactionInterceptor$1.proceedWithInvocation(TransactionInterceptor.java:123)
	at org.springframework.transaction.interceptor.TransactionAspectSupport.invokeWithinTransaction(TransactionAspectSupport.java:392)
	at org.springframework.transaction.interceptor.TransactionInterceptor.invoke(TransactionInterceptor.java:119)
	at org.springframework.aop.framework.ReflectiveMethodInvocation.proceed(ReflectiveMethodInvocation.java:184)
	at org.springframework.aop.framework.CglibAopProxy$CglibMethodInvocation.proceed(CglibAopProxy.java:765)
	at org.springframework.aop.framework.CglibAopProxy$DynamicAdvisedInterceptor.intercept(CglibAopProxy.java:717)
	at com.example.backend.service.FinanceService$$SpringCGLIB$$0.createPayment(<generated>)
	at com.example.backend.controller.FinanceController.createPayment(FinanceController.java:40)
	at java.base/jdk.internal.reflect.DirectMethodHandleAccessor.invoke(DirectMethodHandleAccessor.java:103)
	at java.base/java.lang.reflect.Method.invoke(Method.java:580)
	at org.springframework.aop.support.AopUtils.invokeJoinpointUsingReflection(AopUtils.java:351)
	at org.springframework.aop.framework.ReflectiveMethodInvocation.invokeJoinpoint(ReflectiveMethodInvocation.java:196)
	at org.springframework.aop.framework.ReflectiveMethodInvocation.proceed(ReflectiveMethodInvocation.java:163)
	at org.springframework.aop.framework.CglibAopProxy$CglibMethodInvocation.proceed(CglibAopProxy.java:765)
	at org.springframework.security.authorization.method.AuthorizationManagerBeforeMethodInterceptor.invoke(AuthorizationManagerBeforeMethodInterceptor.java:198)
	at org.springframework.aop.framework.ReflectiveMethodInvocation.proceed(ReflectiveMethodInvocation.java:184)
	at org.springframework.aop.framework.CglibAopProxy$CglibMethodInvocation.proceed(CglibAopProxy.java:765)
	at org.springframework.aop.framework.CglibAopProxy$DynamicAdvisedInterceptor.intercept(CglibAopProxy.java:717)
	at com.example.backend.controller.FinanceController$$SpringCGLIB$$0.createPayment(<generated>)
	at java.base/jdk.internal.reflect.DirectMethodHandleAccessor.invoke(DirectMethodHandleAccessor.java:103)
	at java.base/java.lang.reflect.Method.invoke(Method.java:580)
	at org.springframework.web.method.support.InvocableHandlerMethod.doInvoke(InvocableHandlerMethod.java:255)
	at org.springframework.web.method.support.InvocableHandlerMethod.invokeForRequest(InvocableHandlerMethod.java:188)
	at org.springframework.web.servlet.mvc.method.annotation.ServletInvocableHandlerMethod.invokeAndHandle(ServletInvocableHandlerMethod.java:118)
	at org.springframework.web.servlet.mvc.method.annotation.RequestMappingHandlerAdapter.invokeHandlerMethod(RequestMappingHandlerAdapter.java:925)
	at org.springframework.web.servlet.mvc.method.annotation.RequestMappingHandlerAdapter.handleInternal(RequestMappingHandlerAdapter.java:830)
	at org.springframework.web.servlet.mvc.method.AbstractHandlerMethodAdapter.handle(AbstractHandlerMethodAdapter.java:87)
	at org.springframework.web.servlet.DispatcherServlet.doDispatch(DispatcherServlet.java:1089)
	at org.springframework.web.servlet.DispatcherServlet.doService(DispatcherServlet.java:979)
	at org.springframework.web.servlet.FrameworkServlet.processRequest(FrameworkServlet.java:1014)
	at org.springframework.web.servlet.FrameworkServlet.doPost(FrameworkServlet.java:914)
	at jakarta.servlet.http.HttpServlet.service(HttpServlet.java:590)
	at org.springframework.web.servlet.FrameworkServlet.service(FrameworkServlet.java:885)
	at jakarta.servlet.http.HttpServlet.service(HttpServlet.java:658)
	at org.apache.catalina.core.ApplicationFilterChain.internalDoFilter(ApplicationFilterChain.java:205)
	at org.apache.catalina.core.ApplicationFilterChain.doFilter(ApplicationFilterChain.java:149)
	at org.apache.tomcat.websocket.server.WsFilter.doFilter(WsFilter.java:51)
	at org.apache.catalina.core.ApplicationFilterChain.internalDoFilter(ApplicationFilterChain.java:174)
	at org.apache.catalina.core.ApplicationFilterChain.doFilter(ApplicationFilterChain.java:149)
	at org.springframework.web.filter.OncePerRequestFilter.doFilter(OncePerRequestFilter.java:110)
	at org.apache.catalina.core.ApplicationFilterChain.internalDoFilter(ApplicationFilterChain.java:174)
	at org.apache.catalina.core.ApplicationFilterChain.doFilter(ApplicationFilterChain.java:149)
	at org.springframework.web.filter.CompositeFilter$VirtualFilterChain.doFilter(CompositeFilter.java:108)
	at org.springframework.security.web.FilterChainProxy.lambda$doFilterInternal$3(FilterChainProxy.java:231)
	at org.springframework.security.web.FilterChainProxy$VirtualFilterChain.doFilter(FilterChainProxy.java:365)
	at org.springframework.security.web.access.intercept.AuthorizationFilter.doFilter(AuthorizationFilter.java:100)
	at org.springframework.security.web.FilterChainProxy$VirtualFilterChain.doFilter(FilterChainProxy.java:374)
	at org.springframework.security.web.access.ExceptionTranslationFilter.doFilter(ExceptionTranslationFilter.java:126)
	at org.springframework.security.web.access.ExceptionTranslationFilter.doFilter(ExceptionTranslationFilter.java:120)
	at org.springframework.security.web.FilterChainProxy$VirtualFilterChain.doFilter(FilterChainProxy.java:374)
	at org.springframework.security.web.session.SessionManagementFilter.doFilter(SessionManagementFilter.java:131)
	at org.springframework.security.web.session.SessionManagementFilter.doFilter(SessionManagementFilter.java:85)
	at org.springframework.security.web.FilterChainProxy$VirtualFilterChain.doFilter(FilterChainProxy.java:374)
	at org.springframework.security.web.authentication.AnonymousAuthenticationFilter.doFilter(AnonymousAuthenticationFilter.java:100)
	at org.springframework.security.web.FilterChainProxy$VirtualFilterChain.doFilter(FilterChainProxy.java:374)
	at org.springframework.security.web.servletapi.SecurityContextHolderAwareRequestFilter.doFilter(SecurityContextHolderAwareRequestFilter.java:179)
	at org.springframework.security.web.FilterChainProxy$VirtualFilterChain.doFilter(FilterChainProxy.java:374)
	at org.springframework.security.web.savedrequest.RequestCacheAwareFilter.doFilter(RequestCacheAwareFilter.java:63)
	at org.springframework.security.web.FilterChainProxy$VirtualFilterChain.doFilter(FilterChainProxy.java:374)
	at com.example.backend.security.JwtAuthenticationFilter.doFilterInternal(JwtAuthenticationFilter.java:51)
	at org.springframework.web.filter.OncePerRequestFilter.doFilter(OncePerRequestFilter.java:116)
	at org.springframework.security.web.FilterChainProxy$VirtualFilterChain.doFilter(FilterChainProxy.java:374)
	at org.springframework.security.web.authentication.logout.LogoutFilter.doFilter(LogoutFilter.java:107)
	at org.springframework.security.web.authentication.logout.LogoutFilter.doFilter(LogoutFilter.java:93)
	at org.springframework.security.web.FilterChainProxy$VirtualFilterChain.doFilter(FilterChainProxy.java:374)
	at org.springframework.web.filter.CorsFilter.doFilterInternal(CorsFilter.java:91)
	at org.springframework.web.filter.OncePerRequestFilter.doFilter(OncePerRequestFilter.java:116)
	at org.springframework.security.web.FilterChainProxy$VirtualFilterChain.doFilter(FilterChainProxy.java:374)
	at org.springframework.security.web.header.HeaderWriterFilter.doHeadersAfter(HeaderWriterFilter.java:90)
	at org.springframework.security.web.header.HeaderWriterFilter.doFilterInternal(HeaderWriterFilter.java:75)
	at org.springframework.web.filter.OncePerRequestFilter.doFilter(OncePerRequestFilter.java:116)
	at org.springframework.security.web.FilterChainProxy$VirtualFilterChain.doFilter(FilterChainProxy.java:374)
	at org.springframework.security.web.context.SecurityContextHolderFilter.doFilter(SecurityContextHolderFilter.java:82)
	at org.springframework.security.web.context.SecurityContextHolderFilter.doFilter(SecurityContextHolderFilter.java:69)
	at org.springframework.security.web.FilterChainProxy$VirtualFilterChain.doFilter(FilterChainProxy.java:374)
	at org.springframework.security.web.context.request.async.WebAsyncManagerIntegrationFilter.doFilterInternal(WebAsyncManagerIntegrationFilter.java:62)
	at org.springframework.web.filter.OncePerRequestFilter.doFilter(OncePerRequestFilter.java:116)
	at org.springframework.security.web.FilterChainProxy$VirtualFilterChain.doFilter(FilterChainProxy.java:374)
	at org.springframework.security.web.session.DisableEncodeUrlFilter.doFilterInternal(DisableEncodeUrlFilter.java:42)
	at org.springframework.web.filter.OncePerRequestFilter.doFilter(OncePerRequestFilter.java:116)
	at org.springframework.security.web.FilterChainProxy$VirtualFilterChain.doFilter(FilterChainProxy.java:374)
	at org.springframework.security.web.FilterChainProxy.doFilterInternal(FilterChainProxy.java:233)
	at org.springframework.security.web.FilterChainProxy.doFilter(FilterChainProxy.java:191)
	at org.springframework.web.filter.CompositeFilter$VirtualFilterChain.doFilter(CompositeFilter.java:113)
	at org.springframework.web.servlet.handler.HandlerMappingIntrospector.lambda$createCacheFilter$3(HandlerMappingIntrospector.java:195)
	at org.springframework.web.filter.CompositeFilter$VirtualFilterChain.doFilter(CompositeFilter.java:113)
	at org.springframework.web.filter.CompositeFilter.doFilter(CompositeFilter.java:74)
	at org.springframework.security.config.annotation.web.configuration.WebMvcSecurityConfiguration$CompositeFilterChainProxy.doFilter(WebMvcSecurityConfiguration.java:230)
	at org.springframework.web.filter.DelegatingFilterProxy.invokeDelegate(DelegatingFilterProxy.java:352)
	at org.springframework.web.filter.DelegatingFilterProxy.doFilter(DelegatingFilterProxy.java:268)
	at org.apache.catalina.core.ApplicationFilterChain.internalDoFilter(ApplicationFilterChain.java:174)
	at org.apache.catalina.core.ApplicationFilterChain.doFilter(ApplicationFilterChain.java:149)
	at org.springframework.web.filter.RequestContextFilter.doFilterInternal(RequestContextFilter.java:100)
	at org.springframework.web.filter.OncePerRequestFilter.doFilter(OncePerRequestFilter.java:116)
	at org.apache.catalina.core.ApplicationFilterChain.internalDoFilter(ApplicationFilterChain.java:174)
	at org.apache.catalina.core.ApplicationFilterChain.doFilter(ApplicationFilterChain.java:149)
	at org.springframework.web.filter.FormContentFilter.doFilterInternal(FormContentFilter.java:93)
	at org.springframework.web.filter.OncePerRequestFilter.doFilter(OncePerRequestFilter.java:116)
	at org.apache.catalina.core.ApplicationFilterChain.internalDoFilter(ApplicationFilterChain.java:174)
	at org.apache.catalina.core.ApplicationFilterChain.doFilter(ApplicationFilterChain.java:149)
	at org.springframework.web.filter.CharacterEncodingFilter.doFilterInternal(CharacterEncodingFilter.java:201)
	at org.springframework.web.filter.OncePerRequestFilter.doFilter(OncePerRequestFilter.java:116)
	at org.apache.catalina.core.ApplicationFilterChain.internalDoFilter(ApplicationFilterChain.java:174)
	at org.apache.catalina.core.ApplicationFilterChain.doFilter(ApplicationFilterChain.java:149)
	at org.apache.catalina.core.StandardWrapperValve.invoke(StandardWrapperValve.java:167)
	at org.apache.catalina.core.StandardContextValve.invoke(StandardContextValve.java:90)
	at org.apache.catalina.authenticator.AuthenticatorBase.invoke(AuthenticatorBase.java:482)
	at org.apache.catalina.core.StandardHostValve.invoke(StandardHostValve.java:115)
	at org.apache.catalina.valves.ErrorReportValve.invoke(ErrorReportValve.java:93)
	at org.apache.catalina.core.StandardEngineValve.invoke(StandardEngineValve.java:74)
	at org.apache.catalina.connector.CoyoteAdapter.service(CoyoteAdapter.java:344)
	at org.apache.coyote.http11.Http11Processor.service(Http11Processor.java:391)
	at org.apache.coyote.AbstractProcessorLight.process(AbstractProcessorLight.java:63)
	at org.apache.coyote.AbstractProtocol$ConnectionHandler.process(AbstractProtocol.java:896)
	at org.apache.tomcat.util.net.NioEndpoint$SocketProcessor.doRun(NioEndpoint.java:1744)
	at org.apache.tomcat.util.net.SocketProcessorBase.run(SocketProcessorBase.java:52)
	at org.apache.tomcat.util.threads.ThreadPoolExecutor.runWorker(ThreadPoolExecutor.java:1191)
	at org.apache.tomcat.util.threads.ThreadPoolExecutor$Worker.run(ThreadPoolExecutor.java:659)
	at org.apache.tomcat.util.threads.TaskThread$WrappingRunnable.run(TaskThread.java:63)
	at java.base/java.lang.Thread.run(Thread.java:1570)
Caused by: org.hibernate.exception.ConstraintViolationException: could not execute statement [Column 'enrollment_id' cannot be null] [/* insert for com.example.backend.entity.Payment */insert into payments (amount,created_at,enrollment_id,payment_method,payment_time,status,transaction_id,updated_at) values (?,?,?,?,?,?,?,?)]
	at org.hibernate.exception.internal.SQLExceptionTypeDelegate.convert(SQLExceptionTypeDelegate.java:62)
	at org.hibernate.exception.internal.StandardSQLExceptionConverter.convert(StandardSQLExceptionConverter.java:58)
	at org.hibernate.engine.jdbc.spi.SqlExceptionHelper.convert(SqlExceptionHelper.java:108)
	at org.hibernate.engine.jdbc.internal.ResultSetReturnImpl.executeUpdate(ResultSetReturnImpl.java:197)
	at org.hibernate.id.insert.GetGeneratedKeysDelegate.performInsert(GetGeneratedKeysDelegate.java:107)
	at org.hibernate.engine.jdbc.mutation.internal.MutationExecutorPostInsertSingleTable.execute(MutationExecutorPostInsertSingleTable.java:100)
	at org.hibernate.persister.entity.mutation.InsertCoordinator.doStaticInserts(InsertCoordinator.java:175)
	at org.hibernate.persister.entity.mutation.InsertCoordinator.coordinateInsert(InsertCoordinator.java:113)
	at org.hibernate.persister.entity.AbstractEntityPersister.insert(AbstractEntityPersister.java:2868)
	at org.hibernate.action.internal.EntityIdentityInsertAction.execute(EntityIdentityInsertAction.java:81)
	at org.hibernate.engine.spi.ActionQueue.execute(ActionQueue.java:670)
	at org.hibernate.engine.spi.ActionQueue.addResolvedEntityInsertAction(ActionQueue.java:291)
	at org.hibernate.engine.spi.ActionQueue.addInsertAction(ActionQueue.java:272)
	at org.hibernate.engine.spi.ActionQueue.addAction(ActionQueue.java:322)
	at org.hibernate.event.internal.AbstractSaveEventListener.addInsertAction(AbstractSaveEventListener.java:386)
	at org.hibernate.event.internal.AbstractSaveEventListener.performSaveOrReplicate(AbstractSaveEventListener.java:300)
	at org.hibernate.event.internal.AbstractSaveEventListener.performSave(AbstractSaveEventListener.java:219)
	at org.hibernate.event.internal.AbstractSaveEventListener.saveWithGeneratedId(AbstractSaveEventListener.java:134)
	at org.hibernate.event.internal.DefaultPersistEventListener.entityIsTransient(DefaultPersistEventListener.java:175)
	at org.hibernate.event.internal.DefaultPersistEventListener.persist(DefaultPersistEventListener.java:93)
	at org.hibernate.event.internal.DefaultPersistEventListener.onPersist(DefaultPersistEventListener.java:77)
	at org.hibernate.event.internal.DefaultPersistEventListener.onPersist(DefaultPersistEventListener.java:54)
	at org.hibernate.event.service.internal.EventListenerGroupImpl.fireEventOnEachListener(EventListenerGroupImpl.java:127)
	at org.hibernate.internal.SessionImpl.firePersist(SessionImpl.java:754)
	at org.hibernate.internal.SessionImpl.persist(SessionImpl.java:738)
	at java.base/jdk.internal.reflect.DirectMethodHandleAccessor.invoke(DirectMethodHandleAccessor.java:103)
	at java.base/java.lang.reflect.Method.invoke(Method.java:580)
	at org.springframework.orm.jpa.ExtendedEntityManagerCreator$ExtendedEntityManagerInvocationHandler.invoke(ExtendedEntityManagerCreator.java:364)
	at jdk.proxy2/jdk.proxy2.$Proxy131.persist(Unknown Source)
	at java.base/jdk.internal.reflect.DirectMethodHandleAccessor.invoke(DirectMethodHandleAccessor.java:103)
	at java.base/java.lang.reflect.Method.invoke(Method.java:580)
	at org.springframework.orm.jpa.SharedEntityManagerCreator$SharedEntityManagerInvocationHandler.invoke(SharedEntityManagerCreator.java:319)
	at jdk.proxy2/jdk.proxy2.$Proxy131.persist(Unknown Source)
	at org.springframework.data.jpa.repository.support.SimpleJpaRepository.save(SimpleJpaRepository.java:618)
	at java.base/jdk.internal.reflect.DirectMethodHandleAccessor.invoke(DirectMethodHandleAccessor.java:103)
	at java.base/java.lang.reflect.Method.invoke(Method.java:580)
	at org.springframework.aop.support.AopUtils.invokeJoinpointUsingReflection(AopUtils.java:351)
	at org.springframework.data.repository.core.support.RepositoryMethodInvoker$RepositoryFragmentMethodInvoker.lambda$new$0(RepositoryMethodInvoker.java:277)
	at org.springframework.data.repository.core.support.RepositoryMethodInvoker.doInvoke(RepositoryMethodInvoker.java:170)
	at org.springframework.data.repository.core.support.RepositoryMethodInvoker.invoke(RepositoryMethodInvoker.java:158)
	at org.springframework.data.repository.core.support.RepositoryComposition$RepositoryFragments.invoke(RepositoryComposition.java:516)
	at org.springframework.data.repository.core.support.RepositoryComposition.invoke(RepositoryComposition.java:285)
	at org.springframework.data.repository.core.support.RepositoryFactorySupport$ImplementationMethodExecutionInterceptor.invoke(RepositoryFactorySupport.java:628)
	at org.springframework.aop.framework.ReflectiveMethodInvocation.proceed(ReflectiveMethodInvocation.java:184)
	at org.springframework.data.repository.core.support.QueryExecutorMethodInterceptor.doInvoke(QueryExecutorMethodInterceptor.java:168)
	at org.springframework.data.repository.core.support.QueryExecutorMethodInterceptor.invoke(QueryExecutorMethodInterceptor.java:143)
	at org.springframework.aop.framework.ReflectiveMethodInvocation.proceed(ReflectiveMethodInvocation.java:184)
	at org.springframework.data.projection.DefaultMethodInvokingMethodInterceptor.invoke(DefaultMethodInvokingMethodInterceptor.java:70)
	at org.springframework.aop.framework.ReflectiveMethodInvocation.proceed(ReflectiveMethodInvocation.java:184)
	at org.springframework.transaction.interceptor.TransactionInterceptor$1.proceedWithInvocation(TransactionInterceptor.java:123)
	at org.springframework.transaction.interceptor.TransactionAspectSupport.invokeWithinTransaction(TransactionAspectSupport.java:392)
	at org.springframework.transaction.interceptor.TransactionInterceptor.invoke(TransactionInterceptor.java:119)
	at org.springframework.aop.framework.ReflectiveMethodInvocation.proceed(ReflectiveMethodInvocation.java:184)
	at org.springframework.dao.support.PersistenceExceptionTranslationInterceptor.invoke(PersistenceExceptionTranslationInterceptor.java:137)
	... 134 common frames omitted
Caused by: java.sql.SQLIntegrityConstraintViolationException: Column 'enrollment_id' cannot be null
	at com.mysql.cj.jdbc.exceptions.SQLError.createSQLException(SQLError.java:118)
	at com.mysql.cj.jdbc.exceptions.SQLExceptionsMapping.translateException(SQLExceptionsMapping.java:122)
	at com.mysql.cj.jdbc.ClientPreparedStatement.executeInternal(ClientPreparedStatement.java:912)
	at com.mysql.cj.jdbc.ClientPreparedStatement.executeUpdateInternal(ClientPreparedStatement.java:1054)
	at com.mysql.cj.jdbc.ClientPreparedStatement.executeUpdateInternal(ClientPreparedStatement.java:1003)
	at com.mysql.cj.jdbc.ClientPreparedStatement.executeLargeUpdate(ClientPreparedStatement.java:1312)
	at com.mysql.cj.jdbc.ClientPreparedStatement.executeUpdate(ClientPreparedStatement.java:988)
	at com.zaxxer.hikari.pool.ProxyPreparedStatement.executeUpdate(ProxyPreparedStatement.java:61)
	at com.zaxxer.hikari.pool.HikariProxyPreparedStatement.executeUpdate(HikariProxyPreparedStatement.java)
	at org.hibernate.engine.jdbc.internal.ResultSetReturnImpl.executeUpdate(ResultSetReturnImpl.java:194)
	... 184 common frames omitted
2026-05-05 04:00:50 [http-nio-8080-exec-3] DEBUG org.hibernate.SQL - 
    /* <criteria> */ select
        u1_0.id,
        u1_0.avatar,
        u1_0.created_at,
        u1_0.email,
        u1_0.password,
        u1_0.phone,
        u1_0.real_name,
        u1_0.role,
        u1_0.status,
        u1_0.updated_at,
        u1_0.username 
    from
        users u1_0 
    where
        u1_0.username=?
2026-05-05 04:00:50 [http-nio-8080-exec-3] DEBUG org.hibernate.SQL - 
    select
        b1_0.id,
        b1_0.amount,
        b1_0.bill_type,
        b1_0.created_at,
        b1_0.description,
        b1_0.due_date,
        b1_0.enrollment_id,
        b1_0.payment_id,
        b1_0.status,
        b1_0.student_id,
        b1_0.updated_at 
    from
        bills b1_0 
    where
        b1_0.id=?
2026-05-05 04:00:50 [http-nio-8080-exec-3] DEBUG org.hibernate.SQL - 
    /* insert for
        com.example.backend.entity.Payment */insert 
    into
        payments (amount, created_at, enrollment_id, payment_method, payment_time, status, transaction_id, updated_at) 
    values
        (?, ?, ?, ?, ?, ?, ?, ?)
2026-05-05 04:00:50 [http-nio-8080-exec-3] WARN  o.h.e.jdbc.spi.SqlExceptionHelper - SQL Error: 1048, SQLState: 23000
2026-05-05 04:00:50 [http-nio-8080-exec-3] ERROR o.h.e.jdbc.spi.SqlExceptionHelper - Column 'enrollment_id' cannot be null
2026-05-05 04:00:50 [http-nio-8080-exec-3] ERROR c.e.b.config.GlobalExceptionHandler - [RuntimeException] /api/finance/payment - could not execute statement [Column 'enrollment_id' cannot be null] [/* insert for com.example.backend.entity.Payment */insert into payments (amount,created_at,enrollment_id,payment_method,payment_time,status,transaction_id,updated_at) values (?,?,?,?,?,?,?,?)]; SQL [/* insert for com.example.backend.entity.Payment */insert into payments (amount,created_at,enrollment_id,payment_method,payment_time,status,transaction_id,updated_at) values (?,?,?,?,?,?,?,?)]; constraint [null]
org.springframework.dao.DataIntegrityViolationException: could not execute statement [Column 'enrollment_id' cannot be null] [/* insert for com.example.backend.entity.Payment */insert into payments (amount,created_at,enrollment_id,payment_method,payment_time,status,transaction_id,updated_at) values (?,?,?,?,?,?,?,?)]; SQL [/* insert for com.example.backend.entity.Payment */insert into payments (amount,created_at,enrollment_id,payment_method,payment_time,status,transaction_id,updated_at) values (?,?,?,?,?,?,?,?)]; constraint [null]
	at org.springframework.orm.jpa.vendor.HibernateJpaDialect.convertHibernateAccessException(HibernateJpaDialect.java:290)
	at org.springframework.orm.jpa.vendor.HibernateJpaDialect.translateExceptionIfPossible(HibernateJpaDialect.java:241)
	at org.springframework.orm.jpa.AbstractEntityManagerFactoryBean.translateExceptionIfPossible(AbstractEntityManagerFactoryBean.java:550)
	at org.springframework.dao.support.ChainedPersistenceExceptionTranslator.translateExceptionIfPossible(ChainedPersistenceExceptionTranslator.java:61)
	at org.springframework.dao.support.DataAccessUtils.translateIfNecessary(DataAccessUtils.java:335)
	at org.springframework.dao.support.PersistenceExceptionTranslationInterceptor.invoke(PersistenceExceptionTranslationInterceptor.java:152)
	at org.springframework.aop.framework.ReflectiveMethodInvocation.proceed(ReflectiveMethodInvocation.java:184)
	at org.springframework.data.jpa.repository.support.CrudMethodMetadataPostProcessor$CrudMethodMetadataPopulatingMethodInterceptor.invoke(CrudMethodMetadataPostProcessor.java:164)
	at org.springframework.aop.framework.ReflectiveMethodInvocation.proceed(ReflectiveMethodInvocation.java:184)
	at org.springframework.aop.interceptor.ExposeInvocationInterceptor.invoke(ExposeInvocationInterceptor.java:97)
	at org.springframework.aop.framework.ReflectiveMethodInvocation.proceed(ReflectiveMethodInvocation.java:184)
	at org.springframework.aop.framework.JdkDynamicAopProxy.invoke(JdkDynamicAopProxy.java:220)
	at jdk.proxy2/jdk.proxy2.$Proxy147.save(Unknown Source)
	at com.example.backend.service.FinanceService.createPayment(FinanceService.java:50)
	at java.base/jdk.internal.reflect.DirectMethodHandleAccessor.invoke(DirectMethodHandleAccessor.java:103)
	at java.base/java.lang.reflect.Method.invoke(Method.java:580)
	at org.springframework.aop.support.AopUtils.invokeJoinpointUsingReflection(AopUtils.java:351)
	at org.springframework.aop.framework.ReflectiveMethodInvocation.invokeJoinpoint(ReflectiveMethodInvocation.java:196)
	at org.springframework.aop.framework.ReflectiveMethodInvocation.proceed(ReflectiveMethodInvocation.java:163)
	at org.springframework.aop.framework.CglibAopProxy$CglibMethodInvocation.proceed(CglibAopProxy.java:765)
	at org.springframework.transaction.interceptor.TransactionInterceptor$1.proceedWithInvocation(TransactionInterceptor.java:123)
	at org.springframework.transaction.interceptor.TransactionAspectSupport.invokeWithinTransaction(TransactionAspectSupport.java:392)
	at org.springframework.transaction.interceptor.TransactionInterceptor.invoke(TransactionInterceptor.java:119)
	at org.springframework.aop.framework.ReflectiveMethodInvocation.proceed(ReflectiveMethodInvocation.java:184)
	at org.springframework.aop.framework.CglibAopProxy$CglibMethodInvocation.proceed(CglibAopProxy.java:765)
	at org.springframework.aop.framework.CglibAopProxy$DynamicAdvisedInterceptor.intercept(CglibAopProxy.java:717)
	at com.example.backend.service.FinanceService$$SpringCGLIB$$0.createPayment(<generated>)
	at com.example.backend.controller.FinanceController.createPayment(FinanceController.java:40)
	at java.base/jdk.internal.reflect.DirectMethodHandleAccessor.invoke(DirectMethodHandleAccessor.java:103)
	at java.base/java.lang.reflect.Method.invoke(Method.java:580)
	at org.springframework.aop.support.AopUtils.invokeJoinpointUsingReflection(AopUtils.java:351)
	at org.springframework.aop.framework.ReflectiveMethodInvocation.invokeJoinpoint(ReflectiveMethodInvocation.java:196)
	at org.springframework.aop.framework.ReflectiveMethodInvocation.proceed(ReflectiveMethodInvocation.java:163)
	at org.springframework.aop.framework.CglibAopProxy$CglibMethodInvocation.proceed(CglibAopProxy.java:765)
	at org.springframework.security.authorization.method.AuthorizationManagerBeforeMethodInterceptor.invoke(AuthorizationManagerBeforeMethodInterceptor.java:198)
	at org.springframework.aop.framework.ReflectiveMethodInvocation.proceed(ReflectiveMethodInvocation.java:184)
	at org.springframework.aop.framework.CglibAopProxy$CglibMethodInvocation.proceed(CglibAopProxy.java:765)
	at org.springframework.aop.framework.CglibAopProxy$DynamicAdvisedInterceptor.intercept(CglibAopProxy.java:717)
	at com.example.backend.controller.FinanceController$$SpringCGLIB$$0.createPayment(<generated>)
	at java.base/jdk.internal.reflect.DirectMethodHandleAccessor.invoke(DirectMethodHandleAccessor.java:103)
	at java.base/java.lang.reflect.Method.invoke(Method.java:580)
	at org.springframework.web.method.support.InvocableHandlerMethod.doInvoke(InvocableHandlerMethod.java:255)
	at org.springframework.web.method.support.InvocableHandlerMethod.invokeForRequest(InvocableHandlerMethod.java:188)
	at org.springframework.web.servlet.mvc.method.annotation.ServletInvocableHandlerMethod.invokeAndHandle(ServletInvocableHandlerMethod.java:118)
	at org.springframework.web.servlet.mvc.method.annotation.RequestMappingHandlerAdapter.invokeHandlerMethod(RequestMappingHandlerAdapter.java:925)
	at org.springframework.web.servlet.mvc.method.annotation.RequestMappingHandlerAdapter.handleInternal(RequestMappingHandlerAdapter.java:830)
	at org.springframework.web.servlet.mvc.method.AbstractHandlerMethodAdapter.handle(AbstractHandlerMethodAdapter.java:87)
	at org.springframework.web.servlet.DispatcherServlet.doDispatch(DispatcherServlet.java:1089)
	at org.springframework.web.servlet.DispatcherServlet.doService(DispatcherServlet.java:979)
	at org.springframework.web.servlet.FrameworkServlet.processRequest(FrameworkServlet.java:1014)
	at org.springframework.web.servlet.FrameworkServlet.doPost(FrameworkServlet.java:914)
	at jakarta.servlet.http.HttpServlet.service(HttpServlet.java:590)
	at org.springframework.web.servlet.FrameworkServlet.service(FrameworkServlet.java:885)
	at jakarta.servlet.http.HttpServlet.service(HttpServlet.java:658)
	at org.apache.catalina.core.ApplicationFilterChain.internalDoFilter(ApplicationFilterChain.java:205)
	at org.apache.catalina.core.ApplicationFilterChain.doFilter(ApplicationFilterChain.java:149)
	at org.apache.tomcat.websocket.server.WsFilter.doFilter(WsFilter.java:51)
	at org.apache.catalina.core.ApplicationFilterChain.internalDoFilter(ApplicationFilterChain.java:174)
	at org.apache.catalina.core.ApplicationFilterChain.doFilter(ApplicationFilterChain.java:149)
	at org.springframework.web.filter.OncePerRequestFilter.doFilter(OncePerRequestFilter.java:110)
	at org.apache.catalina.core.ApplicationFilterChain.internalDoFilter(ApplicationFilterChain.java:174)
	at org.apache.catalina.core.ApplicationFilterChain.doFilter(ApplicationFilterChain.java:149)
	at org.springframework.web.filter.CompositeFilter$VirtualFilterChain.doFilter(CompositeFilter.java:108)
	at org.springframework.security.web.FilterChainProxy.lambda$doFilterInternal$3(FilterChainProxy.java:231)
	at org.springframework.security.web.FilterChainProxy$VirtualFilterChain.doFilter(FilterChainProxy.java:365)
	at org.springframework.security.web.access.intercept.AuthorizationFilter.doFilter(AuthorizationFilter.java:100)
	at org.springframework.security.web.FilterChainProxy$VirtualFilterChain.doFilter(FilterChainProxy.java:374)
	at org.springframework.security.web.access.ExceptionTranslationFilter.doFilter(ExceptionTranslationFilter.java:126)
	at org.springframework.security.web.access.ExceptionTranslationFilter.doFilter(ExceptionTranslationFilter.java:120)
	at org.springframework.security.web.FilterChainProxy$VirtualFilterChain.doFilter(FilterChainProxy.java:374)
	at org.springframework.security.web.session.SessionManagementFilter.doFilter(SessionManagementFilter.java:131)
	at org.springframework.security.web.session.SessionManagementFilter.doFilter(SessionManagementFilter.java:85)
	at org.springframework.security.web.FilterChainProxy$VirtualFilterChain.doFilter(FilterChainProxy.java:374)
	at org.springframework.security.web.authentication.AnonymousAuthenticationFilter.doFilter(AnonymousAuthenticationFilter.java:100)
	at org.springframework.security.web.FilterChainProxy$VirtualFilterChain.doFilter(FilterChainProxy.java:374)
	at org.springframework.security.web.servletapi.SecurityContextHolderAwareRequestFilter.doFilter(SecurityContextHolderAwareRequestFilter.java:179)
	at org.springframework.security.web.FilterChainProxy$VirtualFilterChain.doFilter(FilterChainProxy.java:374)
	at org.springframework.security.web.savedrequest.RequestCacheAwareFilter.doFilter(RequestCacheAwareFilter.java:63)
	at org.springframework.security.web.FilterChainProxy$VirtualFilterChain.doFilter(FilterChainProxy.java:374)
	at com.example.backend.security.JwtAuthenticationFilter.doFilterInternal(JwtAuthenticationFilter.java:51)
	at org.springframework.web.filter.OncePerRequestFilter.doFilter(OncePerRequestFilter.java:116)
	at org.springframework.security.web.FilterChainProxy$VirtualFilterChain.doFilter(FilterChainProxy.java:374)
	at org.springframework.security.web.authentication.logout.LogoutFilter.doFilter(LogoutFilter.java:107)
	at org.springframework.security.web.authentication.logout.LogoutFilter.doFilter(LogoutFilter.java:93)
	at org.springframework.security.web.FilterChainProxy$VirtualFilterChain.doFilter(FilterChainProxy.java:374)
	at org.springframework.web.filter.CorsFilter.doFilterInternal(CorsFilter.java:91)
	at org.springframework.web.filter.OncePerRequestFilter.doFilter(OncePerRequestFilter.java:116)
	at org.springframework.security.web.FilterChainProxy$VirtualFilterChain.doFilter(FilterChainProxy.java:374)
	at org.springframework.security.web.header.HeaderWriterFilter.doHeadersAfter(HeaderWriterFilter.java:90)
	at org.springframework.security.web.header.HeaderWriterFilter.doFilterInternal(HeaderWriterFilter.java:75)
	at org.springframework.web.filter.OncePerRequestFilter.doFilter(OncePerRequestFilter.java:116)
	at org.springframework.security.web.FilterChainProxy$VirtualFilterChain.doFilter(FilterChainProxy.java:374)
	at org.springframework.security.web.context.SecurityContextHolderFilter.doFilter(SecurityContextHolderFilter.java:82)
	at org.springframework.security.web.context.SecurityContextHolderFilter.doFilter(SecurityContextHolderFilter.java:69)
	at org.springframework.security.web.FilterChainProxy$VirtualFilterChain.doFilter(FilterChainProxy.java:374)
	at org.springframework.security.web.context.request.async.WebAsyncManagerIntegrationFilter.doFilterInternal(WebAsyncManagerIntegrationFilter.java:62)
	at org.springframework.web.filter.OncePerRequestFilter.doFilter(OncePerRequestFilter.java:116)
	at org.springframework.security.web.FilterChainProxy$VirtualFilterChain.doFilter(FilterChainProxy.java:374)
	at org.springframework.security.web.session.DisableEncodeUrlFilter.doFilterInternal(DisableEncodeUrlFilter.java:42)
	at org.springframework.web.filter.OncePerRequestFilter.doFilter(OncePerRequestFilter.java:116)
	at org.springframework.security.web.FilterChainProxy$VirtualFilterChain.doFilter(FilterChainProxy.java:374)
	at org.springframework.security.web.FilterChainProxy.doFilterInternal(FilterChainProxy.java:233)
	at org.springframework.security.web.FilterChainProxy.doFilter(FilterChainProxy.java:191)
	at org.springframework.web.filter.CompositeFilter$VirtualFilterChain.doFilter(CompositeFilter.java:113)
	at org.springframework.web.servlet.handler.HandlerMappingIntrospector.lambda$createCacheFilter$3(HandlerMappingIntrospector.java:195)
	at org.springframework.web.filter.CompositeFilter$VirtualFilterChain.doFilter(CompositeFilter.java:113)
	at org.springframework.web.filter.CompositeFilter.doFilter(CompositeFilter.java:74)
	at org.springframework.security.config.annotation.web.configuration.WebMvcSecurityConfiguration$CompositeFilterChainProxy.doFilter(WebMvcSecurityConfiguration.java:230)
	at org.springframework.web.filter.DelegatingFilterProxy.invokeDelegate(DelegatingFilterProxy.java:352)
	at org.springframework.web.filter.DelegatingFilterProxy.doFilter(DelegatingFilterProxy.java:268)
	at org.apache.catalina.core.ApplicationFilterChain.internalDoFilter(ApplicationFilterChain.java:174)
	at org.apache.catalina.core.ApplicationFilterChain.doFilter(ApplicationFilterChain.java:149)
	at org.springframework.web.filter.RequestContextFilter.doFilterInternal(RequestContextFilter.java:100)
	at org.springframework.web.filter.OncePerRequestFilter.doFilter(OncePerRequestFilter.java:116)
	at org.apache.catalina.core.ApplicationFilterChain.internalDoFilter(ApplicationFilterChain.java:174)
	at org.apache.catalina.core.ApplicationFilterChain.doFilter(ApplicationFilterChain.java:149)
	at org.springframework.web.filter.FormContentFilter.doFilterInternal(FormContentFilter.java:93)
	at org.springframework.web.filter.OncePerRequestFilter.doFilter(OncePerRequestFilter.java:116)
	at org.apache.catalina.core.ApplicationFilterChain.internalDoFilter(ApplicationFilterChain.java:174)
	at org.apache.catalina.core.ApplicationFilterChain.doFilter(ApplicationFilterChain.java:149)
	at org.springframework.web.filter.CharacterEncodingFilter.doFilterInternal(CharacterEncodingFilter.java:201)
	at org.springframework.web.filter.OncePerRequestFilter.doFilter(OncePerRequestFilter.java:116)
	at org.apache.catalina.core.ApplicationFilterChain.internalDoFilter(ApplicationFilterChain.java:174)
	at org.apache.catalina.core.ApplicationFilterChain.doFilter(ApplicationFilterChain.java:149)
	at org.apache.catalina.core.StandardWrapperValve.invoke(StandardWrapperValve.java:167)
	at org.apache.catalina.core.StandardContextValve.invoke(StandardContextValve.java:90)
	at org.apache.catalina.authenticator.AuthenticatorBase.invoke(AuthenticatorBase.java:482)
	at org.apache.catalina.core.StandardHostValve.invoke(StandardHostValve.java:115)
	at org.apache.catalina.valves.ErrorReportValve.invoke(ErrorReportValve.java:93)
	at org.apache.catalina.core.StandardEngineValve.invoke(StandardEngineValve.java:74)
	at org.apache.catalina.connector.CoyoteAdapter.service(CoyoteAdapter.java:344)
	at org.apache.coyote.http11.Http11Processor.service(Http11Processor.java:391)
	at org.apache.coyote.AbstractProcessorLight.process(AbstractProcessorLight.java:63)
	at org.apache.coyote.AbstractProtocol$ConnectionHandler.process(AbstractProtocol.java:896)
	at org.apache.tomcat.util.net.NioEndpoint$SocketProcessor.doRun(NioEndpoint.java:1744)
	at org.apache.tomcat.util.net.SocketProcessorBase.run(SocketProcessorBase.java:52)
	at org.apache.tomcat.util.threads.ThreadPoolExecutor.runWorker(ThreadPoolExecutor.java:1191)
	at org.apache.tomcat.util.threads.ThreadPoolExecutor$Worker.run(ThreadPoolExecutor.java:659)
	at org.apache.tomcat.util.threads.TaskThread$WrappingRunnable.run(TaskThread.java:63)
	at java.base/java.lang.Thread.run(Thread.java:1570)
Caused by: org.hibernate.exception.ConstraintViolationException: could not execute statement [Column 'enrollment_id' cannot be null] [/* insert for com.example.backend.entity.Payment */insert into payments (amount,created_at,enrollment_id,payment_method,payment_time,status,transaction_id,updated_at) values (?,?,?,?,?,?,?,?)]
	at org.hibernate.exception.internal.SQLExceptionTypeDelegate.convert(SQLExceptionTypeDelegate.java:62)
	at org.hibernate.exception.internal.StandardSQLExceptionConverter.convert(StandardSQLExceptionConverter.java:58)
	at org.hibernate.engine.jdbc.spi.SqlExceptionHelper.convert(SqlExceptionHelper.java:108)
	at org.hibernate.engine.jdbc.internal.ResultSetReturnImpl.executeUpdate(ResultSetReturnImpl.java:197)
	at org.hibernate.id.insert.GetGeneratedKeysDelegate.performInsert(GetGeneratedKeysDelegate.java:107)
	at org.hibernate.engine.jdbc.mutation.internal.MutationExecutorPostInsertSingleTable.execute(MutationExecutorPostInsertSingleTable.java:100)
	at org.hibernate.persister.entity.mutation.InsertCoordinator.doStaticInserts(InsertCoordinator.java:175)
	at org.hibernate.persister.entity.mutation.InsertCoordinator.coordinateInsert(InsertCoordinator.java:113)
	at org.hibernate.persister.entity.AbstractEntityPersister.insert(AbstractEntityPersister.java:2868)
	at org.hibernate.action.internal.EntityIdentityInsertAction.execute(EntityIdentityInsertAction.java:81)
	at org.hibernate.engine.spi.ActionQueue.execute(ActionQueue.java:670)
	at org.hibernate.engine.spi.ActionQueue.addResolvedEntityInsertAction(ActionQueue.java:291)
	at org.hibernate.engine.spi.ActionQueue.addInsertAction(ActionQueue.java:272)
	at org.hibernate.engine.spi.ActionQueue.addAction(ActionQueue.java:322)
	at org.hibernate.event.internal.AbstractSaveEventListener.addInsertAction(AbstractSaveEventListener.java:386)
	at org.hibernate.event.internal.AbstractSaveEventListener.performSaveOrReplicate(AbstractSaveEventListener.java:300)
	at org.hibernate.event.internal.AbstractSaveEventListener.performSave(AbstractSaveEventListener.java:219)
	at org.hibernate.event.internal.AbstractSaveEventListener.saveWithGeneratedId(AbstractSaveEventListener.java:134)
	at org.hibernate.event.internal.DefaultPersistEventListener.entityIsTransient(DefaultPersistEventListener.java:175)
	at org.hibernate.event.internal.DefaultPersistEventListener.persist(DefaultPersistEventListener.java:93)
	at org.hibernate.event.internal.DefaultPersistEventListener.onPersist(DefaultPersistEventListener.java:77)
	at org.hibernate.event.internal.DefaultPersistEventListener.onPersist(DefaultPersistEventListener.java:54)
	at org.hibernate.event.service.internal.EventListenerGroupImpl.fireEventOnEachListener(EventListenerGroupImpl.java:127)
	at org.hibernate.internal.SessionImpl.firePersist(SessionImpl.java:754)
	at org.hibernate.internal.SessionImpl.persist(SessionImpl.java:738)
	at java.base/jdk.internal.reflect.DirectMethodHandleAccessor.invoke(DirectMethodHandleAccessor.java:103)
	at java.base/java.lang.reflect.Method.invoke(Method.java:580)
	at org.springframework.orm.jpa.ExtendedEntityManagerCreator$ExtendedEntityManagerInvocationHandler.invoke(ExtendedEntityManagerCreator.java:364)
	at jdk.proxy2/jdk.proxy2.$Proxy131.persist(Unknown Source)
	at java.base/jdk.internal.reflect.DirectMethodHandleAccessor.invoke(DirectMethodHandleAccessor.java:103)
	at java.base/java.lang.reflect.Method.invoke(Method.java:580)
	at org.springframework.orm.jpa.SharedEntityManagerCreator$SharedEntityManagerInvocationHandler.invoke(SharedEntityManagerCreator.java:319)
	at jdk.proxy2/jdk.proxy2.$Proxy131.persist(Unknown Source)
	at org.springframework.data.jpa.repository.support.SimpleJpaRepository.save(SimpleJpaRepository.java:618)
	at java.base/jdk.internal.reflect.DirectMethodHandleAccessor.invoke(DirectMethodHandleAccessor.java:103)
	at java.base/java.lang.reflect.Method.invoke(Method.java:580)
	at org.springframework.aop.support.AopUtils.invokeJoinpointUsingReflection(AopUtils.java:351)
	at org.springframework.data.repository.core.support.RepositoryMethodInvoker$RepositoryFragmentMethodInvoker.lambda$new$0(RepositoryMethodInvoker.java:277)
	at org.springframework.data.repository.core.support.RepositoryMethodInvoker.doInvoke(RepositoryMethodInvoker.java:170)
	at org.springframework.data.repository.core.support.RepositoryMethodInvoker.invoke(RepositoryMethodInvoker.java:158)
	at org.springframework.data.repository.core.support.RepositoryComposition$RepositoryFragments.invoke(RepositoryComposition.java:516)
	at org.springframework.data.repository.core.support.RepositoryComposition.invoke(RepositoryComposition.java:285)
	at org.springframework.data.repository.core.support.RepositoryFactorySupport$ImplementationMethodExecutionInterceptor.invoke(RepositoryFactorySupport.java:628)
	at org.springframework.aop.framework.ReflectiveMethodInvocation.proceed(ReflectiveMethodInvocation.java:184)
	at org.springframework.data.repository.core.support.QueryExecutorMethodInterceptor.doInvoke(QueryExecutorMethodInterceptor.java:168)
	at org.springframework.data.repository.core.support.QueryExecutorMethodInterceptor.invoke(QueryExecutorMethodInterceptor.java:143)
	at org.springframework.aop.framework.ReflectiveMethodInvocation.proceed(ReflectiveMethodInvocation.java:184)
	at org.springframework.data.projection.DefaultMethodInvokingMethodInterceptor.invoke(DefaultMethodInvokingMethodInterceptor.java:70)
	at org.springframework.aop.framework.ReflectiveMethodInvocation.proceed(ReflectiveMethodInvocation.java:184)
	at org.springframework.transaction.interceptor.TransactionInterceptor$1.proceedWithInvocation(TransactionInterceptor.java:123)
	at org.springframework.transaction.interceptor.TransactionAspectSupport.invokeWithinTransaction(TransactionAspectSupport.java:392)
	at org.springframework.transaction.interceptor.TransactionInterceptor.invoke(TransactionInterceptor.java:119)
	at org.springframework.aop.framework.ReflectiveMethodInvocation.proceed(ReflectiveMethodInvocation.java:184)
	at org.springframework.dao.support.PersistenceExceptionTranslationInterceptor.invoke(PersistenceExceptionTranslationInterceptor.java:137)
	... 134 common frames omitted
Caused by: java.sql.SQLIntegrityConstraintViolationException: Column 'enrollment_id' cannot be null
	at com.mysql.cj.jdbc.exceptions.SQLError.createSQLException(SQLError.java:118)
	at com.mysql.cj.jdbc.exceptions.SQLExceptionsMapping.translateException(SQLExceptionsMapping.java:122)
	at com.mysql.cj.jdbc.ClientPreparedStatement.executeInternal(ClientPreparedStatement.java:912)
	at com.mysql.cj.jdbc.ClientPreparedStatement.executeUpdateInternal(ClientPreparedStatement.java:1054)
	at com.mysql.cj.jdbc.ClientPreparedStatement.executeUpdateInternal(ClientPreparedStatement.java:1003)
	at com.mysql.cj.jdbc.ClientPreparedStatement.executeLargeUpdate(ClientPreparedStatement.java:1312)
	at com.mysql.cj.jdbc.ClientPreparedStatement.executeUpdate(ClientPreparedStatement.java:988)
	at com.zaxxer.hikari.pool.ProxyPreparedStatement.executeUpdate(ProxyPreparedStatement.java:61)
	at com.zaxxer.hikari.pool.HikariProxyPreparedStatement.executeUpdate(HikariProxyPreparedStatement.java)
	at org.hibernate.engine.jdbc.internal.ResultSetReturnImpl.executeUpdate(ResultSetReturnImpl.java:194)
	... 184 common frames omitted
2026-05-05 04:01:09 [http-nio-8080-exec-5] DEBUG org.hibernate.SQL - 
    /* <criteria> */ select
        u1_0.id,
        u1_0.avatar,
        u1_0.created_at,
        u1_0.email,
        u1_0.password,
        u1_0.phone,
        u1_0.real_name,
        u1_0.role,
        u1_0.status,
        u1_0.updated_at,
        u1_0.username 
    from
        users u1_0 
    where
        u1_0.username=?
2026-05-05 04:01:09 [http-nio-8080-exec-5] DEBUG org.hibernate.SQL - 
    /* <criteria> */ select
        s1_0.id,
        s1_0.avatar,
        s1_0.birth_date,
        s1_0.created_at,
        s1_0.email,
        s1_0.emergency_contact,
        s1_0.emergency_phone,
        s1_0.gender,
        s1_0.name,
        s1_0.phone,
        s1_0.status,
        s1_0.updated_at,
        s1_0.user_id 
    from
        students s1_0 
    left join
        users u1_0 
            on u1_0.id=s1_0.user_id 
    where
        u1_0.id=?
2026-05-05 04:01:09 [http-nio-8080-exec-5] DEBUG org.hibernate.SQL - 
    /* SELECT
        e 
    FROM
        Enrollment e 
    WHERE
        e.student.id = :studentId 
        AND e.status NOT IN ('CANCELLED') */ select
            e1_0.id,
            e1_0.cancel_reason,
            e1_0.cancelled_at,
            e1_0.course_id,
            e1_0.created_at,
            e1_0.enrollment_date,
            e1_0.payment_status,
            e1_0.schedule_id,
            e1_0.status,
            e1_0.student_id,
            e1_0.updated_at 
        from
            enrollments e1_0 
        where
            e1_0.student_id=? 
            and e1_0.status not in ('CANCELLED')
2026-05-05 04:01:09 [http-nio-8080-exec-5] DEBUG org.hibernate.SQL - 
    select
        c1_0.id,
        c1_0.capacity,
        c1_0.category,
        c1_0.created_at,
        c1_0.description,
        c1_0.duration,
        c1_0.enrolled_count,
        c1_0.image,
        c1_0.level,
        c1_0.name,
        c1_0.price,
        c1_0.status,
        c1_0.teacher_id,
        c1_0.updated_at 
    from
        courses c1_0 
    where
        c1_0.id=?
2026-05-05 04:01:09 [http-nio-8080-exec-5] DEBUG org.hibernate.SQL - 
    select
        c1_0.id,
        c1_0.capacity,
        c1_0.category,
        c1_0.created_at,
        c1_0.description,
        c1_0.duration,
        c1_0.enrolled_count,
        c1_0.image,
        c1_0.level,
        c1_0.name,
        c1_0.price,
        c1_0.status,
        c1_0.teacher_id,
        c1_0.updated_at 
    from
        courses c1_0 
    where
        c1_0.id=?
2026-05-05 04:01:09 [http-nio-8080-exec-5] DEBUG org.hibernate.SQL - 
    select
        t1_0.id,
        t1_0.avatar,
        t1_0.bio,
        t1_0.created_at,
        t1_0.email,
        t1_0.experience,
        t1_0.name,
        t1_0.phone,
        t1_0.status,
        t1_0.subjects,
        t1_0.updated_at,
        t1_0.user_id 
    from
        teachers t1_0 
    where
        t1_0.id=?
2026-05-05 04:01:09 [http-nio-8080-exec-5] DEBUG org.hibernate.SQL - 
    select
        c1_0.id,
        c1_0.capacity,
        c1_0.category,
        c1_0.created_at,
        c1_0.description,
        c1_0.duration,
        c1_0.enrolled_count,
        c1_0.image,
        c1_0.level,
        c1_0.name,
        c1_0.price,
        c1_0.status,
        c1_0.teacher_id,
        c1_0.updated_at 
    from
        courses c1_0 
    where
        c1_0.id=?
2026-05-05 04:01:09 [http-nio-8080-exec-5] DEBUG org.hibernate.SQL - 
    select
        t1_0.id,
        t1_0.avatar,
        t1_0.bio,
        t1_0.created_at,
        t1_0.email,
        t1_0.experience,
        t1_0.name,
        t1_0.phone,
        t1_0.status,
        t1_0.subjects,
        t1_0.updated_at,
        t1_0.user_id 
    from
        teachers t1_0 
    where
        t1_0.id=?
2026-05-05 04:01:09 [http-nio-8080-exec-5] DEBUG org.hibernate.SQL - 
    select
        c1_0.id,
        c1_0.capacity,
        c1_0.category,
        c1_0.created_at,
        c1_0.description,
        c1_0.duration,
        c1_0.enrolled_count,
        c1_0.image,
        c1_0.level,
        c1_0.name,
        c1_0.price,
        c1_0.status,
        c1_0.teacher_id,
        c1_0.updated_at 
    from
        courses c1_0 
    where
        c1_0.id=?
2026-05-05 04:01:14 [http-nio-8080-exec-8] DEBUG org.hibernate.SQL - 
    /* <criteria> */ select
        u1_0.id,
        u1_0.avatar,
        u1_0.created_at,
        u1_0.email,
        u1_0.password,
        u1_0.phone,
        u1_0.real_name,
        u1_0.role,
        u1_0.status,
        u1_0.updated_at,
        u1_0.username 
    from
        users u1_0 
    where
        u1_0.username=?
2026-05-05 04:01:14 [http-nio-8080-exec-8] DEBUG org.hibernate.SQL - 
    /* <criteria> */ select
        c1_0.id,
        c1_0.capacity,
        c1_0.category,
        c1_0.created_at,
        c1_0.description,
        c1_0.duration,
        c1_0.enrolled_count,
        c1_0.image,
        c1_0.level,
        c1_0.name,
        c1_0.price,
        c1_0.status,
        c1_0.teacher_id,
        c1_0.updated_at 
    from
        courses c1_0 
    where
        c1_0.status=? 
    limit
        ?, ?
2026-05-05 04:01:14 [http-nio-8080-exec-8] DEBUG org.hibernate.SQL - 
    select
        t1_0.id,
        t1_0.avatar,
        t1_0.bio,
        t1_0.created_at,
        t1_0.email,
        t1_0.experience,
        t1_0.name,
        t1_0.phone,
        t1_0.status,
        t1_0.subjects,
        t1_0.updated_at,
        t1_0.user_id 
    from
        teachers t1_0 
    where
        t1_0.id=?
2026-05-05 04:01:14 [http-nio-8080-exec-8] DEBUG org.hibernate.SQL - 
    select
        t1_0.id,
        t1_0.avatar,
        t1_0.bio,
        t1_0.created_at,
        t1_0.email,
        t1_0.experience,
        t1_0.name,
        t1_0.phone,
        t1_0.status,
        t1_0.subjects,
        t1_0.updated_at,
        t1_0.user_id 
    from
        teachers t1_0 
    where
        t1_0.id=?
2026-05-05 04:01:18 [http-nio-8080-exec-2] DEBUG org.hibernate.SQL - 
    /* <criteria> */ select
        u1_0.id,
        u1_0.avatar,
        u1_0.created_at,
        u1_0.email,
        u1_0.password,
        u1_0.phone,
        u1_0.real_name,
        u1_0.role,
        u1_0.status,
        u1_0.updated_at,
        u1_0.username 
    from
        users u1_0 
    where
        u1_0.username=?
2026-05-05 04:01:18 [http-nio-8080-exec-2] DEBUG org.hibernate.SQL - 
    /* <criteria> */ select
        s1_0.id,
        s1_0.avatar,
        s1_0.birth_date,
        s1_0.created_at,
        s1_0.email,
        s1_0.emergency_contact,
        s1_0.emergency_phone,
        s1_0.gender,
        s1_0.name,
        s1_0.phone,
        s1_0.status,
        s1_0.updated_at,
        s1_0.user_id 
    from
        students s1_0 
    left join
        users u1_0 
            on u1_0.id=s1_0.user_id 
    where
        u1_0.id=?
2026-05-05 04:01:18 [http-nio-8080-exec-2] DEBUG org.hibernate.SQL - 
    select
        c1_0.id,
        c1_0.capacity,
        c1_0.category,
        c1_0.created_at,
        c1_0.description,
        c1_0.duration,
        c1_0.enrolled_count,
        c1_0.image,
        c1_0.level,
        c1_0.name,
        c1_0.price,
        c1_0.status,
        c1_0.teacher_id,
        c1_0.updated_at 
    from
        courses c1_0 
    where
        c1_0.id=?
2026-05-05 04:01:18 [http-nio-8080-exec-2] DEBUG org.hibernate.SQL - 
    /* <criteria> */ select
        e1_0.id 
    from
        enrollments e1_0 
    left join
        students s1_0 
            on s1_0.id=e1_0.student_id 
    left join
        courses c1_0 
            on c1_0.id=e1_0.course_id 
    where
        s1_0.id=? 
        and c1_0.id=? 
        and e1_0.status<>? 
    limit
        ?
2026-05-05 04:01:18 [http-nio-8080-exec-2] WARN  c.e.b.config.GlobalExceptionHandler - [BusinessException] /api/courses/6/enroll - 您已报名该课程
2026-05-05 04:01:24 [http-nio-8080-exec-9] DEBUG org.hibernate.SQL - 
    /* <criteria> */ select
        u1_0.id,
        u1_0.avatar,
        u1_0.created_at,
        u1_0.email,
        u1_0.password,
        u1_0.phone,
        u1_0.real_name,
        u1_0.role,
        u1_0.status,
        u1_0.updated_at,
        u1_0.username 
    from
        users u1_0 
    where
        u1_0.username=?
2026-05-05 04:01:24 [http-nio-8080-exec-9] DEBUG org.hibernate.SQL - 
    /* <criteria> */ select
        s1_0.id,
        s1_0.avatar,
        s1_0.birth_date,
        s1_0.created_at,
        s1_0.email,
        s1_0.emergency_contact,
        s1_0.emergency_phone,
        s1_0.gender,
        s1_0.name,
        s1_0.phone,
        s1_0.status,
        s1_0.updated_at,
        s1_0.user_id 
    from
        students s1_0 
    left join
        users u1_0 
            on u1_0.id=s1_0.user_id 
    where
        u1_0.id=?
2026-05-05 04:01:24 [http-nio-8080-exec-9] DEBUG org.hibernate.SQL - 
    /* SELECT
        e 
    FROM
        Enrollment e 
    WHERE
        e.student.id = :studentId 
        AND e.status NOT IN ('CANCELLED') */ select
            e1_0.id,
            e1_0.cancel_reason,
            e1_0.cancelled_at,
            e1_0.course_id,
            e1_0.created_at,
            e1_0.enrollment_date,
            e1_0.payment_status,
            e1_0.schedule_id,
            e1_0.status,
            e1_0.student_id,
            e1_0.updated_at 
        from
            enrollments e1_0 
        where
            e1_0.student_id=? 
            and e1_0.status not in ('CANCELLED')
2026-05-05 04:01:24 [http-nio-8080-exec-9] DEBUG org.hibernate.SQL - 
    select
        c1_0.id,
        c1_0.capacity,
        c1_0.category,
        c1_0.created_at,
        c1_0.description,
        c1_0.duration,
        c1_0.enrolled_count,
        c1_0.image,
        c1_0.level,
        c1_0.name,
        c1_0.price,
        c1_0.status,
        c1_0.teacher_id,
        c1_0.updated_at 
    from
        courses c1_0 
    where
        c1_0.id=?
2026-05-05 04:01:24 [http-nio-8080-exec-9] DEBUG org.hibernate.SQL - 
    select
        c1_0.id,
        c1_0.capacity,
        c1_0.category,
        c1_0.created_at,
        c1_0.description,
        c1_0.duration,
        c1_0.enrolled_count,
        c1_0.image,
        c1_0.level,
        c1_0.name,
        c1_0.price,
        c1_0.status,
        c1_0.teacher_id,
        c1_0.updated_at 
    from
        courses c1_0 
    where
        c1_0.id=?
2026-05-05 04:01:24 [http-nio-8080-exec-9] DEBUG org.hibernate.SQL - 
    select
        t1_0.id,
        t1_0.avatar,
        t1_0.bio,
        t1_0.created_at,
        t1_0.email,
        t1_0.experience,
        t1_0.name,
        t1_0.phone,
        t1_0.status,
        t1_0.subjects,
        t1_0.updated_at,
        t1_0.user_id 
    from
        teachers t1_0 
    where
        t1_0.id=?
2026-05-05 04:01:24 [http-nio-8080-exec-9] DEBUG org.hibernate.SQL - 
    select
        c1_0.id,
        c1_0.capacity,
        c1_0.category,
        c1_0.created_at,
        c1_0.description,
        c1_0.duration,
        c1_0.enrolled_count,
        c1_0.image,
        c1_0.level,
        c1_0.name,
        c1_0.price,
        c1_0.status,
        c1_0.teacher_id,
        c1_0.updated_at 
    from
        courses c1_0 
    where
        c1_0.id=?
2026-05-05 04:01:24 [http-nio-8080-exec-9] DEBUG org.hibernate.SQL - 
    select
        t1_0.id,
        t1_0.avatar,
        t1_0.bio,
        t1_0.created_at,
        t1_0.email,
        t1_0.experience,
        t1_0.name,
        t1_0.phone,
        t1_0.status,
        t1_0.subjects,
        t1_0.updated_at,
        t1_0.user_id 
    from
        teachers t1_0 
    where
        t1_0.id=?
2026-05-05 04:01:24 [http-nio-8080-exec-9] DEBUG org.hibernate.SQL - 
    select
        c1_0.id,
        c1_0.capacity,
        c1_0.category,
        c1_0.created_at,
        c1_0.description,
        c1_0.duration,
        c1_0.enrolled_count,
        c1_0.image,
        c1_0.level,
        c1_0.name,
        c1_0.price,
        c1_0.status,
        c1_0.teacher_id,
        c1_0.updated_at 
    from
        courses c1_0 
    where
        c1_0.id=?
2026-05-05 04:01:27 [http-nio-8080-exec-10] DEBUG org.hibernate.SQL - 
    /* <criteria> */ select
        u1_0.id,
        u1_0.avatar,
        u1_0.created_at,
        u1_0.email,
        u1_0.password,
        u1_0.phone,
        u1_0.real_name,
        u1_0.role,
        u1_0.status,
        u1_0.updated_at,
        u1_0.username 
    from
        users u1_0 
    where
        u1_0.username=?
2026-05-05 04:01:27 [http-nio-8080-exec-7] DEBUG org.hibernate.SQL - 
    /* <criteria> */ select
        u1_0.id,
        u1_0.avatar,
        u1_0.created_at,
        u1_0.email,
        u1_0.password,
        u1_0.phone,
        u1_0.real_name,
        u1_0.role,
        u1_0.status,
        u1_0.updated_at,
        u1_0.username 
    from
        users u1_0 
    where
        u1_0.username=?
2026-05-05 04:01:27 [http-nio-8080-exec-7] DEBUG org.hibernate.SQL - 
    /* <criteria> */ select
        b1_0.id,
        b1_0.amount,
        b1_0.bill_type,
        b1_0.created_at,
        b1_0.description,
        b1_0.due_date,
        b1_0.enrollment_id,
        b1_0.payment_id,
        b1_0.status,
        b1_0.student_id,
        b1_0.updated_at 
    from
        bills b1_0 
    limit
        ?, ?
2026-05-05 04:01:27 [http-nio-8080-exec-10] DEBUG org.hibernate.SQL - 
    /* <criteria> */ select
        p1_0.id,
        p1_0.amount,
        p1_0.created_at,
        p1_0.enrollment_id,
        p1_0.payment_method,
        p1_0.payment_time,
        p1_0.status,
        p1_0.transaction_id,
        p1_0.updated_at 
    from
        payments p1_0 
    limit
        ?, ?
2026-05-05 04:02:49 [SpringApplicationShutdownHook] INFO  o.s.o.j.LocalContainerEntityManagerFactoryBean - Closing JPA EntityManagerFactory for persistence unit 'default'
2026-05-05 04:02:49 [SpringApplicationShutdownHook] INFO  com.zaxxer.hikari.HikariDataSource - HikariPool-1 - Shutdown initiated...
2026-05-05 04:02:49 [SpringApplicationShutdownHook] INFO  com.zaxxer.hikari.HikariDataSource - HikariPool-1 - Shutdown completed.
2026-05-05 04:02:53 [main] INFO  c.example.backend.BackendApplication - Starting BackendApplication using Java 22.0.2 with PID 25672 (C:\Users\YunH\Desktop\街舞系统\backend\target\classes started by YunH in C:\Users\YunH\Desktop\街舞系统)
2026-05-05 04:02:53 [main] DEBUG c.example.backend.BackendApplication - Running with Spring Boot v3.2.4, Spring v6.1.5
2026-05-05 04:02:53 [main] INFO  c.example.backend.BackendApplication - No active profile set, falling back to 1 default profile: "default"
2026-05-05 04:02:54 [main] INFO  o.s.d.r.c.RepositoryConfigurationDelegate - Bootstrapping Spring Data JPA repositories in DEFAULT mode.
2026-05-05 04:02:54 [main] INFO  o.s.d.r.c.RepositoryConfigurationDelegate - Finished Spring Data repository scanning in 53 ms. Found 10 JPA repository interfaces.
2026-05-05 04:02:54 [main] INFO  o.s.b.w.e.tomcat.TomcatWebServer - Tomcat initialized with port 8080 (http)
2026-05-05 04:02:54 [main] INFO  o.a.catalina.core.StandardService - Starting service [Tomcat]
2026-05-05 04:02:54 [main] INFO  o.a.catalina.core.StandardEngine - Starting Servlet engine: [Apache Tomcat/10.1.19]
2026-05-05 04:02:54 [main] INFO  o.a.c.c.C.[Tomcat].[localhost].[/] - Initializing Spring embedded WebApplicationContext
2026-05-05 04:02:54 [main] INFO  o.s.b.w.s.c.ServletWebServerApplicationContext - Root WebApplicationContext: initialization completed in 1043 ms
2026-05-05 04:02:54 [main] INFO  com.zaxxer.hikari.HikariDataSource - HikariPool-1 - Starting...
2026-05-05 04:02:54 [main] INFO  com.zaxxer.hikari.pool.HikariPool - HikariPool-1 - Added connection com.mysql.cj.jdbc.ConnectionImpl@2055833f
2026-05-05 04:02:54 [main] INFO  com.zaxxer.hikari.HikariDataSource - HikariPool-1 - Start completed.
2026-05-05 04:02:54 [main] INFO  o.h.jpa.internal.util.LogHelper - HHH000204: Processing PersistenceUnitInfo [name: default]
2026-05-05 04:02:54 [main] INFO  org.hibernate.Version - HHH000412: Hibernate ORM core version 6.4.4.Final
2026-05-05 04:02:54 [main] INFO  o.h.c.i.RegionFactoryInitiator - HHH000026: Second-level cache disabled
2026-05-05 04:02:55 [main] INFO  o.s.o.j.p.SpringPersistenceUnitInfo - No LoadTimeWeaver setup: ignoring JPA class transformer
2026-05-05 04:02:55 [main] WARN  org.hibernate.dialect.Dialect - HHH000511: The 5.5.0 version for [org.hibernate.dialect.MySQLDialect] is no longer supported, hence certain features may not work properly. The minimum supported version is 8.0.0. Check the community dialects project for available legacy versions.
2026-05-05 04:02:55 [main] WARN  org.hibernate.orm.deprecation - HHH90000025: MySQLDialect does not need to be specified explicitly using 'hibernate.dialect' (remove the property setting and it will be selected by default)
2026-05-05 04:02:55 [main] INFO  o.h.e.t.j.p.i.JtaPlatformInitiator - HHH000489: No JTA platform available (set 'hibernate.transaction.jta.platform' to enable JTA platform integration)
2026-05-05 04:02:56 [main] INFO  o.s.o.j.LocalContainerEntityManagerFactoryBean - Initialized JPA EntityManagerFactory for persistence unit 'default'
2026-05-05 04:02:56 [main] DEBUG c.e.b.s.JwtAuthenticationFilter - Filter 'jwtAuthenticationFilter' configured for use
2026-05-05 04:02:57 [main] INFO  o.s.d.j.r.query.QueryEnhancerFactory - Hibernate is in classpath; If applicable, HQL parser will be used.
2026-05-05 04:02:57 [main] INFO  c.e.b.service.FileUploadService - 文件上传目录: C:\Users\YunH\Desktop\街舞系统\upload
2026-05-05 04:02:57 [main] INFO  c.e.b.service.FileUploadService - 上传目录创建成功
2026-05-05 04:02:57 [main] WARN  o.s.b.a.o.j.JpaBaseConfiguration$JpaWebConfiguration - spring.jpa.open-in-view is enabled by default. Therefore, database queries may be performed during view rendering. Explicitly configure spring.jpa.open-in-view to disable this warning
2026-05-05 04:02:57 [main] INFO  o.s.s.web.DefaultSecurityFilterChain - Will secure any request with [org.springframework.security.web.session.DisableEncodeUrlFilter@63ed5580, org.springframework.security.web.context.request.async.WebAsyncManagerIntegrationFilter@4e7d1e2, org.springframework.security.web.context.SecurityContextHolderFilter@661409ed, org.springframework.security.web.header.HeaderWriterFilter@20677bc2, org.springframework.web.filter.CorsFilter@72ba8111, org.springframework.security.web.authentication.logout.LogoutFilter@124856d3, com.example.backend.security.JwtAuthenticationFilter@58e0d1ac, org.springframework.security.web.savedrequest.RequestCacheAwareFilter@473dbad, org.springframework.security.web.servletapi.SecurityContextHolderAwareRequestFilter@2447e2e, org.springframework.security.web.authentication.AnonymousAuthenticationFilter@16768389, org.springframework.security.web.session.SessionManagementFilter@7c81b1e1, org.springframework.security.web.access.ExceptionTranslationFilter@6cf04303, org.springframework.security.web.access.intercept.AuthorizationFilter@56c6256a]
2026-05-05 04:02:58 [main] INFO  o.s.b.w.e.tomcat.TomcatWebServer - Tomcat started on port 8080 (http) with context path ''
2026-05-05 04:02:58 [main] INFO  c.example.backend.BackendApplication - Started BackendApplication in 5.029 seconds (process running for 5.49)
2026-05-05 04:03:04 [http-nio-8080-exec-1] INFO  o.a.c.c.C.[Tomcat].[localhost].[/] - Initializing Spring DispatcherServlet 'dispatcherServlet'
2026-05-05 04:03:04 [http-nio-8080-exec-1] INFO  o.s.web.servlet.DispatcherServlet - Initializing Servlet 'dispatcherServlet'
2026-05-05 04:03:04 [http-nio-8080-exec-1] INFO  o.s.web.servlet.DispatcherServlet - Completed initialization in 2 ms
2026-05-05 04:03:04 [http-nio-8080-exec-1] DEBUG org.hibernate.SQL - 
    /* <criteria> */ select
        u1_0.id,
        u1_0.avatar,
        u1_0.created_at,
        u1_0.email,
        u1_0.password,
        u1_0.phone,
        u1_0.real_name,
        u1_0.role,
        u1_0.status,
        u1_0.updated_at,
        u1_0.username 
    from
        users u1_0 
    where
        u1_0.username=?
2026-05-05 04:03:04 [http-nio-8080-exec-1] DEBUG org.hibernate.SQL - 
    select
        u1_0.id,
        u1_0.avatar,
        u1_0.created_at,
        u1_0.email,
        u1_0.password,
        u1_0.phone,
        u1_0.real_name,
        u1_0.role,
        u1_0.status,
        u1_0.updated_at,
        u1_0.username 
    from
        users u1_0 
    where
        u1_0.id=?
2026-05-05 04:03:04 [http-nio-8080-exec-10] DEBUG org.hibernate.SQL - 
    /* <criteria> */ select
        u1_0.id,
        u1_0.avatar,
        u1_0.created_at,
        u1_0.email,
        u1_0.password,
        u1_0.phone,
        u1_0.real_name,
        u1_0.role,
        u1_0.status,
        u1_0.updated_at,
        u1_0.username 
    from
        users u1_0 
    where
        u1_0.username=?
2026-05-05 04:03:04 [http-nio-8080-exec-4] DEBUG org.hibernate.SQL - 
    /* <criteria> */ select
        u1_0.id,
        u1_0.avatar,
        u1_0.created_at,
        u1_0.email,
        u1_0.password,
        u1_0.phone,
        u1_0.real_name,
        u1_0.role,
        u1_0.status,
        u1_0.updated_at,
        u1_0.username 
    from
        users u1_0 
    where
        u1_0.username=?
2026-05-05 04:03:04 [http-nio-8080-exec-10] DEBUG org.hibernate.SQL - 
    /* <criteria> */ select
        b1_0.id,
        b1_0.amount,
        b1_0.bill_type,
        b1_0.created_at,
        b1_0.description,
        b1_0.due_date,
        b1_0.enrollment_id,
        b1_0.payment_id,
        b1_0.status,
        b1_0.student_id,
        b1_0.updated_at 
    from
        bills b1_0 
    limit
        ?, ?
2026-05-05 04:03:04 [http-nio-8080-exec-4] DEBUG org.hibernate.SQL - 
    /* <criteria> */ select
        p1_0.id,
        p1_0.amount,
        p1_0.created_at,
        p1_0.enrollment_id,
        p1_0.payment_method,
        p1_0.payment_time,
        p1_0.status,
        p1_0.transaction_id,
        p1_0.updated_at 
    from
        payments p1_0 
    limit
        ?, ?
2026-05-05 04:03:12 [http-nio-8080-exec-2] DEBUG org.hibernate.SQL - 
    /* <criteria> */ select
        u1_0.id,
        u1_0.avatar,
        u1_0.created_at,
        u1_0.email,
        u1_0.password,
        u1_0.phone,
        u1_0.real_name,
        u1_0.role,
        u1_0.status,
        u1_0.updated_at,
        u1_0.username 
    from
        users u1_0 
    where
        u1_0.username=?
2026-05-05 04:03:12 [http-nio-8080-exec-2] DEBUG org.hibernate.SQL - 
    select
        b1_0.id,
        b1_0.amount,
        b1_0.bill_type,
        b1_0.created_at,
        b1_0.description,
        b1_0.due_date,
        b1_0.enrollment_id,
        b1_0.payment_id,
        b1_0.status,
        b1_0.student_id,
        b1_0.updated_at 
    from
        bills b1_0 
    where
        b1_0.id=?
2026-05-05 04:03:12 [http-nio-8080-exec-2] DEBUG org.hibernate.SQL - 
    select
        e1_0.id,
        e1_0.cancel_reason,
        e1_0.cancelled_at,
        e1_0.course_id,
        e1_0.created_at,
        e1_0.enrollment_date,
        e1_0.payment_status,
        e1_0.schedule_id,
        e1_0.status,
        e1_0.student_id,
        e1_0.updated_at 
    from
        enrollments e1_0 
    where
        e1_0.id=?
2026-05-05 04:03:12 [http-nio-8080-exec-2] DEBUG org.hibernate.SQL - 
    /* insert for
        com.example.backend.entity.Payment */insert 
    into
        payments (amount, created_at, enrollment_id, payment_method, payment_time, status, transaction_id, updated_at) 
    values
        (?, ?, ?, ?, ?, ?, ?, ?)
2026-05-05 04:03:12 [http-nio-8080-exec-2] DEBUG org.hibernate.SQL - 
    /* update
        for com.example.backend.entity.Bill */update bills 
    set
        amount=?,
        bill_type=?,
        description=?,
        due_date=?,
        enrollment_id=?,
        payment_id=?,
        status=?,
        student_id=?,
        updated_at=? 
    where
        id=?
2026-05-05 04:03:13 [http-nio-8080-exec-6] DEBUG org.hibernate.SQL - 
    /* <criteria> */ select
        u1_0.id,
        u1_0.avatar,
        u1_0.created_at,
        u1_0.email,
        u1_0.password,
        u1_0.phone,
        u1_0.real_name,
        u1_0.role,
        u1_0.status,
        u1_0.updated_at,
        u1_0.username 
    from
        users u1_0 
    where
        u1_0.username=?
2026-05-05 04:03:13 [http-nio-8080-exec-6] DEBUG org.hibernate.SQL - 
    select
        p1_0.id,
        p1_0.amount,
        p1_0.created_at,
        p1_0.enrollment_id,
        p1_0.payment_method,
        p1_0.payment_time,
        p1_0.status,
        p1_0.transaction_id,
        p1_0.updated_at 
    from
        payments p1_0 
    where
        p1_0.id=?
2026-05-05 04:03:13 [http-nio-8080-exec-6] DEBUG org.hibernate.SQL - 
    select
        e1_0.id,
        e1_0.cancel_reason,
        e1_0.cancelled_at,
        e1_0.course_id,
        e1_0.created_at,
        e1_0.enrollment_date,
        e1_0.payment_status,
        e1_0.schedule_id,
        e1_0.status,
        e1_0.student_id,
        e1_0.updated_at 
    from
        enrollments e1_0 
    where
        e1_0.id=?
2026-05-05 04:03:13 [http-nio-8080-exec-6] DEBUG org.hibernate.SQL - 
    /* update
        for com.example.backend.entity.Payment */update payments 
    set
        amount=?,
        enrollment_id=?,
        payment_method=?,
        payment_time=?,
        status=?,
        transaction_id=?,
        updated_at=? 
    where
        id=?
2026-05-05 04:03:13 [http-nio-8080-exec-6] DEBUG org.hibernate.SQL - 
    /* update
        for com.example.backend.entity.Enrollment */update enrollments 
    set
        cancel_reason=?,
        cancelled_at=?,
        course_id=?,
        enrollment_date=?,
        payment_status=?,
        schedule_id=?,
        status=?,
        student_id=?,
        updated_at=? 
    where
        id=?
2026-05-05 04:03:13 [http-nio-8080-exec-6] DEBUG org.hibernate.SQL - 
    /* <criteria> */ select
        b1_0.id,
        b1_0.amount,
        b1_0.bill_type,
        b1_0.created_at,
        b1_0.description,
        b1_0.due_date,
        b1_0.enrollment_id,
        b1_0.payment_id,
        b1_0.status,
        b1_0.student_id,
        b1_0.updated_at 
    from
        bills b1_0 
    left join
        payments p1_0 
            on p1_0.id=b1_0.payment_id 
    where
        p1_0.id=?
2026-05-05 04:03:13 [http-nio-8080-exec-6] DEBUG org.hibernate.SQL - 
    /* update
        for com.example.backend.entity.Bill */update bills 
    set
        amount=?,
        bill_type=?,
        description=?,
        due_date=?,
        enrollment_id=?,
        payment_id=?,
        status=?,
        student_id=?,
        updated_at=? 
    where
        id=?
2026-05-05 04:03:13 [http-nio-8080-exec-7] DEBUG org.hibernate.SQL - 
    /* <criteria> */ select
        u1_0.id,
        u1_0.avatar,
        u1_0.created_at,
        u1_0.email,
        u1_0.password,
        u1_0.phone,
        u1_0.real_name,
        u1_0.role,
        u1_0.status,
        u1_0.updated_at,
        u1_0.username 
    from
        users u1_0 
    where
        u1_0.username=?
2026-05-05 04:03:13 [http-nio-8080-exec-8] DEBUG org.hibernate.SQL - 
    /* <criteria> */ select
        u1_0.id,
        u1_0.avatar,
        u1_0.created_at,
        u1_0.email,
        u1_0.password,
        u1_0.phone,
        u1_0.real_name,
        u1_0.role,
        u1_0.status,
        u1_0.updated_at,
        u1_0.username 
    from
        users u1_0 
    where
        u1_0.username=?
2026-05-05 04:03:13 [http-nio-8080-exec-7] DEBUG org.hibernate.SQL - 
    /* <criteria> */ select
        p1_0.id,
        p1_0.amount,
        p1_0.created_at,
        p1_0.enrollment_id,
        p1_0.payment_method,
        p1_0.payment_time,
        p1_0.status,
        p1_0.transaction_id,
        p1_0.updated_at 
    from
        payments p1_0 
    limit
        ?, ?
2026-05-05 04:03:13 [http-nio-8080-exec-8] DEBUG org.hibernate.SQL - 
    /* <criteria> */ select
        b1_0.id,
        b1_0.amount,
        b1_0.bill_type,
        b1_0.created_at,
        b1_0.description,
        b1_0.due_date,
        b1_0.enrollment_id,
        b1_0.payment_id,
        b1_0.status,
        b1_0.student_id,
        b1_0.updated_at 
    from
        bills b1_0 
    limit
        ?, ?
2026-05-05 04:03:25 [http-nio-8080-exec-9] DEBUG org.hibernate.SQL - 
    /* <criteria> */ select
        u1_0.id,
        u1_0.avatar,
        u1_0.created_at,
        u1_0.email,
        u1_0.password,
        u1_0.phone,
        u1_0.real_name,
        u1_0.role,
        u1_0.status,
        u1_0.updated_at,
        u1_0.username 
    from
        users u1_0 
    where
        u1_0.username=?
2026-05-05 04:03:25 [http-nio-8080-exec-3] DEBUG org.hibernate.SQL - 
    /* <criteria> */ select
        u1_0.id,
        u1_0.avatar,
        u1_0.created_at,
        u1_0.email,
        u1_0.password,
        u1_0.phone,
        u1_0.real_name,
        u1_0.role,
        u1_0.status,
        u1_0.updated_at,
        u1_0.username 
    from
        users u1_0 
    where
        u1_0.username=?
2026-05-05 04:03:25 [http-nio-8080-exec-3] DEBUG org.hibernate.SQL - 
    /* <criteria> */ select
        s1_0.id,
        s1_0.avatar,
        s1_0.birth_date,
        s1_0.created_at,
        s1_0.email,
        s1_0.emergency_contact,
        s1_0.emergency_phone,
        s1_0.gender,
        s1_0.name,
        s1_0.phone,
        s1_0.status,
        s1_0.updated_at,
        s1_0.user_id 
    from
        students s1_0 
    left join
        users u1_0 
            on u1_0.id=s1_0.user_id 
    where
        u1_0.id=?
2026-05-05 04:03:25 [http-nio-8080-exec-3] DEBUG org.hibernate.SQL - 
    select
        u1_0.id,
        u1_0.avatar,
        u1_0.created_at,
        u1_0.email,
        u1_0.password,
        u1_0.phone,
        u1_0.real_name,
        u1_0.role,
        u1_0.status,
        u1_0.updated_at,
        u1_0.username 
    from
        users u1_0 
    where
        u1_0.id=?
2026-05-05 04:03:25 [http-nio-8080-exec-3] DEBUG org.hibernate.SQL - 
    /* insert for
        com.example.backend.entity.Student */insert 
    into
        students (avatar, birth_date, created_at, email, emergency_contact, emergency_phone, gender, name, phone, status, updated_at, user_id) 
    values
        (?, ?, ?, ?, ?, ?, ?, ?, ?, ?, ?, ?)
2026-05-05 04:03:26 [http-nio-8080-exec-3] DEBUG org.hibernate.SQL - 
    /* SELECT
        e 
    FROM
        Enrollment e 
    WHERE
        e.student.id = :studentId 
        AND e.status NOT IN ('CANCELLED') */ select
            e1_0.id,
            e1_0.cancel_reason,
            e1_0.cancelled_at,
            e1_0.course_id,
            e1_0.created_at,
            e1_0.enrollment_date,
            e1_0.payment_status,
            e1_0.schedule_id,
            e1_0.status,
            e1_0.student_id,
            e1_0.updated_at 
        from
            enrollments e1_0 
        where
            e1_0.student_id=? 
            and e1_0.status not in ('CANCELLED')
2026-05-05 04:03:28 [http-nio-8080-exec-1] DEBUG org.hibernate.SQL - 
    /* <criteria> */ select
        u1_0.id,
        u1_0.avatar,
        u1_0.created_at,
        u1_0.email,
        u1_0.password,
        u1_0.phone,
        u1_0.real_name,
        u1_0.role,
        u1_0.status,
        u1_0.updated_at,
        u1_0.username 
    from
        users u1_0 
    where
        u1_0.username=?
2026-05-05 04:03:28 [http-nio-8080-exec-1] DEBUG org.hibernate.SQL - 
    /* <criteria> */ select
        c1_0.id,
        c1_0.capacity,
        c1_0.category,
        c1_0.created_at,
        c1_0.description,
        c1_0.duration,
        c1_0.enrolled_count,
        c1_0.image,
        c1_0.level,
        c1_0.name,
        c1_0.price,
        c1_0.status,
        c1_0.teacher_id,
        c1_0.updated_at 
    from
        courses c1_0 
    where
        c1_0.status=? 
    limit
        ?, ?
2026-05-05 04:03:28 [http-nio-8080-exec-1] DEBUG org.hibernate.SQL - 
    select
        t1_0.id,
        t1_0.avatar,
        t1_0.bio,
        t1_0.created_at,
        t1_0.email,
        t1_0.experience,
        t1_0.name,
        t1_0.phone,
        t1_0.status,
        t1_0.subjects,
        t1_0.updated_at,
        t1_0.user_id 
    from
        teachers t1_0 
    where
        t1_0.id=?
2026-05-05 04:03:28 [http-nio-8080-exec-1] DEBUG org.hibernate.SQL - 
    select
        t1_0.id,
        t1_0.avatar,
        t1_0.bio,
        t1_0.created_at,
        t1_0.email,
        t1_0.experience,
        t1_0.name,
        t1_0.phone,
        t1_0.status,
        t1_0.subjects,
        t1_0.updated_at,
        t1_0.user_id 
    from
        teachers t1_0 
    where
        t1_0.id=?
2026-05-05 04:03:29 [http-nio-8080-exec-7] DEBUG org.hibernate.SQL - 
    /* <criteria> */ select
        u1_0.id,
        u1_0.avatar,
        u1_0.created_at,
        u1_0.email,
        u1_0.password,
        u1_0.phone,
        u1_0.real_name,
        u1_0.role,
        u1_0.status,
        u1_0.updated_at,
        u1_0.username 
    from
        users u1_0 
    where
        u1_0.username=?
2026-05-05 04:03:29 [http-nio-8080-exec-7] DEBUG org.hibernate.SQL - 
    /* <criteria> */ select
        s1_0.id,
        s1_0.avatar,
        s1_0.birth_date,
        s1_0.created_at,
        s1_0.email,
        s1_0.emergency_contact,
        s1_0.emergency_phone,
        s1_0.gender,
        s1_0.name,
        s1_0.phone,
        s1_0.status,
        s1_0.updated_at,
        s1_0.user_id 
    from
        students s1_0 
    left join
        users u1_0 
            on u1_0.id=s1_0.user_id 
    where
        u1_0.id=?
2026-05-05 04:03:29 [http-nio-8080-exec-7] DEBUG org.hibernate.SQL - 
    /* SELECT
        e 
    FROM
        Enrollment e 
    WHERE
        e.student.id = :studentId 
        AND e.status NOT IN ('CANCELLED') */ select
            e1_0.id,
            e1_0.cancel_reason,
            e1_0.cancelled_at,
            e1_0.course_id,
            e1_0.created_at,
            e1_0.enrollment_date,
            e1_0.payment_status,
            e1_0.schedule_id,
            e1_0.status,
            e1_0.student_id,
            e1_0.updated_at 
        from
            enrollments e1_0 
        where
            e1_0.student_id=? 
            and e1_0.status not in ('CANCELLED')
2026-05-05 04:03:31 [http-nio-8080-exec-8] DEBUG org.hibernate.SQL - 
    /* <criteria> */ select
        u1_0.id,
        u1_0.avatar,
        u1_0.created_at,
        u1_0.email,
        u1_0.password,
        u1_0.phone,
        u1_0.real_name,
        u1_0.role,
        u1_0.status,
        u1_0.updated_at,
        u1_0.username 
    from
        users u1_0 
    where
        u1_0.username=?
2026-05-05 04:03:31 [http-nio-8080-exec-8] DEBUG org.hibernate.SQL - 
    /* <criteria> */ select
        c1_0.id,
        c1_0.capacity,
        c1_0.category,
        c1_0.created_at,
        c1_0.description,
        c1_0.duration,
        c1_0.enrolled_count,
        c1_0.image,
        c1_0.level,
        c1_0.name,
        c1_0.price,
        c1_0.status,
        c1_0.teacher_id,
        c1_0.updated_at 
    from
        courses c1_0 
    where
        c1_0.status=? 
    limit
        ?, ?
2026-05-05 04:03:31 [http-nio-8080-exec-8] DEBUG org.hibernate.SQL - 
    select
        t1_0.id,
        t1_0.avatar,
        t1_0.bio,
        t1_0.created_at,
        t1_0.email,
        t1_0.experience,
        t1_0.name,
        t1_0.phone,
        t1_0.status,
        t1_0.subjects,
        t1_0.updated_at,
        t1_0.user_id 
    from
        teachers t1_0 
    where
        t1_0.id=?
2026-05-05 04:03:32 [http-nio-8080-exec-8] DEBUG org.hibernate.SQL - 
    select
        t1_0.id,
        t1_0.avatar,
        t1_0.bio,
        t1_0.created_at,
        t1_0.email,
        t1_0.experience,
        t1_0.name,
        t1_0.phone,
        t1_0.status,
        t1_0.subjects,
        t1_0.updated_at,
        t1_0.user_id 
    from
        teachers t1_0 
    where
        t1_0.id=?
2026-05-05 04:03:32 [http-nio-8080-exec-9] DEBUG org.hibernate.SQL - 
    /* <criteria> */ select
        u1_0.id,
        u1_0.avatar,
        u1_0.created_at,
        u1_0.email,
        u1_0.password,
        u1_0.phone,
        u1_0.real_name,
        u1_0.role,
        u1_0.status,
        u1_0.updated_at,
        u1_0.username 
    from
        users u1_0 
    where
        u1_0.username=?
2026-05-05 04:03:32 [http-nio-8080-exec-9] DEBUG org.hibernate.SQL - 
    /* <criteria> */ select
        s1_0.id,
        s1_0.avatar,
        s1_0.birth_date,
        s1_0.created_at,
        s1_0.email,
        s1_0.emergency_contact,
        s1_0.emergency_phone,
        s1_0.gender,
        s1_0.name,
        s1_0.phone,
        s1_0.status,
        s1_0.updated_at,
        s1_0.user_id 
    from
        students s1_0 
    left join
        users u1_0 
            on u1_0.id=s1_0.user_id 
    where
        u1_0.id=?
2026-05-05 04:03:33 [http-nio-8080-exec-9] DEBUG org.hibernate.SQL - 
    select
        c1_0.id,
        c1_0.capacity,
        c1_0.category,
        c1_0.created_at,
        c1_0.description,
        c1_0.duration,
        c1_0.enrolled_count,
        c1_0.image,
        c1_0.level,
        c1_0.name,
        c1_0.price,
        c1_0.status,
        c1_0.teacher_id,
        c1_0.updated_at 
    from
        courses c1_0 
    where
        c1_0.id=?
2026-05-05 04:03:33 [http-nio-8080-exec-9] DEBUG org.hibernate.SQL - 
    /* <criteria> */ select
        e1_0.id 
    from
        enrollments e1_0 
    left join
        students s1_0 
            on s1_0.id=e1_0.student_id 
    left join
        courses c1_0 
            on c1_0.id=e1_0.course_id 
    where
        s1_0.id=? 
        and c1_0.id=? 
        and e1_0.status<>? 
    limit
        ?
2026-05-05 04:03:33 [http-nio-8080-exec-9] DEBUG org.hibernate.SQL - 
    /* SELECT
        COUNT(e) 
    FROM
        Enrollment e 
    WHERE
        e.course.id = :courseId 
        AND e.status NOT IN ('CANCELLED') */ select
            count(e1_0.id) 
        from
            enrollments e1_0 
        where
            e1_0.course_id=? 
            and e1_0.status not in ('CANCELLED')
2026-05-05 04:03:33 [http-nio-8080-exec-9] DEBUG org.hibernate.SQL - 
    /* insert for
        com.example.backend.entity.Enrollment */insert 
    into
        enrollments (cancel_reason, cancelled_at, course_id, created_at, enrollment_date, payment_status, schedule_id, status, student_id, updated_at) 
    values
        (?, ?, ?, ?, ?, ?, ?, ?, ?, ?)
2026-05-05 04:03:33 [http-nio-8080-exec-9] DEBUG org.hibernate.SQL - 
    /* insert for
        com.example.backend.entity.Bill */insert 
    into
        bills (amount, bill_type, created_at, description, due_date, enrollment_id, payment_id, status, student_id, updated_at) 
    values
        (?, ?, ?, ?, ?, ?, ?, ?, ?, ?)
2026-05-05 04:03:33 [http-nio-8080-exec-9] DEBUG org.hibernate.SQL - 
    /* update
        for com.example.backend.entity.Course */update courses 
    set
        capacity=?,
        category=?,
        description=?,
        duration=?,
        enrolled_count=?,
        image=?,
        level=?,
        name=?,
        price=?,
        status=?,
        teacher_id=?,
        updated_at=? 
    where
        id=?
2026-05-05 04:03:36 [http-nio-8080-exec-3] DEBUG org.hibernate.SQL - 
    /* <criteria> */ select
        u1_0.id,
        u1_0.avatar,
        u1_0.created_at,
        u1_0.email,
        u1_0.password,
        u1_0.phone,
        u1_0.real_name,
        u1_0.role,
        u1_0.status,
        u1_0.updated_at,
        u1_0.username 
    from
        users u1_0 
    where
        u1_0.username=?
2026-05-05 04:03:36 [http-nio-8080-exec-3] DEBUG org.hibernate.SQL - 
    /* <criteria> */ select
        s1_0.id,
        s1_0.avatar,
        s1_0.birth_date,
        s1_0.created_at,
        s1_0.email,
        s1_0.emergency_contact,
        s1_0.emergency_phone,
        s1_0.gender,
        s1_0.name,
        s1_0.phone,
        s1_0.status,
        s1_0.updated_at,
        s1_0.user_id 
    from
        students s1_0 
    left join
        users u1_0 
            on u1_0.id=s1_0.user_id 
    where
        u1_0.id=?
2026-05-05 04:03:36 [http-nio-8080-exec-3] DEBUG org.hibernate.SQL - 
    /* SELECT
        e 
    FROM
        Enrollment e 
    WHERE
        e.student.id = :studentId 
        AND e.status NOT IN ('CANCELLED') */ select
            e1_0.id,
            e1_0.cancel_reason,
            e1_0.cancelled_at,
            e1_0.course_id,
            e1_0.created_at,
            e1_0.enrollment_date,
            e1_0.payment_status,
            e1_0.schedule_id,
            e1_0.status,
            e1_0.student_id,
            e1_0.updated_at 
        from
            enrollments e1_0 
        where
            e1_0.student_id=? 
            and e1_0.status not in ('CANCELLED')
2026-05-05 04:03:36 [http-nio-8080-exec-3] DEBUG org.hibernate.SQL - 
    select
        c1_0.id,
        c1_0.capacity,
        c1_0.category,
        c1_0.created_at,
        c1_0.description,
        c1_0.duration,
        c1_0.enrolled_count,
        c1_0.image,
        c1_0.level,
        c1_0.name,
        c1_0.price,
        c1_0.status,
        c1_0.teacher_id,
        c1_0.updated_at 
    from
        courses c1_0 
    where
        c1_0.id=?
2026-05-05 04:03:38 [http-nio-8080-exec-1] DEBUG org.hibernate.SQL - 
    /* <criteria> */ select
        u1_0.id,
        u1_0.avatar,
        u1_0.created_at,
        u1_0.email,
        u1_0.password,
        u1_0.phone,
        u1_0.real_name,
        u1_0.role,
        u1_0.status,
        u1_0.updated_at,
        u1_0.username 
    from
        users u1_0 
    where
        u1_0.username=?
2026-05-05 04:03:38 [http-nio-8080-exec-4] DEBUG org.hibernate.SQL - 
    /* <criteria> */ select
        u1_0.id,
        u1_0.avatar,
        u1_0.created_at,
        u1_0.email,
        u1_0.password,
        u1_0.phone,
        u1_0.real_name,
        u1_0.role,
        u1_0.status,
        u1_0.updated_at,
        u1_0.username 
    from
        users u1_0 
    where
        u1_0.username=?
2026-05-05 04:03:38 [http-nio-8080-exec-1] DEBUG org.hibernate.SQL - 
    /* <criteria> */ select
        s1_0.id,
        s1_0.avatar,
        s1_0.birth_date,
        s1_0.created_at,
        s1_0.email,
        s1_0.emergency_contact,
        s1_0.emergency_phone,
        s1_0.gender,
        s1_0.name,
        s1_0.phone,
        s1_0.status,
        s1_0.updated_at,
        s1_0.user_id 
    from
        students s1_0 
    left join
        users u1_0 
            on u1_0.id=s1_0.user_id 
    where
        u1_0.id=?
2026-05-05 04:03:38 [http-nio-8080-exec-4] DEBUG org.hibernate.SQL - 
    /* <criteria> */ select
        s1_0.id,
        s1_0.avatar,
        s1_0.birth_date,
        s1_0.created_at,
        s1_0.email,
        s1_0.emergency_contact,
        s1_0.emergency_phone,
        s1_0.gender,
        s1_0.name,
        s1_0.phone,
        s1_0.status,
        s1_0.updated_at,
        s1_0.user_id 
    from
        students s1_0 
    left join
        users u1_0 
            on u1_0.id=s1_0.user_id 
    where
        u1_0.id=?
2026-05-05 04:03:38 [http-nio-8080-exec-1] DEBUG org.hibernate.SQL - 
    /* <criteria> */ select
        p1_0.id,
        p1_0.amount,
        p1_0.created_at,
        p1_0.enrollment_id,
        p1_0.payment_method,
        p1_0.payment_time,
        p1_0.status,
        p1_0.transaction_id,
        p1_0.updated_at 
    from
        payments p1_0 
    left join
        enrollments e1_0 
            on e1_0.id=p1_0.enrollment_id 
    left join
        students s1_0 
            on s1_0.id=e1_0.student_id 
    where
        s1_0.id=?
2026-05-05 04:03:38 [http-nio-8080-exec-4] DEBUG org.hibernate.SQL - 
    /* <criteria> */ select
        b1_0.id,
        b1_0.amount,
        b1_0.bill_type,
        b1_0.created_at,
        b1_0.description,
        b1_0.due_date,
        b1_0.enrollment_id,
        b1_0.payment_id,
        b1_0.status,
        b1_0.student_id,
        b1_0.updated_at 
    from
        bills b1_0 
    left join
        students s1_0 
            on s1_0.id=b1_0.student_id 
    where
        s1_0.id=?
2026-05-05 04:03:43 [http-nio-8080-exec-10] DEBUG org.hibernate.SQL - 
    /* <criteria> */ select
        u1_0.id,
        u1_0.avatar,
        u1_0.created_at,
        u1_0.email,
        u1_0.password,
        u1_0.phone,
        u1_0.real_name,
        u1_0.role,
        u1_0.status,
        u1_0.updated_at,
        u1_0.username 
    from
        users u1_0 
    where
        u1_0.username=?
2026-05-05 04:03:43 [http-nio-8080-exec-10] DEBUG org.hibernate.SQL - 
    select
        b1_0.id,
        b1_0.amount,
        b1_0.bill_type,
        b1_0.created_at,
        b1_0.description,
        b1_0.due_date,
        b1_0.enrollment_id,
        b1_0.payment_id,
        b1_0.status,
        b1_0.student_id,
        b1_0.updated_at 
    from
        bills b1_0 
    where
        b1_0.id=?
2026-05-05 04:03:43 [http-nio-8080-exec-10] DEBUG org.hibernate.SQL - 
    select
        e1_0.id,
        e1_0.cancel_reason,
        e1_0.cancelled_at,
        e1_0.course_id,
        e1_0.created_at,
        e1_0.enrollment_date,
        e1_0.payment_status,
        e1_0.schedule_id,
        e1_0.status,
        e1_0.student_id,
        e1_0.updated_at 
    from
        enrollments e1_0 
    where
        e1_0.id=?
2026-05-05 04:03:43 [http-nio-8080-exec-10] DEBUG org.hibernate.SQL - 
    /* insert for
        com.example.backend.entity.Payment */insert 
    into
        payments (amount, created_at, enrollment_id, payment_method, payment_time, status, transaction_id, updated_at) 
    values
        (?, ?, ?, ?, ?, ?, ?, ?)
2026-05-05 04:03:43 [http-nio-8080-exec-10] DEBUG org.hibernate.SQL - 
    /* update
        for com.example.backend.entity.Bill */update bills 
    set
        amount=?,
        bill_type=?,
        description=?,
        due_date=?,
        enrollment_id=?,
        payment_id=?,
        status=?,
        student_id=?,
        updated_at=? 
    where
        id=?
2026-05-05 04:03:43 [http-nio-8080-exec-5] DEBUG org.hibernate.SQL - 
    /* <criteria> */ select
        u1_0.id,
        u1_0.avatar,
        u1_0.created_at,
        u1_0.email,
        u1_0.password,
        u1_0.phone,
        u1_0.real_name,
        u1_0.role,
        u1_0.status,
        u1_0.updated_at,
        u1_0.username 
    from
        users u1_0 
    where
        u1_0.username=?
2026-05-05 04:03:43 [http-nio-8080-exec-5] DEBUG org.hibernate.SQL - 
    select
        p1_0.id,
        p1_0.amount,
        p1_0.created_at,
        p1_0.enrollment_id,
        p1_0.payment_method,
        p1_0.payment_time,
        p1_0.status,
        p1_0.transaction_id,
        p1_0.updated_at 
    from
        payments p1_0 
    where
        p1_0.id=?
2026-05-05 04:03:43 [http-nio-8080-exec-5] DEBUG org.hibernate.SQL - 
    select
        e1_0.id,
        e1_0.cancel_reason,
        e1_0.cancelled_at,
        e1_0.course_id,
        e1_0.created_at,
        e1_0.enrollment_date,
        e1_0.payment_status,
        e1_0.schedule_id,
        e1_0.status,
        e1_0.student_id,
        e1_0.updated_at 
    from
        enrollments e1_0 
    where
        e1_0.id=?
2026-05-05 04:03:43 [http-nio-8080-exec-5] DEBUG org.hibernate.SQL - 
    /* update
        for com.example.backend.entity.Payment */update payments 
    set
        amount=?,
        enrollment_id=?,
        payment_method=?,
        payment_time=?,
        status=?,
        transaction_id=?,
        updated_at=? 
    where
        id=?
2026-05-05 04:03:43 [http-nio-8080-exec-5] DEBUG org.hibernate.SQL - 
    /* update
        for com.example.backend.entity.Enrollment */update enrollments 
    set
        cancel_reason=?,
        cancelled_at=?,
        course_id=?,
        enrollment_date=?,
        payment_status=?,
        schedule_id=?,
        status=?,
        student_id=?,
        updated_at=? 
    where
        id=?
2026-05-05 04:03:43 [http-nio-8080-exec-5] DEBUG org.hibernate.SQL - 
    /* <criteria> */ select
        b1_0.id,
        b1_0.amount,
        b1_0.bill_type,
        b1_0.created_at,
        b1_0.description,
        b1_0.due_date,
        b1_0.enrollment_id,
        b1_0.payment_id,
        b1_0.status,
        b1_0.student_id,
        b1_0.updated_at 
    from
        bills b1_0 
    left join
        payments p1_0 
            on p1_0.id=b1_0.payment_id 
    where
        p1_0.id=?
2026-05-05 04:03:43 [http-nio-8080-exec-5] DEBUG org.hibernate.SQL - 
    /* update
        for com.example.backend.entity.Bill */update bills 
    set
        amount=?,
        bill_type=?,
        description=?,
        due_date=?,
        enrollment_id=?,
        payment_id=?,
        status=?,
        student_id=?,
        updated_at=? 
    where
        id=?
2026-05-05 04:03:43 [http-nio-8080-exec-2] DEBUG org.hibernate.SQL - 
    /* <criteria> */ select
        u1_0.id,
        u1_0.avatar,
        u1_0.created_at,
        u1_0.email,
        u1_0.password,
        u1_0.phone,
        u1_0.real_name,
        u1_0.role,
        u1_0.status,
        u1_0.updated_at,
        u1_0.username 
    from
        users u1_0 
    where
        u1_0.username=?
2026-05-05 04:03:43 [http-nio-8080-exec-6] DEBUG org.hibernate.SQL - 
    /* <criteria> */ select
        u1_0.id,
        u1_0.avatar,
        u1_0.created_at,
        u1_0.email,
        u1_0.password,
        u1_0.phone,
        u1_0.real_name,
        u1_0.role,
        u1_0.status,
        u1_0.updated_at,
        u1_0.username 
    from
        users u1_0 
    where
        u1_0.username=?
2026-05-05 04:03:43 [http-nio-8080-exec-2] DEBUG org.hibernate.SQL - 
    /* <criteria> */ select
        s1_0.id,
        s1_0.avatar,
        s1_0.birth_date,
        s1_0.created_at,
        s1_0.email,
        s1_0.emergency_contact,
        s1_0.emergency_phone,
        s1_0.gender,
        s1_0.name,
        s1_0.phone,
        s1_0.status,
        s1_0.updated_at,
        s1_0.user_id 
    from
        students s1_0 
    left join
        users u1_0 
            on u1_0.id=s1_0.user_id 
    where
        u1_0.id=?
2026-05-05 04:03:43 [http-nio-8080-exec-6] DEBUG org.hibernate.SQL - 
    /* <criteria> */ select
        s1_0.id,
        s1_0.avatar,
        s1_0.birth_date,
        s1_0.created_at,
        s1_0.email,
        s1_0.emergency_contact,
        s1_0.emergency_phone,
        s1_0.gender,
        s1_0.name,
        s1_0.phone,
        s1_0.status,
        s1_0.updated_at,
        s1_0.user_id 
    from
        students s1_0 
    left join
        users u1_0 
            on u1_0.id=s1_0.user_id 
    where
        u1_0.id=?
2026-05-05 04:03:43 [http-nio-8080-exec-2] DEBUG org.hibernate.SQL - 
    /* <criteria> */ select
        b1_0.id,
        b1_0.amount,
        b1_0.bill_type,
        b1_0.created_at,
        b1_0.description,
        b1_0.due_date,
        b1_0.enrollment_id,
        b1_0.payment_id,
        b1_0.status,
        b1_0.student_id,
        b1_0.updated_at 
    from
        bills b1_0 
    left join
        students s1_0 
            on s1_0.id=b1_0.student_id 
    where
        s1_0.id=?
2026-05-05 04:03:43 [http-nio-8080-exec-6] DEBUG org.hibernate.SQL - 
    /* <criteria> */ select
        p1_0.id,
        p1_0.amount,
        p1_0.created_at,
        p1_0.enrollment_id,
        p1_0.payment_method,
        p1_0.payment_time,
        p1_0.status,
        p1_0.transaction_id,
        p1_0.updated_at 
    from
        payments p1_0 
    left join
        enrollments e1_0 
            on e1_0.id=p1_0.enrollment_id 
    left join
        students s1_0 
            on s1_0.id=e1_0.student_id 
    where
        s1_0.id=?
2026-05-05 04:03:46 [http-nio-8080-exec-7] DEBUG org.hibernate.SQL - 
    /* <criteria> */ select
        u1_0.id,
        u1_0.avatar,
        u1_0.created_at,
        u1_0.email,
        u1_0.password,
        u1_0.phone,
        u1_0.real_name,
        u1_0.role,
        u1_0.status,
        u1_0.updated_at,
        u1_0.username 
    from
        users u1_0 
    where
        u1_0.username=?
2026-05-05 04:03:46 [http-nio-8080-exec-7] DEBUG org.hibernate.SQL - 
    /* <criteria> */ select
        s1_0.id,
        s1_0.avatar,
        s1_0.birth_date,
        s1_0.created_at,
        s1_0.email,
        s1_0.emergency_contact,
        s1_0.emergency_phone,
        s1_0.gender,
        s1_0.name,
        s1_0.phone,
        s1_0.status,
        s1_0.updated_at,
        s1_0.user_id 
    from
        students s1_0 
    left join
        users u1_0 
            on u1_0.id=s1_0.user_id 
    where
        u1_0.id=?
2026-05-05 04:03:46 [http-nio-8080-exec-7] DEBUG org.hibernate.SQL - 
    /* SELECT
        e 
    FROM
        Enrollment e 
    WHERE
        e.student.id = :studentId 
        AND e.status NOT IN ('CANCELLED') */ select
            e1_0.id,
            e1_0.cancel_reason,
            e1_0.cancelled_at,
            e1_0.course_id,
            e1_0.created_at,
            e1_0.enrollment_date,
            e1_0.payment_status,
            e1_0.schedule_id,
            e1_0.status,
            e1_0.student_id,
            e1_0.updated_at 
        from
            enrollments e1_0 
        where
            e1_0.student_id=? 
            and e1_0.status not in ('CANCELLED')
2026-05-05 04:03:46 [http-nio-8080-exec-7] DEBUG org.hibernate.SQL - 
    select
        c1_0.id,
        c1_0.capacity,
        c1_0.category,
        c1_0.created_at,
        c1_0.description,
        c1_0.duration,
        c1_0.enrolled_count,
        c1_0.image,
        c1_0.level,
        c1_0.name,
        c1_0.price,
        c1_0.status,
        c1_0.teacher_id,
        c1_0.updated_at 
    from
        courses c1_0 
    where
        c1_0.id=?
2026-05-05 04:03:48 [http-nio-8080-exec-9] DEBUG org.hibernate.SQL - 
    /* <criteria> */ select
        u1_0.id,
        u1_0.avatar,
        u1_0.created_at,
        u1_0.email,
        u1_0.password,
        u1_0.phone,
        u1_0.real_name,
        u1_0.role,
        u1_0.status,
        u1_0.updated_at,
        u1_0.username 
    from
        users u1_0 
    where
        u1_0.username=?
2026-05-05 04:03:48 [http-nio-8080-exec-9] DEBUG org.hibernate.SQL - 
    /* <criteria> */ select
        c1_0.id,
        c1_0.capacity,
        c1_0.category,
        c1_0.created_at,
        c1_0.description,
        c1_0.duration,
        c1_0.enrolled_count,
        c1_0.image,
        c1_0.level,
        c1_0.name,
        c1_0.price,
        c1_0.status,
        c1_0.teacher_id,
        c1_0.updated_at 
    from
        courses c1_0 
    where
        c1_0.status=? 
    limit
        ?, ?
2026-05-05 04:03:48 [http-nio-8080-exec-9] DEBUG org.hibernate.SQL - 
    select
        t1_0.id,
        t1_0.avatar,
        t1_0.bio,
        t1_0.created_at,
        t1_0.email,
        t1_0.experience,
        t1_0.name,
        t1_0.phone,
        t1_0.status,
        t1_0.subjects,
        t1_0.updated_at,
        t1_0.user_id 
    from
        teachers t1_0 
    where
        t1_0.id=?
2026-05-05 04:03:48 [http-nio-8080-exec-9] DEBUG org.hibernate.SQL - 
    select
        t1_0.id,
        t1_0.avatar,
        t1_0.bio,
        t1_0.created_at,
        t1_0.email,
        t1_0.experience,
        t1_0.name,
        t1_0.phone,
        t1_0.status,
        t1_0.subjects,
        t1_0.updated_at,
        t1_0.user_id 
    from
        teachers t1_0 
    where
        t1_0.id=?
2026-05-05 04:03:50 [http-nio-8080-exec-5] DEBUG org.hibernate.SQL - 
    /* <criteria> */ select
        u1_0.id,
        u1_0.avatar,
        u1_0.created_at,
        u1_0.email,
        u1_0.password,
        u1_0.phone,
        u1_0.real_name,
        u1_0.role,
        u1_0.status,
        u1_0.updated_at,
        u1_0.username 
    from
        users u1_0 
    where
        u1_0.username=?
2026-05-05 04:03:50 [http-nio-8080-exec-5] DEBUG org.hibernate.SQL - 
    /* <criteria> */ select
        s1_0.id,
        s1_0.avatar,
        s1_0.birth_date,
        s1_0.created_at,
        s1_0.email,
        s1_0.emergency_contact,
        s1_0.emergency_phone,
        s1_0.gender,
        s1_0.name,
        s1_0.phone,
        s1_0.status,
        s1_0.updated_at,
        s1_0.user_id 
    from
        students s1_0 
    left join
        users u1_0 
            on u1_0.id=s1_0.user_id 
    where
        u1_0.id=?
2026-05-05 04:03:50 [http-nio-8080-exec-5] DEBUG org.hibernate.SQL - 
    select
        c1_0.id,
        c1_0.capacity,
        c1_0.category,
        c1_0.created_at,
        c1_0.description,
        c1_0.duration,
        c1_0.enrolled_count,
        c1_0.image,
        c1_0.level,
        c1_0.name,
        c1_0.price,
        c1_0.status,
        c1_0.teacher_id,
        c1_0.updated_at 
    from
        courses c1_0 
    where
        c1_0.id=?
2026-05-05 04:03:50 [http-nio-8080-exec-5] DEBUG org.hibernate.SQL - 
    /* <criteria> */ select
        e1_0.id 
    from
        enrollments e1_0 
    left join
        students s1_0 
            on s1_0.id=e1_0.student_id 
    left join
        courses c1_0 
            on c1_0.id=e1_0.course_id 
    where
        s1_0.id=? 
        and c1_0.id=? 
        and e1_0.status<>? 
    limit
        ?
2026-05-05 04:03:50 [http-nio-8080-exec-5] DEBUG org.hibernate.SQL - 
    /* SELECT
        COUNT(e) 
    FROM
        Enrollment e 
    WHERE
        e.course.id = :courseId 
        AND e.status NOT IN ('CANCELLED') */ select
            count(e1_0.id) 
        from
            enrollments e1_0 
        where
            e1_0.course_id=? 
            and e1_0.status not in ('CANCELLED')
2026-05-05 04:03:50 [http-nio-8080-exec-5] DEBUG org.hibernate.SQL - 
    /* insert for
        com.example.backend.entity.Enrollment */insert 
    into
        enrollments (cancel_reason, cancelled_at, course_id, created_at, enrollment_date, payment_status, schedule_id, status, student_id, updated_at) 
    values
        (?, ?, ?, ?, ?, ?, ?, ?, ?, ?)
2026-05-05 04:03:50 [http-nio-8080-exec-5] DEBUG org.hibernate.SQL - 
    /* insert for
        com.example.backend.entity.Bill */insert 
    into
        bills (amount, bill_type, created_at, description, due_date, enrollment_id, payment_id, status, student_id, updated_at) 
    values
        (?, ?, ?, ?, ?, ?, ?, ?, ?, ?)
2026-05-05 04:03:50 [http-nio-8080-exec-5] DEBUG org.hibernate.SQL - 
    select
        t1_0.id,
        t1_0.avatar,
        t1_0.bio,
        t1_0.created_at,
        t1_0.email,
        t1_0.experience,
        t1_0.name,
        t1_0.phone,
        t1_0.status,
        t1_0.subjects,
        t1_0.updated_at,
        t1_0.user_id 
    from
        teachers t1_0 
    where
        t1_0.id=?
2026-05-05 04:03:50 [http-nio-8080-exec-5] DEBUG org.hibernate.SQL - 
    /* update
        for com.example.backend.entity.Course */update courses 
    set
        capacity=?,
        category=?,
        description=?,
        duration=?,
        enrolled_count=?,
        image=?,
        level=?,
        name=?,
        price=?,
        status=?,
        teacher_id=?,
        updated_at=? 
    where
        id=?
2026-05-05 04:03:52 [http-nio-8080-exec-2] DEBUG org.hibernate.SQL - 
    /* <criteria> */ select
        u1_0.id,
        u1_0.avatar,
        u1_0.created_at,
        u1_0.email,
        u1_0.password,
        u1_0.phone,
        u1_0.real_name,
        u1_0.role,
        u1_0.status,
        u1_0.updated_at,
        u1_0.username 
    from
        users u1_0 
    where
        u1_0.username=?
2026-05-05 04:03:52 [http-nio-8080-exec-6] DEBUG org.hibernate.SQL - 
    /* <criteria> */ select
        u1_0.id,
        u1_0.avatar,
        u1_0.created_at,
        u1_0.email,
        u1_0.password,
        u1_0.phone,
        u1_0.real_name,
        u1_0.role,
        u1_0.status,
        u1_0.updated_at,
        u1_0.username 
    from
        users u1_0 
    where
        u1_0.username=?
2026-05-05 04:03:52 [http-nio-8080-exec-6] DEBUG org.hibernate.SQL - 
    /* <criteria> */ select
        s1_0.id,
        s1_0.avatar,
        s1_0.birth_date,
        s1_0.created_at,
        s1_0.email,
        s1_0.emergency_contact,
        s1_0.emergency_phone,
        s1_0.gender,
        s1_0.name,
        s1_0.phone,
        s1_0.status,
        s1_0.updated_at,
        s1_0.user_id 
    from
        students s1_0 
    left join
        users u1_0 
            on u1_0.id=s1_0.user_id 
    where
        u1_0.id=?
2026-05-05 04:03:52 [http-nio-8080-exec-2] DEBUG org.hibernate.SQL - 
    /* <criteria> */ select
        s1_0.id,
        s1_0.avatar,
        s1_0.birth_date,
        s1_0.created_at,
        s1_0.email,
        s1_0.emergency_contact,
        s1_0.emergency_phone,
        s1_0.gender,
        s1_0.name,
        s1_0.phone,
        s1_0.status,
        s1_0.updated_at,
        s1_0.user_id 
    from
        students s1_0 
    left join
        users u1_0 
            on u1_0.id=s1_0.user_id 
    where
        u1_0.id=?
2026-05-05 04:03:52 [http-nio-8080-exec-6] DEBUG org.hibernate.SQL - 
    /* <criteria> */ select
        b1_0.id,
        b1_0.amount,
        b1_0.bill_type,
        b1_0.created_at,
        b1_0.description,
        b1_0.due_date,
        b1_0.enrollment_id,
        b1_0.payment_id,
        b1_0.status,
        b1_0.student_id,
        b1_0.updated_at 
    from
        bills b1_0 
    left join
        students s1_0 
            on s1_0.id=b1_0.student_id 
    where
        s1_0.id=?
2026-05-05 04:03:52 [http-nio-8080-exec-2] DEBUG org.hibernate.SQL - 
    /* <criteria> */ select
        p1_0.id,
        p1_0.amount,
        p1_0.created_at,
        p1_0.enrollment_id,
        p1_0.payment_method,
        p1_0.payment_time,
        p1_0.status,
        p1_0.transaction_id,
        p1_0.updated_at 
    from
        payments p1_0 
    left join
        enrollments e1_0 
            on e1_0.id=p1_0.enrollment_id 
    left join
        students s1_0 
            on s1_0.id=e1_0.student_id 
    where
        s1_0.id=?
2026-05-05 04:03:57 [http-nio-8080-exec-7] DEBUG org.hibernate.SQL - 
    /* <criteria> */ select
        u1_0.id,
        u1_0.avatar,
        u1_0.created_at,
        u1_0.email,
        u1_0.password,
        u1_0.phone,
        u1_0.real_name,
        u1_0.role,
        u1_0.status,
        u1_0.updated_at,
        u1_0.username 
    from
        users u1_0 
    where
        u1_0.username=?
2026-05-05 04:03:57 [http-nio-8080-exec-7] DEBUG org.hibernate.SQL - 
    select
        b1_0.id,
        b1_0.amount,
        b1_0.bill_type,
        b1_0.created_at,
        b1_0.description,
        b1_0.due_date,
        b1_0.enrollment_id,
        b1_0.payment_id,
        b1_0.status,
        b1_0.student_id,
        b1_0.updated_at 
    from
        bills b1_0 
    where
        b1_0.id=?
2026-05-05 04:03:57 [http-nio-8080-exec-7] DEBUG org.hibernate.SQL - 
    select
        e1_0.id,
        e1_0.cancel_reason,
        e1_0.cancelled_at,
        e1_0.course_id,
        e1_0.created_at,
        e1_0.enrollment_date,
        e1_0.payment_status,
        e1_0.schedule_id,
        e1_0.status,
        e1_0.student_id,
        e1_0.updated_at 
    from
        enrollments e1_0 
    where
        e1_0.id=?
2026-05-05 04:03:57 [http-nio-8080-exec-7] DEBUG org.hibernate.SQL - 
    /* insert for
        com.example.backend.entity.Payment */insert 
    into
        payments (amount, created_at, enrollment_id, payment_method, payment_time, status, transaction_id, updated_at) 
    values
        (?, ?, ?, ?, ?, ?, ?, ?)
2026-05-05 04:03:57 [http-nio-8080-exec-7] DEBUG org.hibernate.SQL - 
    /* update
        for com.example.backend.entity.Bill */update bills 
    set
        amount=?,
        bill_type=?,
        description=?,
        due_date=?,
        enrollment_id=?,
        payment_id=?,
        status=?,
        student_id=?,
        updated_at=? 
    where
        id=?
2026-05-05 04:03:57 [http-nio-8080-exec-8] DEBUG org.hibernate.SQL - 
    /* <criteria> */ select
        u1_0.id,
        u1_0.avatar,
        u1_0.created_at,
        u1_0.email,
        u1_0.password,
        u1_0.phone,
        u1_0.real_name,
        u1_0.role,
        u1_0.status,
        u1_0.updated_at,
        u1_0.username 
    from
        users u1_0 
    where
        u1_0.username=?
2026-05-05 04:03:57 [http-nio-8080-exec-8] DEBUG org.hibernate.SQL - 
    select
        p1_0.id,
        p1_0.amount,
        p1_0.created_at,
        p1_0.enrollment_id,
        p1_0.payment_method,
        p1_0.payment_time,
        p1_0.status,
        p1_0.transaction_id,
        p1_0.updated_at 
    from
        payments p1_0 
    where
        p1_0.id=?
2026-05-05 04:03:57 [http-nio-8080-exec-8] DEBUG org.hibernate.SQL - 
    select
        e1_0.id,
        e1_0.cancel_reason,
        e1_0.cancelled_at,
        e1_0.course_id,
        e1_0.created_at,
        e1_0.enrollment_date,
        e1_0.payment_status,
        e1_0.schedule_id,
        e1_0.status,
        e1_0.student_id,
        e1_0.updated_at 
    from
        enrollments e1_0 
    where
        e1_0.id=?
2026-05-05 04:03:57 [http-nio-8080-exec-8] DEBUG org.hibernate.SQL - 
    /* update
        for com.example.backend.entity.Payment */update payments 
    set
        amount=?,
        enrollment_id=?,
        payment_method=?,
        payment_time=?,
        status=?,
        transaction_id=?,
        updated_at=? 
    where
        id=?
2026-05-05 04:03:57 [http-nio-8080-exec-8] DEBUG org.hibernate.SQL - 
    /* update
        for com.example.backend.entity.Enrollment */update enrollments 
    set
        cancel_reason=?,
        cancelled_at=?,
        course_id=?,
        enrollment_date=?,
        payment_status=?,
        schedule_id=?,
        status=?,
        student_id=?,
        updated_at=? 
    where
        id=?
2026-05-05 04:03:57 [http-nio-8080-exec-8] DEBUG org.hibernate.SQL - 
    /* <criteria> */ select
        b1_0.id,
        b1_0.amount,
        b1_0.bill_type,
        b1_0.created_at,
        b1_0.description,
        b1_0.due_date,
        b1_0.enrollment_id,
        b1_0.payment_id,
        b1_0.status,
        b1_0.student_id,
        b1_0.updated_at 
    from
        bills b1_0 
    left join
        payments p1_0 
            on p1_0.id=b1_0.payment_id 
    where
        p1_0.id=?
2026-05-05 04:03:57 [http-nio-8080-exec-8] DEBUG org.hibernate.SQL - 
    /* update
        for com.example.backend.entity.Bill */update bills 
    set
        amount=?,
        bill_type=?,
        description=?,
        due_date=?,
        enrollment_id=?,
        payment_id=?,
        status=?,
        student_id=?,
        updated_at=? 
    where
        id=?
2026-05-05 04:03:57 [http-nio-8080-exec-1] DEBUG org.hibernate.SQL - 
    /* <criteria> */ select
        u1_0.id,
        u1_0.avatar,
        u1_0.created_at,
        u1_0.email,
        u1_0.password,
        u1_0.phone,
        u1_0.real_name,
        u1_0.role,
        u1_0.status,
        u1_0.updated_at,
        u1_0.username 
    from
        users u1_0 
    where
        u1_0.username=?
2026-05-05 04:03:57 [http-nio-8080-exec-9] DEBUG org.hibernate.SQL - 
    /* <criteria> */ select
        u1_0.id,
        u1_0.avatar,
        u1_0.created_at,
        u1_0.email,
        u1_0.password,
        u1_0.phone,
        u1_0.real_name,
        u1_0.role,
        u1_0.status,
        u1_0.updated_at,
        u1_0.username 
    from
        users u1_0 
    where
        u1_0.username=?
2026-05-05 04:03:57 [http-nio-8080-exec-1] DEBUG org.hibernate.SQL - 
    /* <criteria> */ select
        s1_0.id,
        s1_0.avatar,
        s1_0.birth_date,
        s1_0.created_at,
        s1_0.email,
        s1_0.emergency_contact,
        s1_0.emergency_phone,
        s1_0.gender,
        s1_0.name,
        s1_0.phone,
        s1_0.status,
        s1_0.updated_at,
        s1_0.user_id 
    from
        students s1_0 
    left join
        users u1_0 
            on u1_0.id=s1_0.user_id 
    where
        u1_0.id=?
2026-05-05 04:03:57 [http-nio-8080-exec-9] DEBUG org.hibernate.SQL - 
    /* <criteria> */ select
        s1_0.id,
        s1_0.avatar,
        s1_0.birth_date,
        s1_0.created_at,
        s1_0.email,
        s1_0.emergency_contact,
        s1_0.emergency_phone,
        s1_0.gender,
        s1_0.name,
        s1_0.phone,
        s1_0.status,
        s1_0.updated_at,
        s1_0.user_id 
    from
        students s1_0 
    left join
        users u1_0 
            on u1_0.id=s1_0.user_id 
    where
        u1_0.id=?
2026-05-05 04:03:57 [http-nio-8080-exec-9] DEBUG org.hibernate.SQL - 
    /* <criteria> */ select
        p1_0.id,
        p1_0.amount,
        p1_0.created_at,
        p1_0.enrollment_id,
        p1_0.payment_method,
        p1_0.payment_time,
        p1_0.status,
        p1_0.transaction_id,
        p1_0.updated_at 
    from
        payments p1_0 
    left join
        enrollments e1_0 
            on e1_0.id=p1_0.enrollment_id 
    left join
        students s1_0 
            on s1_0.id=e1_0.student_id 
    where
        s1_0.id=?
2026-05-05 04:03:57 [http-nio-8080-exec-1] DEBUG org.hibernate.SQL - 
    /* <criteria> */ select
        b1_0.id,
        b1_0.amount,
        b1_0.bill_type,
        b1_0.created_at,
        b1_0.description,
        b1_0.due_date,
        b1_0.enrollment_id,
        b1_0.payment_id,
        b1_0.status,
        b1_0.student_id,
        b1_0.updated_at 
    from
        bills b1_0 
    left join
        students s1_0 
            on s1_0.id=b1_0.student_id 
    where
        s1_0.id=?
2026-05-05 04:03:59 [http-nio-8080-exec-3] DEBUG org.hibernate.SQL - 
    /* <criteria> */ select
        u1_0.id,
        u1_0.avatar,
        u1_0.created_at,
        u1_0.email,
        u1_0.password,
        u1_0.phone,
        u1_0.real_name,
        u1_0.role,
        u1_0.status,
        u1_0.updated_at,
        u1_0.username 
    from
        users u1_0 
    where
        u1_0.username=?
2026-05-05 04:03:59 [http-nio-8080-exec-3] DEBUG org.hibernate.SQL - 
    /* <criteria> */ select
        s1_0.id,
        s1_0.avatar,
        s1_0.birth_date,
        s1_0.created_at,
        s1_0.email,
        s1_0.emergency_contact,
        s1_0.emergency_phone,
        s1_0.gender,
        s1_0.name,
        s1_0.phone,
        s1_0.status,
        s1_0.updated_at,
        s1_0.user_id 
    from
        students s1_0 
    left join
        users u1_0 
            on u1_0.id=s1_0.user_id 
    where
        u1_0.id=?
2026-05-05 04:04:00 [http-nio-8080-exec-3] DEBUG org.hibernate.SQL - 
    /* SELECT
        e 
    FROM
        Enrollment e 
    WHERE
        e.student.id = :studentId 
        AND e.status NOT IN ('CANCELLED') */ select
            e1_0.id,
            e1_0.cancel_reason,
            e1_0.cancelled_at,
            e1_0.course_id,
            e1_0.created_at,
            e1_0.enrollment_date,
            e1_0.payment_status,
            e1_0.schedule_id,
            e1_0.status,
            e1_0.student_id,
            e1_0.updated_at 
        from
            enrollments e1_0 
        where
            e1_0.student_id=? 
            and e1_0.status not in ('CANCELLED')
2026-05-05 04:04:00 [http-nio-8080-exec-3] DEBUG org.hibernate.SQL - 
    select
        c1_0.id,
        c1_0.capacity,
        c1_0.category,
        c1_0.created_at,
        c1_0.description,
        c1_0.duration,
        c1_0.enrolled_count,
        c1_0.image,
        c1_0.level,
        c1_0.name,
        c1_0.price,
        c1_0.status,
        c1_0.teacher_id,
        c1_0.updated_at 
    from
        courses c1_0 
    where
        c1_0.id=?
2026-05-05 04:04:00 [http-nio-8080-exec-3] DEBUG org.hibernate.SQL - 
    select
        c1_0.id,
        c1_0.capacity,
        c1_0.category,
        c1_0.created_at,
        c1_0.description,
        c1_0.duration,
        c1_0.enrolled_count,
        c1_0.image,
        c1_0.level,
        c1_0.name,
        c1_0.price,
        c1_0.status,
        c1_0.teacher_id,
        c1_0.updated_at 
    from
        courses c1_0 
    where
        c1_0.id=?
2026-05-05 04:04:00 [http-nio-8080-exec-3] DEBUG org.hibernate.SQL - 
    select
        t1_0.id,
        t1_0.avatar,
        t1_0.bio,
        t1_0.created_at,
        t1_0.email,
        t1_0.experience,
        t1_0.name,
        t1_0.phone,
        t1_0.status,
        t1_0.subjects,
        t1_0.updated_at,
        t1_0.user_id 
    from
        teachers t1_0 
    where
        t1_0.id=?
2026-05-05 04:04:02 [http-nio-8080-exec-5] DEBUG org.hibernate.SQL - 
    /* <criteria> */ select
        u1_0.id,
        u1_0.avatar,
        u1_0.created_at,
        u1_0.email,
        u1_0.password,
        u1_0.phone,
        u1_0.real_name,
        u1_0.role,
        u1_0.status,
        u1_0.updated_at,
        u1_0.username 
    from
        users u1_0 
    where
        u1_0.username=?
2026-05-05 04:04:02 [http-nio-8080-exec-5] DEBUG org.hibernate.SQL - 
    select
        u1_0.id,
        u1_0.avatar,
        u1_0.created_at,
        u1_0.email,
        u1_0.password,
        u1_0.phone,
        u1_0.real_name,
        u1_0.role,
        u1_0.status,
        u1_0.updated_at,
        u1_0.username 
    from
        users u1_0 
    where
        u1_0.id=?
2026-05-05 04:04:02 [http-nio-8080-exec-6] ERROR c.e.b.config.GlobalExceptionHandler - [UnknownException] /upload/avatars/2026/04/40ec529e-16de-472e-947e-7cbbb21db6a6.png - No static resource avatars/2026/04/40ec529e-16de-472e-947e-7cbbb21db6a6.png.
org.springframework.web.servlet.resource.NoResourceFoundException: No static resource avatars/2026/04/40ec529e-16de-472e-947e-7cbbb21db6a6.png.
	at org.springframework.web.servlet.resource.ResourceHttpRequestHandler.handleRequest(ResourceHttpRequestHandler.java:585)
	at org.springframework.web.servlet.mvc.HttpRequestHandlerAdapter.handle(HttpRequestHandlerAdapter.java:52)
	at org.springframework.web.servlet.DispatcherServlet.doDispatch(DispatcherServlet.java:1089)
	at org.springframework.web.servlet.DispatcherServlet.doService(DispatcherServlet.java:979)
	at org.springframework.web.servlet.FrameworkServlet.processRequest(FrameworkServlet.java:1014)
	at org.springframework.web.servlet.FrameworkServlet.doGet(FrameworkServlet.java:903)
	at jakarta.servlet.http.HttpServlet.service(HttpServlet.java:564)
	at org.springframework.web.servlet.FrameworkServlet.service(FrameworkServlet.java:885)
	at jakarta.servlet.http.HttpServlet.service(HttpServlet.java:658)
	at org.apache.catalina.core.ApplicationFilterChain.internalDoFilter(ApplicationFilterChain.java:205)
	at org.apache.catalina.core.ApplicationFilterChain.doFilter(ApplicationFilterChain.java:149)
	at org.apache.tomcat.websocket.server.WsFilter.doFilter(WsFilter.java:51)
	at org.apache.catalina.core.ApplicationFilterChain.internalDoFilter(ApplicationFilterChain.java:174)
	at org.apache.catalina.core.ApplicationFilterChain.doFilter(ApplicationFilterChain.java:149)
	at org.springframework.web.filter.OncePerRequestFilter.doFilter(OncePerRequestFilter.java:110)
	at org.apache.catalina.core.ApplicationFilterChain.internalDoFilter(ApplicationFilterChain.java:174)
	at org.apache.catalina.core.ApplicationFilterChain.doFilter(ApplicationFilterChain.java:149)
	at org.springframework.web.filter.CompositeFilter$VirtualFilterChain.doFilter(CompositeFilter.java:108)
	at org.springframework.security.web.FilterChainProxy.lambda$doFilterInternal$3(FilterChainProxy.java:231)
	at org.springframework.security.web.FilterChainProxy$VirtualFilterChain.doFilter(FilterChainProxy.java:365)
	at org.springframework.security.web.access.intercept.AuthorizationFilter.doFilter(AuthorizationFilter.java:100)
	at org.springframework.security.web.FilterChainProxy$VirtualFilterChain.doFilter(FilterChainProxy.java:374)
	at org.springframework.security.web.access.ExceptionTranslationFilter.doFilter(ExceptionTranslationFilter.java:126)
	at org.springframework.security.web.access.ExceptionTranslationFilter.doFilter(ExceptionTranslationFilter.java:120)
	at org.springframework.security.web.FilterChainProxy$VirtualFilterChain.doFilter(FilterChainProxy.java:374)
	at org.springframework.security.web.session.SessionManagementFilter.doFilter(SessionManagementFilter.java:131)
	at org.springframework.security.web.session.SessionManagementFilter.doFilter(SessionManagementFilter.java:85)
	at org.springframework.security.web.FilterChainProxy$VirtualFilterChain.doFilter(FilterChainProxy.java:374)
	at org.springframework.security.web.authentication.AnonymousAuthenticationFilter.doFilter(AnonymousAuthenticationFilter.java:100)
	at org.springframework.security.web.FilterChainProxy$VirtualFilterChain.doFilter(FilterChainProxy.java:374)
	at org.springframework.security.web.servletapi.SecurityContextHolderAwareRequestFilter.doFilter(SecurityContextHolderAwareRequestFilter.java:179)
	at org.springframework.security.web.FilterChainProxy$VirtualFilterChain.doFilter(FilterChainProxy.java:374)
	at org.springframework.security.web.savedrequest.RequestCacheAwareFilter.doFilter(RequestCacheAwareFilter.java:63)
	at org.springframework.security.web.FilterChainProxy$VirtualFilterChain.doFilter(FilterChainProxy.java:374)
	at com.example.backend.security.JwtAuthenticationFilter.doFilterInternal(JwtAuthenticationFilter.java:51)
	at org.springframework.web.filter.OncePerRequestFilter.doFilter(OncePerRequestFilter.java:116)
	at org.springframework.security.web.FilterChainProxy$VirtualFilterChain.doFilter(FilterChainProxy.java:374)
	at org.springframework.security.web.authentication.logout.LogoutFilter.doFilter(LogoutFilter.java:107)
	at org.springframework.security.web.authentication.logout.LogoutFilter.doFilter(LogoutFilter.java:93)
	at org.springframework.security.web.FilterChainProxy$VirtualFilterChain.doFilter(FilterChainProxy.java:374)
	at org.springframework.web.filter.CorsFilter.doFilterInternal(CorsFilter.java:91)
	at org.springframework.web.filter.OncePerRequestFilter.doFilter(OncePerRequestFilter.java:116)
	at org.springframework.security.web.FilterChainProxy$VirtualFilterChain.doFilter(FilterChainProxy.java:374)
	at org.springframework.security.web.header.HeaderWriterFilter.doHeadersAfter(HeaderWriterFilter.java:90)
	at org.springframework.security.web.header.HeaderWriterFilter.doFilterInternal(HeaderWriterFilter.java:75)
	at org.springframework.web.filter.OncePerRequestFilter.doFilter(OncePerRequestFilter.java:116)
	at org.springframework.security.web.FilterChainProxy$VirtualFilterChain.doFilter(FilterChainProxy.java:374)
	at org.springframework.security.web.context.SecurityContextHolderFilter.doFilter(SecurityContextHolderFilter.java:82)
	at org.springframework.security.web.context.SecurityContextHolderFilter.doFilter(SecurityContextHolderFilter.java:69)
	at org.springframework.security.web.FilterChainProxy$VirtualFilterChain.doFilter(FilterChainProxy.java:374)
	at org.springframework.security.web.context.request.async.WebAsyncManagerIntegrationFilter.doFilterInternal(WebAsyncManagerIntegrationFilter.java:62)
	at org.springframework.web.filter.OncePerRequestFilter.doFilter(OncePerRequestFilter.java:116)
	at org.springframework.security.web.FilterChainProxy$VirtualFilterChain.doFilter(FilterChainProxy.java:374)
	at org.springframework.security.web.session.DisableEncodeUrlFilter.doFilterInternal(DisableEncodeUrlFilter.java:42)
	at org.springframework.web.filter.OncePerRequestFilter.doFilter(OncePerRequestFilter.java:116)
	at org.springframework.security.web.FilterChainProxy$VirtualFilterChain.doFilter(FilterChainProxy.java:374)
	at org.springframework.security.web.FilterChainProxy.doFilterInternal(FilterChainProxy.java:233)
	at org.springframework.security.web.FilterChainProxy.doFilter(FilterChainProxy.java:191)
	at org.springframework.web.filter.CompositeFilter$VirtualFilterChain.doFilter(CompositeFilter.java:113)
	at org.springframework.web.servlet.handler.HandlerMappingIntrospector.lambda$createCacheFilter$3(HandlerMappingIntrospector.java:195)
	at org.springframework.web.filter.CompositeFilter$VirtualFilterChain.doFilter(CompositeFilter.java:113)
	at org.springframework.web.filter.CompositeFilter.doFilter(CompositeFilter.java:74)
	at org.springframework.security.config.annotation.web.configuration.WebMvcSecurityConfiguration$CompositeFilterChainProxy.doFilter(WebMvcSecurityConfiguration.java:230)
	at org.springframework.web.filter.DelegatingFilterProxy.invokeDelegate(DelegatingFilterProxy.java:352)
	at org.springframework.web.filter.DelegatingFilterProxy.doFilter(DelegatingFilterProxy.java:268)
	at org.apache.catalina.core.ApplicationFilterChain.internalDoFilter(ApplicationFilterChain.java:174)
	at org.apache.catalina.core.ApplicationFilterChain.doFilter(ApplicationFilterChain.java:149)
	at org.springframework.web.filter.RequestContextFilter.doFilterInternal(RequestContextFilter.java:100)
	at org.springframework.web.filter.OncePerRequestFilter.doFilter(OncePerRequestFilter.java:116)
	at org.apache.catalina.core.ApplicationFilterChain.internalDoFilter(ApplicationFilterChain.java:174)
	at org.apache.catalina.core.ApplicationFilterChain.doFilter(ApplicationFilterChain.java:149)
	at org.springframework.web.filter.FormContentFilter.doFilterInternal(FormContentFilter.java:93)
	at org.springframework.web.filter.OncePerRequestFilter.doFilter(OncePerRequestFilter.java:116)
	at org.apache.catalina.core.ApplicationFilterChain.internalDoFilter(ApplicationFilterChain.java:174)
	at org.apache.catalina.core.ApplicationFilterChain.doFilter(ApplicationFilterChain.java:149)
	at org.springframework.web.filter.CharacterEncodingFilter.doFilterInternal(CharacterEncodingFilter.java:201)
	at org.springframework.web.filter.OncePerRequestFilter.doFilter(OncePerRequestFilter.java:116)
	at org.apache.catalina.core.ApplicationFilterChain.internalDoFilter(ApplicationFilterChain.java:174)
	at org.apache.catalina.core.ApplicationFilterChain.doFilter(ApplicationFilterChain.java:149)
	at org.apache.catalina.core.StandardWrapperValve.invoke(StandardWrapperValve.java:167)
	at org.apache.catalina.core.StandardContextValve.invoke(StandardContextValve.java:90)
	at org.apache.catalina.authenticator.AuthenticatorBase.invoke(AuthenticatorBase.java:482)
	at org.apache.catalina.core.StandardHostValve.invoke(StandardHostValve.java:115)
	at org.apache.catalina.valves.ErrorReportValve.invoke(ErrorReportValve.java:93)
	at org.apache.catalina.core.StandardEngineValve.invoke(StandardEngineValve.java:74)
	at org.apache.catalina.connector.CoyoteAdapter.service(CoyoteAdapter.java:344)
	at org.apache.coyote.http11.Http11Processor.service(Http11Processor.java:391)
	at org.apache.coyote.AbstractProcessorLight.process(AbstractProcessorLight.java:63)
	at org.apache.coyote.AbstractProtocol$ConnectionHandler.process(AbstractProtocol.java:896)
	at org.apache.tomcat.util.net.NioEndpoint$SocketProcessor.doRun(NioEndpoint.java:1744)
	at org.apache.tomcat.util.net.SocketProcessorBase.run(SocketProcessorBase.java:52)
	at org.apache.tomcat.util.threads.ThreadPoolExecutor.runWorker(ThreadPoolExecutor.java:1191)
	at org.apache.tomcat.util.threads.ThreadPoolExecutor$Worker.run(ThreadPoolExecutor.java:659)
	at org.apache.tomcat.util.threads.TaskThread$WrappingRunnable.run(TaskThread.java:63)
	at java.base/java.lang.Thread.run(Thread.java:1570)
2026-05-05 04:04:03 [http-nio-8080-exec-7] DEBUG org.hibernate.SQL - 
    /* <criteria> */ select
        u1_0.id,
        u1_0.avatar,
        u1_0.created_at,
        u1_0.email,
        u1_0.password,
        u1_0.phone,
        u1_0.real_name,
        u1_0.role,
        u1_0.status,
        u1_0.updated_at,
        u1_0.username 
    from
        users u1_0 
    where
        u1_0.username=?
2026-05-05 04:04:03 [http-nio-8080-exec-2] DEBUG org.hibernate.SQL - 
    /* <criteria> */ select
        u1_0.id,
        u1_0.avatar,
        u1_0.created_at,
        u1_0.email,
        u1_0.password,
        u1_0.phone,
        u1_0.real_name,
        u1_0.role,
        u1_0.status,
        u1_0.updated_at,
        u1_0.username 
    from
        users u1_0 
    where
        u1_0.username=?
2026-05-05 04:04:03 [http-nio-8080-exec-7] DEBUG org.hibernate.SQL - 
    /* <criteria> */ select
        s1_0.id,
        s1_0.avatar,
        s1_0.birth_date,
        s1_0.created_at,
        s1_0.email,
        s1_0.emergency_contact,
        s1_0.emergency_phone,
        s1_0.gender,
        s1_0.name,
        s1_0.phone,
        s1_0.status,
        s1_0.updated_at,
        s1_0.user_id 
    from
        students s1_0 
    left join
        users u1_0 
            on u1_0.id=s1_0.user_id 
    where
        u1_0.id=?
2026-05-05 04:04:03 [http-nio-8080-exec-2] DEBUG org.hibernate.SQL - 
    /* <criteria> */ select
        s1_0.id,
        s1_0.avatar,
        s1_0.birth_date,
        s1_0.created_at,
        s1_0.email,
        s1_0.emergency_contact,
        s1_0.emergency_phone,
        s1_0.gender,
        s1_0.name,
        s1_0.phone,
        s1_0.status,
        s1_0.updated_at,
        s1_0.user_id 
    from
        students s1_0 
    left join
        users u1_0 
            on u1_0.id=s1_0.user_id 
    where
        u1_0.id=?
2026-05-05 04:04:03 [http-nio-8080-exec-7] DEBUG org.hibernate.SQL - 
    /* <criteria> */ select
        b1_0.id,
        b1_0.amount,
        b1_0.bill_type,
        b1_0.created_at,
        b1_0.description,
        b1_0.due_date,
        b1_0.enrollment_id,
        b1_0.payment_id,
        b1_0.status,
        b1_0.student_id,
        b1_0.updated_at 
    from
        bills b1_0 
    left join
        students s1_0 
            on s1_0.id=b1_0.student_id 
    where
        s1_0.id=?
2026-05-05 04:04:03 [http-nio-8080-exec-2] DEBUG org.hibernate.SQL - 
    /* <criteria> */ select
        p1_0.id,
        p1_0.amount,
        p1_0.created_at,
        p1_0.enrollment_id,
        p1_0.payment_method,
        p1_0.payment_time,
        p1_0.status,
        p1_0.transaction_id,
        p1_0.updated_at 
    from
        payments p1_0 
    left join
        enrollments e1_0 
            on e1_0.id=p1_0.enrollment_id 
    left join
        students s1_0 
            on s1_0.id=e1_0.student_id 
    where
        s1_0.id=?
2026-05-05 04:04:05 [http-nio-8080-exec-8] DEBUG org.hibernate.SQL - 
    /* <criteria> */ select
        u1_0.id,
        u1_0.avatar,
        u1_0.created_at,
        u1_0.email,
        u1_0.password,
        u1_0.phone,
        u1_0.real_name,
        u1_0.role,
        u1_0.status,
        u1_0.updated_at,
        u1_0.username 
    from
        users u1_0 
    where
        u1_0.username=?
2026-05-05 04:04:05 [http-nio-8080-exec-8] DEBUG org.hibernate.SQL - 
    /* <criteria> */ select
        s1_0.id,
        s1_0.avatar,
        s1_0.birth_date,
        s1_0.created_at,
        s1_0.email,
        s1_0.emergency_contact,
        s1_0.emergency_phone,
        s1_0.gender,
        s1_0.name,
        s1_0.phone,
        s1_0.status,
        s1_0.updated_at,
        s1_0.user_id 
    from
        students s1_0 
    left join
        users u1_0 
            on u1_0.id=s1_0.user_id 
    where
        u1_0.id=?
2026-05-05 04:04:05 [http-nio-8080-exec-8] DEBUG org.hibernate.SQL - 
    /* SELECT
        e 
    FROM
        Enrollment e 
    WHERE
        e.student.id = :studentId 
        AND e.status NOT IN ('CANCELLED') */ select
            e1_0.id,
            e1_0.cancel_reason,
            e1_0.cancelled_at,
            e1_0.course_id,
            e1_0.created_at,
            e1_0.enrollment_date,
            e1_0.payment_status,
            e1_0.schedule_id,
            e1_0.status,
            e1_0.student_id,
            e1_0.updated_at 
        from
            enrollments e1_0 
        where
            e1_0.student_id=? 
            and e1_0.status not in ('CANCELLED')
2026-05-05 04:04:05 [http-nio-8080-exec-8] DEBUG org.hibernate.SQL - 
    select
        c1_0.id,
        c1_0.capacity,
        c1_0.category,
        c1_0.created_at,
        c1_0.description,
        c1_0.duration,
        c1_0.enrolled_count,
        c1_0.image,
        c1_0.level,
        c1_0.name,
        c1_0.price,
        c1_0.status,
        c1_0.teacher_id,
        c1_0.updated_at 
    from
        courses c1_0 
    where
        c1_0.id=?
2026-05-05 04:04:05 [http-nio-8080-exec-8] DEBUG org.hibernate.SQL - 
    select
        c1_0.id,
        c1_0.capacity,
        c1_0.category,
        c1_0.created_at,
        c1_0.description,
        c1_0.duration,
        c1_0.enrolled_count,
        c1_0.image,
        c1_0.level,
        c1_0.name,
        c1_0.price,
        c1_0.status,
        c1_0.teacher_id,
        c1_0.updated_at 
    from
        courses c1_0 
    where
        c1_0.id=?
2026-05-05 04:04:05 [http-nio-8080-exec-8] DEBUG org.hibernate.SQL - 
    select
        t1_0.id,
        t1_0.avatar,
        t1_0.bio,
        t1_0.created_at,
        t1_0.email,
        t1_0.experience,
        t1_0.name,
        t1_0.phone,
        t1_0.status,
        t1_0.subjects,
        t1_0.updated_at,
        t1_0.user_id 
    from
        teachers t1_0 
    where
        t1_0.id=?
2026-05-05 04:07:13 [http-nio-8080-exec-3] DEBUG org.hibernate.SQL - 
    /* <criteria> */ select
        u1_0.id,
        u1_0.avatar,
        u1_0.created_at,
        u1_0.email,
        u1_0.password,
        u1_0.phone,
        u1_0.real_name,
        u1_0.role,
        u1_0.status,
        u1_0.updated_at,
        u1_0.username 
    from
        users u1_0 
    where
        u1_0.username=?
2026-05-05 04:07:13 [http-nio-8080-exec-3] DEBUG org.hibernate.SQL - 
    select
        u1_0.id,
        u1_0.avatar,
        u1_0.created_at,
        u1_0.email,
        u1_0.password,
        u1_0.phone,
        u1_0.real_name,
        u1_0.role,
        u1_0.status,
        u1_0.updated_at,
        u1_0.username 
    from
        users u1_0 
    where
        u1_0.id=?
2026-05-05 04:07:13 [http-nio-8080-exec-4] ERROR c.e.b.config.GlobalExceptionHandler - [UnknownException] /upload/avatars/2026/04/40ec529e-16de-472e-947e-7cbbb21db6a6.png - No static resource avatars/2026/04/40ec529e-16de-472e-947e-7cbbb21db6a6.png.
org.springframework.web.servlet.resource.NoResourceFoundException: No static resource avatars/2026/04/40ec529e-16de-472e-947e-7cbbb21db6a6.png.
	at org.springframework.web.servlet.resource.ResourceHttpRequestHandler.handleRequest(ResourceHttpRequestHandler.java:585)
	at org.springframework.web.servlet.mvc.HttpRequestHandlerAdapter.handle(HttpRequestHandlerAdapter.java:52)
	at org.springframework.web.servlet.DispatcherServlet.doDispatch(DispatcherServlet.java:1089)
	at org.springframework.web.servlet.DispatcherServlet.doService(DispatcherServlet.java:979)
	at org.springframework.web.servlet.FrameworkServlet.processRequest(FrameworkServlet.java:1014)
	at org.springframework.web.servlet.FrameworkServlet.doGet(FrameworkServlet.java:903)
	at jakarta.servlet.http.HttpServlet.service(HttpServlet.java:564)
	at org.springframework.web.servlet.FrameworkServlet.service(FrameworkServlet.java:885)
	at jakarta.servlet.http.HttpServlet.service(HttpServlet.java:658)
	at org.apache.catalina.core.ApplicationFilterChain.internalDoFilter(ApplicationFilterChain.java:205)
	at org.apache.catalina.core.ApplicationFilterChain.doFilter(ApplicationFilterChain.java:149)
	at org.apache.tomcat.websocket.server.WsFilter.doFilter(WsFilter.java:51)
	at org.apache.catalina.core.ApplicationFilterChain.internalDoFilter(ApplicationFilterChain.java:174)
	at org.apache.catalina.core.ApplicationFilterChain.doFilter(ApplicationFilterChain.java:149)
	at org.springframework.web.filter.OncePerRequestFilter.doFilter(OncePerRequestFilter.java:110)
	at org.apache.catalina.core.ApplicationFilterChain.internalDoFilter(ApplicationFilterChain.java:174)
	at org.apache.catalina.core.ApplicationFilterChain.doFilter(ApplicationFilterChain.java:149)
	at org.springframework.web.filter.CompositeFilter$VirtualFilterChain.doFilter(CompositeFilter.java:108)
	at org.springframework.security.web.FilterChainProxy.lambda$doFilterInternal$3(FilterChainProxy.java:231)
	at org.springframework.security.web.FilterChainProxy$VirtualFilterChain.doFilter(FilterChainProxy.java:365)
	at org.springframework.security.web.access.intercept.AuthorizationFilter.doFilter(AuthorizationFilter.java:100)
	at org.springframework.security.web.FilterChainProxy$VirtualFilterChain.doFilter(FilterChainProxy.java:374)
	at org.springframework.security.web.access.ExceptionTranslationFilter.doFilter(ExceptionTranslationFilter.java:126)
	at org.springframework.security.web.access.ExceptionTranslationFilter.doFilter(ExceptionTranslationFilter.java:120)
	at org.springframework.security.web.FilterChainProxy$VirtualFilterChain.doFilter(FilterChainProxy.java:374)
	at org.springframework.security.web.session.SessionManagementFilter.doFilter(SessionManagementFilter.java:131)
	at org.springframework.security.web.session.SessionManagementFilter.doFilter(SessionManagementFilter.java:85)
	at org.springframework.security.web.FilterChainProxy$VirtualFilterChain.doFilter(FilterChainProxy.java:374)
	at org.springframework.security.web.authentication.AnonymousAuthenticationFilter.doFilter(AnonymousAuthenticationFilter.java:100)
	at org.springframework.security.web.FilterChainProxy$VirtualFilterChain.doFilter(FilterChainProxy.java:374)
	at org.springframework.security.web.servletapi.SecurityContextHolderAwareRequestFilter.doFilter(SecurityContextHolderAwareRequestFilter.java:179)
	at org.springframework.security.web.FilterChainProxy$VirtualFilterChain.doFilter(FilterChainProxy.java:374)
	at org.springframework.security.web.savedrequest.RequestCacheAwareFilter.doFilter(RequestCacheAwareFilter.java:63)
	at org.springframework.security.web.FilterChainProxy$VirtualFilterChain.doFilter(FilterChainProxy.java:374)
	at com.example.backend.security.JwtAuthenticationFilter.doFilterInternal(JwtAuthenticationFilter.java:51)
	at org.springframework.web.filter.OncePerRequestFilter.doFilter(OncePerRequestFilter.java:116)
	at org.springframework.security.web.FilterChainProxy$VirtualFilterChain.doFilter(FilterChainProxy.java:374)
	at org.springframework.security.web.authentication.logout.LogoutFilter.doFilter(LogoutFilter.java:107)
	at org.springframework.security.web.authentication.logout.LogoutFilter.doFilter(LogoutFilter.java:93)
	at org.springframework.security.web.FilterChainProxy$VirtualFilterChain.doFilter(FilterChainProxy.java:374)
	at org.springframework.web.filter.CorsFilter.doFilterInternal(CorsFilter.java:91)
	at org.springframework.web.filter.OncePerRequestFilter.doFilter(OncePerRequestFilter.java:116)
	at org.springframework.security.web.FilterChainProxy$VirtualFilterChain.doFilter(FilterChainProxy.java:374)
	at org.springframework.security.web.header.HeaderWriterFilter.doHeadersAfter(HeaderWriterFilter.java:90)
	at org.springframework.security.web.header.HeaderWriterFilter.doFilterInternal(HeaderWriterFilter.java:75)
	at org.springframework.web.filter.OncePerRequestFilter.doFilter(OncePerRequestFilter.java:116)
	at org.springframework.security.web.FilterChainProxy$VirtualFilterChain.doFilter(FilterChainProxy.java:374)
	at org.springframework.security.web.context.SecurityContextHolderFilter.doFilter(SecurityContextHolderFilter.java:82)
	at org.springframework.security.web.context.SecurityContextHolderFilter.doFilter(SecurityContextHolderFilter.java:69)
	at org.springframework.security.web.FilterChainProxy$VirtualFilterChain.doFilter(FilterChainProxy.java:374)
	at org.springframework.security.web.context.request.async.WebAsyncManagerIntegrationFilter.doFilterInternal(WebAsyncManagerIntegrationFilter.java:62)
	at org.springframework.web.filter.OncePerRequestFilter.doFilter(OncePerRequestFilter.java:116)
	at org.springframework.security.web.FilterChainProxy$VirtualFilterChain.doFilter(FilterChainProxy.java:374)
	at org.springframework.security.web.session.DisableEncodeUrlFilter.doFilterInternal(DisableEncodeUrlFilter.java:42)
	at org.springframework.web.filter.OncePerRequestFilter.doFilter(OncePerRequestFilter.java:116)
	at org.springframework.security.web.FilterChainProxy$VirtualFilterChain.doFilter(FilterChainProxy.java:374)
	at org.springframework.security.web.FilterChainProxy.doFilterInternal(FilterChainProxy.java:233)
	at org.springframework.security.web.FilterChainProxy.doFilter(FilterChainProxy.java:191)
	at org.springframework.web.filter.CompositeFilter$VirtualFilterChain.doFilter(CompositeFilter.java:113)
	at org.springframework.web.servlet.handler.HandlerMappingIntrospector.lambda$createCacheFilter$3(HandlerMappingIntrospector.java:195)
	at org.springframework.web.filter.CompositeFilter$VirtualFilterChain.doFilter(CompositeFilter.java:113)
	at org.springframework.web.filter.CompositeFilter.doFilter(CompositeFilter.java:74)
	at org.springframework.security.config.annotation.web.configuration.WebMvcSecurityConfiguration$CompositeFilterChainProxy.doFilter(WebMvcSecurityConfiguration.java:230)
	at org.springframework.web.filter.DelegatingFilterProxy.invokeDelegate(DelegatingFilterProxy.java:352)
	at org.springframework.web.filter.DelegatingFilterProxy.doFilter(DelegatingFilterProxy.java:268)
	at org.apache.catalina.core.ApplicationFilterChain.internalDoFilter(ApplicationFilterChain.java:174)
	at org.apache.catalina.core.ApplicationFilterChain.doFilter(ApplicationFilterChain.java:149)
	at org.springframework.web.filter.RequestContextFilter.doFilterInternal(RequestContextFilter.java:100)
	at org.springframework.web.filter.OncePerRequestFilter.doFilter(OncePerRequestFilter.java:116)
	at org.apache.catalina.core.ApplicationFilterChain.internalDoFilter(ApplicationFilterChain.java:174)
	at org.apache.catalina.core.ApplicationFilterChain.doFilter(ApplicationFilterChain.java:149)
	at org.springframework.web.filter.FormContentFilter.doFilterInternal(FormContentFilter.java:93)
	at org.springframework.web.filter.OncePerRequestFilter.doFilter(OncePerRequestFilter.java:116)
	at org.apache.catalina.core.ApplicationFilterChain.internalDoFilter(ApplicationFilterChain.java:174)
	at org.apache.catalina.core.ApplicationFilterChain.doFilter(ApplicationFilterChain.java:149)
	at org.springframework.web.filter.CharacterEncodingFilter.doFilterInternal(CharacterEncodingFilter.java:201)
	at org.springframework.web.filter.OncePerRequestFilter.doFilter(OncePerRequestFilter.java:116)
	at org.apache.catalina.core.ApplicationFilterChain.internalDoFilter(ApplicationFilterChain.java:174)
	at org.apache.catalina.core.ApplicationFilterChain.doFilter(ApplicationFilterChain.java:149)
	at org.apache.catalina.core.StandardWrapperValve.invoke(StandardWrapperValve.java:167)
	at org.apache.catalina.core.StandardContextValve.invoke(StandardContextValve.java:90)
	at org.apache.catalina.authenticator.AuthenticatorBase.invoke(AuthenticatorBase.java:482)
	at org.apache.catalina.core.StandardHostValve.invoke(StandardHostValve.java:115)
	at org.apache.catalina.valves.ErrorReportValve.invoke(ErrorReportValve.java:93)
	at org.apache.catalina.core.StandardEngineValve.invoke(StandardEngineValve.java:74)
	at org.apache.catalina.connector.CoyoteAdapter.service(CoyoteAdapter.java:344)
	at org.apache.coyote.http11.Http11Processor.service(Http11Processor.java:391)
	at org.apache.coyote.AbstractProcessorLight.process(AbstractProcessorLight.java:63)
	at org.apache.coyote.AbstractProtocol$ConnectionHandler.process(AbstractProtocol.java:896)
	at org.apache.tomcat.util.net.NioEndpoint$SocketProcessor.doRun(NioEndpoint.java:1744)
	at org.apache.tomcat.util.net.SocketProcessorBase.run(SocketProcessorBase.java:52)
	at org.apache.tomcat.util.threads.ThreadPoolExecutor.runWorker(ThreadPoolExecutor.java:1191)
	at org.apache.tomcat.util.threads.ThreadPoolExecutor$Worker.run(ThreadPoolExecutor.java:659)
	at org.apache.tomcat.util.threads.TaskThread$WrappingRunnable.run(TaskThread.java:63)
	at java.base/java.lang.Thread.run(Thread.java:1570)
2026-05-05 04:07:17 [http-nio-8080-exec-10] DEBUG org.hibernate.SQL - 
    /* <criteria> */ select
        u1_0.id,
        u1_0.avatar,
        u1_0.created_at,
        u1_0.email,
        u1_0.password,
        u1_0.phone,
        u1_0.real_name,
        u1_0.role,
        u1_0.status,
        u1_0.updated_at,
        u1_0.username 
    from
        users u1_0 
    where
        u1_0.username=?
2026-05-05 04:07:17 [http-nio-8080-exec-10] DEBUG org.hibernate.SQL - 
    /* <criteria> */ select
        s1_0.id,
        s1_0.avatar,
        s1_0.birth_date,
        s1_0.created_at,
        s1_0.email,
        s1_0.emergency_contact,
        s1_0.emergency_phone,
        s1_0.gender,
        s1_0.name,
        s1_0.phone,
        s1_0.status,
        s1_0.updated_at,
        s1_0.user_id 
    from
        students s1_0 
    left join
        users u1_0 
            on u1_0.id=s1_0.user_id 
    where
        u1_0.id=?
2026-05-05 04:07:17 [http-nio-8080-exec-10] DEBUG org.hibernate.SQL - 
    /* SELECT
        e 
    FROM
        Enrollment e 
    WHERE
        e.student.id = :studentId 
        AND e.status NOT IN ('CANCELLED') */ select
            e1_0.id,
            e1_0.cancel_reason,
            e1_0.cancelled_at,
            e1_0.course_id,
            e1_0.created_at,
            e1_0.enrollment_date,
            e1_0.payment_status,
            e1_0.schedule_id,
            e1_0.status,
            e1_0.student_id,
            e1_0.updated_at 
        from
            enrollments e1_0 
        where
            e1_0.student_id=? 
            and e1_0.status not in ('CANCELLED')
2026-05-05 04:07:17 [http-nio-8080-exec-10] DEBUG org.hibernate.SQL - 
    select
        c1_0.id,
        c1_0.capacity,
        c1_0.category,
        c1_0.created_at,
        c1_0.description,
        c1_0.duration,
        c1_0.enrolled_count,
        c1_0.image,
        c1_0.level,
        c1_0.name,
        c1_0.price,
        c1_0.status,
        c1_0.teacher_id,
        c1_0.updated_at 
    from
        courses c1_0 
    where
        c1_0.id=?
2026-05-05 04:07:17 [http-nio-8080-exec-10] DEBUG org.hibernate.SQL - 
    select
        c1_0.id,
        c1_0.capacity,
        c1_0.category,
        c1_0.created_at,
        c1_0.description,
        c1_0.duration,
        c1_0.enrolled_count,
        c1_0.image,
        c1_0.level,
        c1_0.name,
        c1_0.price,
        c1_0.status,
        c1_0.teacher_id,
        c1_0.updated_at 
    from
        courses c1_0 
    where
        c1_0.id=?
2026-05-05 04:07:17 [http-nio-8080-exec-10] DEBUG org.hibernate.SQL - 
    select
        t1_0.id,
        t1_0.avatar,
        t1_0.bio,
        t1_0.created_at,
        t1_0.email,
        t1_0.experience,
        t1_0.name,
        t1_0.phone,
        t1_0.status,
        t1_0.subjects,
        t1_0.updated_at,
        t1_0.user_id 
    from
        teachers t1_0 
    where
        t1_0.id=?
2026-05-05 04:07:23 [http-nio-8080-exec-7] DEBUG org.hibernate.SQL - 
    /* <criteria> */ select
        u1_0.id,
        u1_0.avatar,
        u1_0.created_at,
        u1_0.email,
        u1_0.password,
        u1_0.phone,
        u1_0.real_name,
        u1_0.role,
        u1_0.status,
        u1_0.updated_at,
        u1_0.username 
    from
        users u1_0 
    where
        u1_0.username=?
2026-05-05 04:07:23 [http-nio-8080-exec-7] DEBUG org.hibernate.SQL - 
    select
        u1_0.id,
        u1_0.avatar,
        u1_0.created_at,
        u1_0.email,
        u1_0.password,
        u1_0.phone,
        u1_0.real_name,
        u1_0.role,
        u1_0.status,
        u1_0.updated_at,
        u1_0.username 
    from
        users u1_0 
    where
        u1_0.id=?
2026-05-05 04:07:23 [http-nio-8080-exec-2] ERROR c.e.b.config.GlobalExceptionHandler - [UnknownException] /upload/avatars/2026/04/40ec529e-16de-472e-947e-7cbbb21db6a6.png - No static resource avatars/2026/04/40ec529e-16de-472e-947e-7cbbb21db6a6.png.
org.springframework.web.servlet.resource.NoResourceFoundException: No static resource avatars/2026/04/40ec529e-16de-472e-947e-7cbbb21db6a6.png.
	at org.springframework.web.servlet.resource.ResourceHttpRequestHandler.handleRequest(ResourceHttpRequestHandler.java:585)
	at org.springframework.web.servlet.mvc.HttpRequestHandlerAdapter.handle(HttpRequestHandlerAdapter.java:52)
	at org.springframework.web.servlet.DispatcherServlet.doDispatch(DispatcherServlet.java:1089)
	at org.springframework.web.servlet.DispatcherServlet.doService(DispatcherServlet.java:979)
	at org.springframework.web.servlet.FrameworkServlet.processRequest(FrameworkServlet.java:1014)
	at org.springframework.web.servlet.FrameworkServlet.doGet(FrameworkServlet.java:903)
	at jakarta.servlet.http.HttpServlet.service(HttpServlet.java:564)
	at org.springframework.web.servlet.FrameworkServlet.service(FrameworkServlet.java:885)
	at jakarta.servlet.http.HttpServlet.service(HttpServlet.java:658)
	at org.apache.catalina.core.ApplicationFilterChain.internalDoFilter(ApplicationFilterChain.java:205)
	at org.apache.catalina.core.ApplicationFilterChain.doFilter(ApplicationFilterChain.java:149)
	at org.apache.tomcat.websocket.server.WsFilter.doFilter(WsFilter.java:51)
	at org.apache.catalina.core.ApplicationFilterChain.internalDoFilter(ApplicationFilterChain.java:174)
	at org.apache.catalina.core.ApplicationFilterChain.doFilter(ApplicationFilterChain.java:149)
	at org.springframework.web.filter.OncePerRequestFilter.doFilter(OncePerRequestFilter.java:110)
	at org.apache.catalina.core.ApplicationFilterChain.internalDoFilter(ApplicationFilterChain.java:174)
	at org.apache.catalina.core.ApplicationFilterChain.doFilter(ApplicationFilterChain.java:149)
	at org.springframework.web.filter.CompositeFilter$VirtualFilterChain.doFilter(CompositeFilter.java:108)
	at org.springframework.security.web.FilterChainProxy.lambda$doFilterInternal$3(FilterChainProxy.java:231)
	at org.springframework.security.web.FilterChainProxy$VirtualFilterChain.doFilter(FilterChainProxy.java:365)
	at org.springframework.security.web.access.intercept.AuthorizationFilter.doFilter(AuthorizationFilter.java:100)
	at org.springframework.security.web.FilterChainProxy$VirtualFilterChain.doFilter(FilterChainProxy.java:374)
	at org.springframework.security.web.access.ExceptionTranslationFilter.doFilter(ExceptionTranslationFilter.java:126)
	at org.springframework.security.web.access.ExceptionTranslationFilter.doFilter(ExceptionTranslationFilter.java:120)
	at org.springframework.security.web.FilterChainProxy$VirtualFilterChain.doFilter(FilterChainProxy.java:374)
	at org.springframework.security.web.session.SessionManagementFilter.doFilter(SessionManagementFilter.java:131)
	at org.springframework.security.web.session.SessionManagementFilter.doFilter(SessionManagementFilter.java:85)
	at org.springframework.security.web.FilterChainProxy$VirtualFilterChain.doFilter(FilterChainProxy.java:374)
	at org.springframework.security.web.authentication.AnonymousAuthenticationFilter.doFilter(AnonymousAuthenticationFilter.java:100)
	at org.springframework.security.web.FilterChainProxy$VirtualFilterChain.doFilter(FilterChainProxy.java:374)
	at org.springframework.security.web.servletapi.SecurityContextHolderAwareRequestFilter.doFilter(SecurityContextHolderAwareRequestFilter.java:179)
	at org.springframework.security.web.FilterChainProxy$VirtualFilterChain.doFilter(FilterChainProxy.java:374)
	at org.springframework.security.web.savedrequest.RequestCacheAwareFilter.doFilter(RequestCacheAwareFilter.java:63)
	at org.springframework.security.web.FilterChainProxy$VirtualFilterChain.doFilter(FilterChainProxy.java:374)
	at com.example.backend.security.JwtAuthenticationFilter.doFilterInternal(JwtAuthenticationFilter.java:51)
	at org.springframework.web.filter.OncePerRequestFilter.doFilter(OncePerRequestFilter.java:116)
	at org.springframework.security.web.FilterChainProxy$VirtualFilterChain.doFilter(FilterChainProxy.java:374)
	at org.springframework.security.web.authentication.logout.LogoutFilter.doFilter(LogoutFilter.java:107)
	at org.springframework.security.web.authentication.logout.LogoutFilter.doFilter(LogoutFilter.java:93)
	at org.springframework.security.web.FilterChainProxy$VirtualFilterChain.doFilter(FilterChainProxy.java:374)
	at org.springframework.web.filter.CorsFilter.doFilterInternal(CorsFilter.java:91)
	at org.springframework.web.filter.OncePerRequestFilter.doFilter(OncePerRequestFilter.java:116)
	at org.springframework.security.web.FilterChainProxy$VirtualFilterChain.doFilter(FilterChainProxy.java:374)
	at org.springframework.security.web.header.HeaderWriterFilter.doHeadersAfter(HeaderWriterFilter.java:90)
	at org.springframework.security.web.header.HeaderWriterFilter.doFilterInternal(HeaderWriterFilter.java:75)
	at org.springframework.web.filter.OncePerRequestFilter.doFilter(OncePerRequestFilter.java:116)
	at org.springframework.security.web.FilterChainProxy$VirtualFilterChain.doFilter(FilterChainProxy.java:374)
	at org.springframework.security.web.context.SecurityContextHolderFilter.doFilter(SecurityContextHolderFilter.java:82)
	at org.springframework.security.web.context.SecurityContextHolderFilter.doFilter(SecurityContextHolderFilter.java:69)
	at org.springframework.security.web.FilterChainProxy$VirtualFilterChain.doFilter(FilterChainProxy.java:374)
	at org.springframework.security.web.context.request.async.WebAsyncManagerIntegrationFilter.doFilterInternal(WebAsyncManagerIntegrationFilter.java:62)
	at org.springframework.web.filter.OncePerRequestFilter.doFilter(OncePerRequestFilter.java:116)
	at org.springframework.security.web.FilterChainProxy$VirtualFilterChain.doFilter(FilterChainProxy.java:374)
	at org.springframework.security.web.session.DisableEncodeUrlFilter.doFilterInternal(DisableEncodeUrlFilter.java:42)
	at org.springframework.web.filter.OncePerRequestFilter.doFilter(OncePerRequestFilter.java:116)
	at org.springframework.security.web.FilterChainProxy$VirtualFilterChain.doFilter(FilterChainProxy.java:374)
	at org.springframework.security.web.FilterChainProxy.doFilterInternal(FilterChainProxy.java:233)
	at org.springframework.security.web.FilterChainProxy.doFilter(FilterChainProxy.java:191)
	at org.springframework.web.filter.CompositeFilter$VirtualFilterChain.doFilter(CompositeFilter.java:113)
	at org.springframework.web.servlet.handler.HandlerMappingIntrospector.lambda$createCacheFilter$3(HandlerMappingIntrospector.java:195)
	at org.springframework.web.filter.CompositeFilter$VirtualFilterChain.doFilter(CompositeFilter.java:113)
	at org.springframework.web.filter.CompositeFilter.doFilter(CompositeFilter.java:74)
	at org.springframework.security.config.annotation.web.configuration.WebMvcSecurityConfiguration$CompositeFilterChainProxy.doFilter(WebMvcSecurityConfiguration.java:230)
	at org.springframework.web.filter.DelegatingFilterProxy.invokeDelegate(DelegatingFilterProxy.java:352)
	at org.springframework.web.filter.DelegatingFilterProxy.doFilter(DelegatingFilterProxy.java:268)
	at org.apache.catalina.core.ApplicationFilterChain.internalDoFilter(ApplicationFilterChain.java:174)
	at org.apache.catalina.core.ApplicationFilterChain.doFilter(ApplicationFilterChain.java:149)
	at org.springframework.web.filter.RequestContextFilter.doFilterInternal(RequestContextFilter.java:100)
	at org.springframework.web.filter.OncePerRequestFilter.doFilter(OncePerRequestFilter.java:116)
	at org.apache.catalina.core.ApplicationFilterChain.internalDoFilter(ApplicationFilterChain.java:174)
	at org.apache.catalina.core.ApplicationFilterChain.doFilter(ApplicationFilterChain.java:149)
	at org.springframework.web.filter.FormContentFilter.doFilterInternal(FormContentFilter.java:93)
	at org.springframework.web.filter.OncePerRequestFilter.doFilter(OncePerRequestFilter.java:116)
	at org.apache.catalina.core.ApplicationFilterChain.internalDoFilter(ApplicationFilterChain.java:174)
	at org.apache.catalina.core.ApplicationFilterChain.doFilter(ApplicationFilterChain.java:149)
	at org.springframework.web.filter.CharacterEncodingFilter.doFilterInternal(CharacterEncodingFilter.java:201)
	at org.springframework.web.filter.OncePerRequestFilter.doFilter(OncePerRequestFilter.java:116)
	at org.apache.catalina.core.ApplicationFilterChain.internalDoFilter(ApplicationFilterChain.java:174)
	at org.apache.catalina.core.ApplicationFilterChain.doFilter(ApplicationFilterChain.java:149)
	at org.apache.catalina.core.StandardWrapperValve.invoke(StandardWrapperValve.java:167)
	at org.apache.catalina.core.StandardContextValve.invoke(StandardContextValve.java:90)
	at org.apache.catalina.authenticator.AuthenticatorBase.invoke(AuthenticatorBase.java:482)
	at org.apache.catalina.core.StandardHostValve.invoke(StandardHostValve.java:115)
	at org.apache.catalina.valves.ErrorReportValve.invoke(ErrorReportValve.java:93)
	at org.apache.catalina.core.StandardEngineValve.invoke(StandardEngineValve.java:74)
	at org.apache.catalina.connector.CoyoteAdapter.service(CoyoteAdapter.java:344)
	at org.apache.coyote.http11.Http11Processor.service(Http11Processor.java:391)
	at org.apache.coyote.AbstractProcessorLight.process(AbstractProcessorLight.java:63)
	at org.apache.coyote.AbstractProtocol$ConnectionHandler.process(AbstractProtocol.java:896)
	at org.apache.tomcat.util.net.NioEndpoint$SocketProcessor.doRun(NioEndpoint.java:1744)
	at org.apache.tomcat.util.net.SocketProcessorBase.run(SocketProcessorBase.java:52)
	at org.apache.tomcat.util.threads.ThreadPoolExecutor.runWorker(ThreadPoolExecutor.java:1191)
	at org.apache.tomcat.util.threads.ThreadPoolExecutor$Worker.run(ThreadPoolExecutor.java:659)
	at org.apache.tomcat.util.threads.TaskThread$WrappingRunnable.run(TaskThread.java:63)
	at java.base/java.lang.Thread.run(Thread.java:1570)
2026-05-05 04:08:11 [http-nio-8080-exec-8] DEBUG org.hibernate.SQL - 
    /* <criteria> */ select
        u1_0.id,
        u1_0.avatar,
        u1_0.created_at,
        u1_0.email,
        u1_0.password,
        u1_0.phone,
        u1_0.real_name,
        u1_0.role,
        u1_0.status,
        u1_0.updated_at,
        u1_0.username 
    from
        users u1_0 
    where
        u1_0.username=?
2026-05-05 04:08:11 [http-nio-8080-exec-1] DEBUG org.hibernate.SQL - 
    /* <criteria> */ select
        u1_0.id,
        u1_0.avatar,
        u1_0.created_at,
        u1_0.email,
        u1_0.password,
        u1_0.phone,
        u1_0.real_name,
        u1_0.role,
        u1_0.status,
        u1_0.updated_at,
        u1_0.username 
    from
        users u1_0 
    where
        u1_0.username=?
2026-05-05 04:08:11 [http-nio-8080-exec-8] DEBUG org.hibernate.SQL - 
    select
        c1_0.id,
        c1_0.capacity,
        c1_0.category,
        c1_0.created_at,
        c1_0.description,
        c1_0.duration,
        c1_0.enrolled_count,
        c1_0.image,
        c1_0.level,
        c1_0.name,
        c1_0.price,
        c1_0.status,
        c1_0.teacher_id,
        c1_0.updated_at 
    from
        courses c1_0 
    where
        c1_0.id=?
2026-05-05 04:08:11 [http-nio-8080-exec-1] DEBUG org.hibernate.SQL - 
    /* <criteria> */ select
        s1_0.id,
        s1_0.avatar,
        s1_0.birth_date,
        s1_0.created_at,
        s1_0.email,
        s1_0.emergency_contact,
        s1_0.emergency_phone,
        s1_0.gender,
        s1_0.name,
        s1_0.phone,
        s1_0.status,
        s1_0.updated_at,
        s1_0.user_id 
    from
        students s1_0 
    left join
        users u1_0 
            on u1_0.id=s1_0.user_id 
    where
        u1_0.id=?
2026-05-05 04:08:12 [http-nio-8080-exec-1] DEBUG org.hibernate.SQL - 
    /* SELECT
        e 
    FROM
        Enrollment e 
    WHERE
        e.student.id = :studentId 
        AND e.status NOT IN ('CANCELLED') */ select
            e1_0.id,
            e1_0.cancel_reason,
            e1_0.cancelled_at,
            e1_0.course_id,
            e1_0.created_at,
            e1_0.enrollment_date,
            e1_0.payment_status,
            e1_0.schedule_id,
            e1_0.status,
            e1_0.student_id,
            e1_0.updated_at 
        from
            enrollments e1_0 
        where
            e1_0.student_id=? 
            and e1_0.status not in ('CANCELLED')
2026-05-05 04:08:12 [http-nio-8080-exec-1] DEBUG org.hibernate.SQL - 
    select
        c1_0.id,
        c1_0.capacity,
        c1_0.category,
        c1_0.created_at,
        c1_0.description,
        c1_0.duration,
        c1_0.enrolled_count,
        c1_0.image,
        c1_0.level,
        c1_0.name,
        c1_0.price,
        c1_0.status,
        c1_0.teacher_id,
        c1_0.updated_at 
    from
        courses c1_0 
    where
        c1_0.id=?
2026-05-05 04:08:12 [http-nio-8080-exec-1] DEBUG org.hibernate.SQL - 
    select
        c1_0.id,
        c1_0.capacity,
        c1_0.category,
        c1_0.created_at,
        c1_0.description,
        c1_0.duration,
        c1_0.enrolled_count,
        c1_0.image,
        c1_0.level,
        c1_0.name,
        c1_0.price,
        c1_0.status,
        c1_0.teacher_id,
        c1_0.updated_at 
    from
        courses c1_0 
    where
        c1_0.id=?
2026-05-05 04:08:12 [http-nio-8080-exec-1] DEBUG org.hibernate.SQL - 
    select
        t1_0.id,
        t1_0.avatar,
        t1_0.bio,
        t1_0.created_at,
        t1_0.email,
        t1_0.experience,
        t1_0.name,
        t1_0.phone,
        t1_0.status,
        t1_0.subjects,
        t1_0.updated_at,
        t1_0.user_id 
    from
        teachers t1_0 
    where
        t1_0.id=?
2026-05-05 04:08:28 [http-nio-8080-exec-9] DEBUG org.hibernate.SQL - 
    /* <criteria> */ select
        u1_0.id,
        u1_0.avatar,
        u1_0.created_at,
        u1_0.email,
        u1_0.password,
        u1_0.phone,
        u1_0.real_name,
        u1_0.role,
        u1_0.status,
        u1_0.updated_at,
        u1_0.username 
    from
        users u1_0 
    where
        u1_0.username=?
2026-05-05 04:08:28 [http-nio-8080-exec-9] DEBUG org.hibernate.SQL - 
    /* <criteria> */ select
        s1_0.id,
        s1_0.avatar,
        s1_0.birth_date,
        s1_0.created_at,
        s1_0.email,
        s1_0.emergency_contact,
        s1_0.emergency_phone,
        s1_0.gender,
        s1_0.name,
        s1_0.phone,
        s1_0.status,
        s1_0.updated_at,
        s1_0.user_id 
    from
        students s1_0 
    left join
        users u1_0 
            on u1_0.id=s1_0.user_id 
    where
        u1_0.id=?
2026-05-05 04:08:28 [http-nio-8080-exec-9] DEBUG org.hibernate.SQL - 
    /* SELECT
        e 
    FROM
        Enrollment e 
    WHERE
        e.student.id = :studentId 
        AND e.status NOT IN ('CANCELLED') */ select
            e1_0.id,
            e1_0.cancel_reason,
            e1_0.cancelled_at,
            e1_0.course_id,
            e1_0.created_at,
            e1_0.enrollment_date,
            e1_0.payment_status,
            e1_0.schedule_id,
            e1_0.status,
            e1_0.student_id,
            e1_0.updated_at 
        from
            enrollments e1_0 
        where
            e1_0.student_id=? 
            and e1_0.status not in ('CANCELLED')
2026-05-05 04:08:29 [http-nio-8080-exec-9] DEBUG org.hibernate.SQL - 
    select
        c1_0.id,
        c1_0.capacity,
        c1_0.category,
        c1_0.created_at,
        c1_0.description,
        c1_0.duration,
        c1_0.enrolled_count,
        c1_0.image,
        c1_0.level,
        c1_0.name,
        c1_0.price,
        c1_0.status,
        c1_0.teacher_id,
        c1_0.updated_at 
    from
        courses c1_0 
    where
        c1_0.id=?
2026-05-05 04:08:29 [http-nio-8080-exec-9] DEBUG org.hibernate.SQL - 
    select
        c1_0.id,
        c1_0.capacity,
        c1_0.category,
        c1_0.created_at,
        c1_0.description,
        c1_0.duration,
        c1_0.enrolled_count,
        c1_0.image,
        c1_0.level,
        c1_0.name,
        c1_0.price,
        c1_0.status,
        c1_0.teacher_id,
        c1_0.updated_at 
    from
        courses c1_0 
    where
        c1_0.id=?
2026-05-05 04:08:29 [http-nio-8080-exec-9] DEBUG org.hibernate.SQL - 
    select
        t1_0.id,
        t1_0.avatar,
        t1_0.bio,
        t1_0.created_at,
        t1_0.email,
        t1_0.experience,
        t1_0.name,
        t1_0.phone,
        t1_0.status,
        t1_0.subjects,
        t1_0.updated_at,
        t1_0.user_id 
    from
        teachers t1_0 
    where
        t1_0.id=?
2026-05-05 04:08:29 [http-nio-8080-exec-4] DEBUG org.hibernate.SQL - 
    /* <criteria> */ select
        u1_0.id,
        u1_0.avatar,
        u1_0.created_at,
        u1_0.email,
        u1_0.password,
        u1_0.phone,
        u1_0.real_name,
        u1_0.role,
        u1_0.status,
        u1_0.updated_at,
        u1_0.username 
    from
        users u1_0 
    where
        u1_0.username=?
2026-05-05 04:08:29 [http-nio-8080-exec-3] DEBUG org.hibernate.SQL - 
    /* <criteria> */ select
        u1_0.id,
        u1_0.avatar,
        u1_0.created_at,
        u1_0.email,
        u1_0.password,
        u1_0.phone,
        u1_0.real_name,
        u1_0.role,
        u1_0.status,
        u1_0.updated_at,
        u1_0.username 
    from
        users u1_0 
    where
        u1_0.username=?
2026-05-05 04:08:29 [http-nio-8080-exec-4] DEBUG org.hibernate.SQL - 
    /* <criteria> */ select
        c1_0.id,
        c1_0.capacity,
        c1_0.category,
        c1_0.created_at,
        c1_0.description,
        c1_0.duration,
        c1_0.enrolled_count,
        c1_0.image,
        c1_0.level,
        c1_0.name,
        c1_0.price,
        c1_0.status,
        c1_0.teacher_id,
        c1_0.updated_at 
    from
        courses c1_0 
    where
        c1_0.status=? 
    limit
        ?, ?
2026-05-05 04:08:29 [http-nio-8080-exec-3] DEBUG org.hibernate.SQL - 
    /* <criteria> */ select
        s1_0.id,
        s1_0.avatar,
        s1_0.birth_date,
        s1_0.created_at,
        s1_0.email,
        s1_0.emergency_contact,
        s1_0.emergency_phone,
        s1_0.gender,
        s1_0.name,
        s1_0.phone,
        s1_0.status,
        s1_0.updated_at,
        s1_0.user_id 
    from
        students s1_0 
    left join
        users u1_0 
            on u1_0.id=s1_0.user_id 
    where
        u1_0.id=?
2026-05-05 04:08:29 [http-nio-8080-exec-4] DEBUG org.hibernate.SQL - 
    select
        t1_0.id,
        t1_0.avatar,
        t1_0.bio,
        t1_0.created_at,
        t1_0.email,
        t1_0.experience,
        t1_0.name,
        t1_0.phone,
        t1_0.status,
        t1_0.subjects,
        t1_0.updated_at,
        t1_0.user_id 
    from
        teachers t1_0 
    where
        t1_0.id=?
2026-05-05 04:08:29 [http-nio-8080-exec-4] DEBUG org.hibernate.SQL - 
    select
        t1_0.id,
        t1_0.avatar,
        t1_0.bio,
        t1_0.created_at,
        t1_0.email,
        t1_0.experience,
        t1_0.name,
        t1_0.phone,
        t1_0.status,
        t1_0.subjects,
        t1_0.updated_at,
        t1_0.user_id 
    from
        teachers t1_0 
    where
        t1_0.id=?
2026-05-05 04:08:29 [http-nio-8080-exec-3] DEBUG org.hibernate.SQL - 
    /* SELECT
        e 
    FROM
        Enrollment e 
    WHERE
        e.student.id = :studentId 
        AND e.status NOT IN ('CANCELLED') */ select
            e1_0.id,
            e1_0.cancel_reason,
            e1_0.cancelled_at,
            e1_0.course_id,
            e1_0.created_at,
            e1_0.enrollment_date,
            e1_0.payment_status,
            e1_0.schedule_id,
            e1_0.status,
            e1_0.student_id,
            e1_0.updated_at 
        from
            enrollments e1_0 
        where
            e1_0.student_id=? 
            and e1_0.status not in ('CANCELLED')
2026-05-05 04:08:29 [http-nio-8080-exec-3] DEBUG org.hibernate.SQL - 
    select
        c1_0.id,
        c1_0.capacity,
        c1_0.category,
        c1_0.created_at,
        c1_0.description,
        c1_0.duration,
        c1_0.enrolled_count,
        c1_0.image,
        c1_0.level,
        c1_0.name,
        c1_0.price,
        c1_0.status,
        c1_0.teacher_id,
        c1_0.updated_at 
    from
        courses c1_0 
    where
        c1_0.id=?
2026-05-05 04:08:29 [http-nio-8080-exec-3] DEBUG org.hibernate.SQL - 
    select
        c1_0.id,
        c1_0.capacity,
        c1_0.category,
        c1_0.created_at,
        c1_0.description,
        c1_0.duration,
        c1_0.enrolled_count,
        c1_0.image,
        c1_0.level,
        c1_0.name,
        c1_0.price,
        c1_0.status,
        c1_0.teacher_id,
        c1_0.updated_at 
    from
        courses c1_0 
    where
        c1_0.id=?
2026-05-05 04:08:29 [http-nio-8080-exec-3] DEBUG org.hibernate.SQL - 
    select
        t1_0.id,
        t1_0.avatar,
        t1_0.bio,
        t1_0.created_at,
        t1_0.email,
        t1_0.experience,
        t1_0.name,
        t1_0.phone,
        t1_0.status,
        t1_0.subjects,
        t1_0.updated_at,
        t1_0.user_id 
    from
        teachers t1_0 
    where
        t1_0.id=?
2026-05-05 04:08:33 [http-nio-8080-exec-8] DEBUG org.hibernate.SQL - 
    /* <criteria> */ select
        u1_0.id,
        u1_0.avatar,
        u1_0.created_at,
        u1_0.email,
        u1_0.password,
        u1_0.phone,
        u1_0.real_name,
        u1_0.role,
        u1_0.status,
        u1_0.updated_at,
        u1_0.username 
    from
        users u1_0 
    where
        u1_0.username=?
2026-05-05 04:08:33 [http-nio-8080-exec-8] DEBUG org.hibernate.SQL - 
    /* <criteria> */ select
        s1_0.id,
        s1_0.avatar,
        s1_0.birth_date,
        s1_0.created_at,
        s1_0.email,
        s1_0.emergency_contact,
        s1_0.emergency_phone,
        s1_0.gender,
        s1_0.name,
        s1_0.phone,
        s1_0.status,
        s1_0.updated_at,
        s1_0.user_id 
    from
        students s1_0 
    left join
        users u1_0 
            on u1_0.id=s1_0.user_id 
    where
        u1_0.id=?
2026-05-05 04:08:34 [http-nio-8080-exec-8] DEBUG org.hibernate.SQL - 
    /* SELECT
        e 
    FROM
        Enrollment e 
    WHERE
        e.student.id = :studentId 
        AND e.status NOT IN ('CANCELLED') */ select
            e1_0.id,
            e1_0.cancel_reason,
            e1_0.cancelled_at,
            e1_0.course_id,
            e1_0.created_at,
            e1_0.enrollment_date,
            e1_0.payment_status,
            e1_0.schedule_id,
            e1_0.status,
            e1_0.student_id,
            e1_0.updated_at 
        from
            enrollments e1_0 
        where
            e1_0.student_id=? 
            and e1_0.status not in ('CANCELLED')
2026-05-05 04:08:34 [http-nio-8080-exec-8] DEBUG org.hibernate.SQL - 
    select
        c1_0.id,
        c1_0.capacity,
        c1_0.category,
        c1_0.created_at,
        c1_0.description,
        c1_0.duration,
        c1_0.enrolled_count,
        c1_0.image,
        c1_0.level,
        c1_0.name,
        c1_0.price,
        c1_0.status,
        c1_0.teacher_id,
        c1_0.updated_at 
    from
        courses c1_0 
    where
        c1_0.id=?
2026-05-05 04:08:34 [http-nio-8080-exec-8] DEBUG org.hibernate.SQL - 
    select
        c1_0.id,
        c1_0.capacity,
        c1_0.category,
        c1_0.created_at,
        c1_0.description,
        c1_0.duration,
        c1_0.enrolled_count,
        c1_0.image,
        c1_0.level,
        c1_0.name,
        c1_0.price,
        c1_0.status,
        c1_0.teacher_id,
        c1_0.updated_at 
    from
        courses c1_0 
    where
        c1_0.id=?
2026-05-05 04:08:34 [http-nio-8080-exec-8] DEBUG org.hibernate.SQL - 
    select
        t1_0.id,
        t1_0.avatar,
        t1_0.bio,
        t1_0.created_at,
        t1_0.email,
        t1_0.experience,
        t1_0.name,
        t1_0.phone,
        t1_0.status,
        t1_0.subjects,
        t1_0.updated_at,
        t1_0.user_id 
    from
        teachers t1_0 
    where
        t1_0.id=?
2026-05-05 04:08:34 [http-nio-8080-exec-10] DEBUG org.hibernate.SQL - 
    /* <criteria> */ select
        u1_0.id,
        u1_0.avatar,
        u1_0.created_at,
        u1_0.email,
        u1_0.password,
        u1_0.phone,
        u1_0.real_name,
        u1_0.role,
        u1_0.status,
        u1_0.updated_at,
        u1_0.username 
    from
        users u1_0 
    where
        u1_0.username=?
2026-05-05 04:08:34 [http-nio-8080-exec-4] DEBUG org.hibernate.SQL - 
    /* <criteria> */ select
        u1_0.id,
        u1_0.avatar,
        u1_0.created_at,
        u1_0.email,
        u1_0.password,
        u1_0.phone,
        u1_0.real_name,
        u1_0.role,
        u1_0.status,
        u1_0.updated_at,
        u1_0.username 
    from
        users u1_0 
    where
        u1_0.username=?
2026-05-05 04:08:35 [http-nio-8080-exec-10] DEBUG org.hibernate.SQL - 
    /* <criteria> */ select
        s1_0.id,
        s1_0.avatar,
        s1_0.birth_date,
        s1_0.created_at,
        s1_0.email,
        s1_0.emergency_contact,
        s1_0.emergency_phone,
        s1_0.gender,
        s1_0.name,
        s1_0.phone,
        s1_0.status,
        s1_0.updated_at,
        s1_0.user_id 
    from
        students s1_0 
    left join
        users u1_0 
            on u1_0.id=s1_0.user_id 
    where
        u1_0.id=?
2026-05-05 04:08:35 [http-nio-8080-exec-4] DEBUG org.hibernate.SQL - 
    /* <criteria> */ select
        s1_0.id,
        s1_0.avatar,
        s1_0.birth_date,
        s1_0.created_at,
        s1_0.email,
        s1_0.emergency_contact,
        s1_0.emergency_phone,
        s1_0.gender,
        s1_0.name,
        s1_0.phone,
        s1_0.status,
        s1_0.updated_at,
        s1_0.user_id 
    from
        students s1_0 
    left join
        users u1_0 
            on u1_0.id=s1_0.user_id 
    where
        u1_0.id=?
2026-05-05 04:08:35 [http-nio-8080-exec-4] DEBUG org.hibernate.SQL - 
    /* <criteria> */ select
        b1_0.id,
        b1_0.amount,
        b1_0.bill_type,
        b1_0.created_at,
        b1_0.description,
        b1_0.due_date,
        b1_0.enrollment_id,
        b1_0.payment_id,
        b1_0.status,
        b1_0.student_id,
        b1_0.updated_at 
    from
        bills b1_0 
    left join
        students s1_0 
            on s1_0.id=b1_0.student_id 
    where
        s1_0.id=?
2026-05-05 04:08:35 [http-nio-8080-exec-10] DEBUG org.hibernate.SQL - 
    /* <criteria> */ select
        p1_0.id,
        p1_0.amount,
        p1_0.created_at,
        p1_0.enrollment_id,
        p1_0.payment_method,
        p1_0.payment_time,
        p1_0.status,
        p1_0.transaction_id,
        p1_0.updated_at 
    from
        payments p1_0 
    left join
        enrollments e1_0 
            on e1_0.id=p1_0.enrollment_id 
    left join
        students s1_0 
            on s1_0.id=e1_0.student_id 
    where
        s1_0.id=?
2026-05-05 04:08:35 [http-nio-8080-exec-6] DEBUG org.hibernate.SQL - 
    /* <criteria> */ select
        u1_0.id,
        u1_0.avatar,
        u1_0.created_at,
        u1_0.email,
        u1_0.password,
        u1_0.phone,
        u1_0.real_name,
        u1_0.role,
        u1_0.status,
        u1_0.updated_at,
        u1_0.username 
    from
        users u1_0 
    where
        u1_0.username=?
2026-05-05 04:08:36 [http-nio-8080-exec-6] DEBUG org.hibernate.SQL - 
    select
        u1_0.id,
        u1_0.avatar,
        u1_0.created_at,
        u1_0.email,
        u1_0.password,
        u1_0.phone,
        u1_0.real_name,
        u1_0.role,
        u1_0.status,
        u1_0.updated_at,
        u1_0.username 
    from
        users u1_0 
    where
        u1_0.id=?
2026-05-05 04:08:36 [http-nio-8080-exec-5] ERROR c.e.b.config.GlobalExceptionHandler - [UnknownException] /upload/avatars/2026/04/40ec529e-16de-472e-947e-7cbbb21db6a6.png - No static resource avatars/2026/04/40ec529e-16de-472e-947e-7cbbb21db6a6.png.
org.springframework.web.servlet.resource.NoResourceFoundException: No static resource avatars/2026/04/40ec529e-16de-472e-947e-7cbbb21db6a6.png.
	at org.springframework.web.servlet.resource.ResourceHttpRequestHandler.handleRequest(ResourceHttpRequestHandler.java:585)
	at org.springframework.web.servlet.mvc.HttpRequestHandlerAdapter.handle(HttpRequestHandlerAdapter.java:52)
	at org.springframework.web.servlet.DispatcherServlet.doDispatch(DispatcherServlet.java:1089)
	at org.springframework.web.servlet.DispatcherServlet.doService(DispatcherServlet.java:979)
	at org.springframework.web.servlet.FrameworkServlet.processRequest(FrameworkServlet.java:1014)
	at org.springframework.web.servlet.FrameworkServlet.doGet(FrameworkServlet.java:903)
	at jakarta.servlet.http.HttpServlet.service(HttpServlet.java:564)
	at org.springframework.web.servlet.FrameworkServlet.service(FrameworkServlet.java:885)
	at jakarta.servlet.http.HttpServlet.service(HttpServlet.java:658)
	at org.apache.catalina.core.ApplicationFilterChain.internalDoFilter(ApplicationFilterChain.java:205)
	at org.apache.catalina.core.ApplicationFilterChain.doFilter(ApplicationFilterChain.java:149)
	at org.apache.tomcat.websocket.server.WsFilter.doFilter(WsFilter.java:51)
	at org.apache.catalina.core.ApplicationFilterChain.internalDoFilter(ApplicationFilterChain.java:174)
	at org.apache.catalina.core.ApplicationFilterChain.doFilter(ApplicationFilterChain.java:149)
	at org.springframework.web.filter.OncePerRequestFilter.doFilter(OncePerRequestFilter.java:110)
	at org.apache.catalina.core.ApplicationFilterChain.internalDoFilter(ApplicationFilterChain.java:174)
	at org.apache.catalina.core.ApplicationFilterChain.doFilter(ApplicationFilterChain.java:149)
	at org.springframework.web.filter.CompositeFilter$VirtualFilterChain.doFilter(CompositeFilter.java:108)
	at org.springframework.security.web.FilterChainProxy.lambda$doFilterInternal$3(FilterChainProxy.java:231)
	at org.springframework.security.web.FilterChainProxy$VirtualFilterChain.doFilter(FilterChainProxy.java:365)
	at org.springframework.security.web.access.intercept.AuthorizationFilter.doFilter(AuthorizationFilter.java:100)
	at org.springframework.security.web.FilterChainProxy$VirtualFilterChain.doFilter(FilterChainProxy.java:374)
	at org.springframework.security.web.access.ExceptionTranslationFilter.doFilter(ExceptionTranslationFilter.java:126)
	at org.springframework.security.web.access.ExceptionTranslationFilter.doFilter(ExceptionTranslationFilter.java:120)
	at org.springframework.security.web.FilterChainProxy$VirtualFilterChain.doFilter(FilterChainProxy.java:374)
	at org.springframework.security.web.session.SessionManagementFilter.doFilter(SessionManagementFilter.java:131)
	at org.springframework.security.web.session.SessionManagementFilter.doFilter(SessionManagementFilter.java:85)
	at org.springframework.security.web.FilterChainProxy$VirtualFilterChain.doFilter(FilterChainProxy.java:374)
	at org.springframework.security.web.authentication.AnonymousAuthenticationFilter.doFilter(AnonymousAuthenticationFilter.java:100)
	at org.springframework.security.web.FilterChainProxy$VirtualFilterChain.doFilter(FilterChainProxy.java:374)
	at org.springframework.security.web.servletapi.SecurityContextHolderAwareRequestFilter.doFilter(SecurityContextHolderAwareRequestFilter.java:179)
	at org.springframework.security.web.FilterChainProxy$VirtualFilterChain.doFilter(FilterChainProxy.java:374)
	at org.springframework.security.web.savedrequest.RequestCacheAwareFilter.doFilter(RequestCacheAwareFilter.java:63)
	at org.springframework.security.web.FilterChainProxy$VirtualFilterChain.doFilter(FilterChainProxy.java:374)
	at com.example.backend.security.JwtAuthenticationFilter.doFilterInternal(JwtAuthenticationFilter.java:51)
	at org.springframework.web.filter.OncePerRequestFilter.doFilter(OncePerRequestFilter.java:116)
	at org.springframework.security.web.FilterChainProxy$VirtualFilterChain.doFilter(FilterChainProxy.java:374)
	at org.springframework.security.web.authentication.logout.LogoutFilter.doFilter(LogoutFilter.java:107)
	at org.springframework.security.web.authentication.logout.LogoutFilter.doFilter(LogoutFilter.java:93)
	at org.springframework.security.web.FilterChainProxy$VirtualFilterChain.doFilter(FilterChainProxy.java:374)
	at org.springframework.web.filter.CorsFilter.doFilterInternal(CorsFilter.java:91)
	at org.springframework.web.filter.OncePerRequestFilter.doFilter(OncePerRequestFilter.java:116)
	at org.springframework.security.web.FilterChainProxy$VirtualFilterChain.doFilter(FilterChainProxy.java:374)
	at org.springframework.security.web.header.HeaderWriterFilter.doHeadersAfter(HeaderWriterFilter.java:90)
	at org.springframework.security.web.header.HeaderWriterFilter.doFilterInternal(HeaderWriterFilter.java:75)
	at org.springframework.web.filter.OncePerRequestFilter.doFilter(OncePerRequestFilter.java:116)
	at org.springframework.security.web.FilterChainProxy$VirtualFilterChain.doFilter(FilterChainProxy.java:374)
	at org.springframework.security.web.context.SecurityContextHolderFilter.doFilter(SecurityContextHolderFilter.java:82)
	at org.springframework.security.web.context.SecurityContextHolderFilter.doFilter(SecurityContextHolderFilter.java:69)
	at org.springframework.security.web.FilterChainProxy$VirtualFilterChain.doFilter(FilterChainProxy.java:374)
	at org.springframework.security.web.context.request.async.WebAsyncManagerIntegrationFilter.doFilterInternal(WebAsyncManagerIntegrationFilter.java:62)
	at org.springframework.web.filter.OncePerRequestFilter.doFilter(OncePerRequestFilter.java:116)
	at org.springframework.security.web.FilterChainProxy$VirtualFilterChain.doFilter(FilterChainProxy.java:374)
	at org.springframework.security.web.session.DisableEncodeUrlFilter.doFilterInternal(DisableEncodeUrlFilter.java:42)
	at org.springframework.web.filter.OncePerRequestFilter.doFilter(OncePerRequestFilter.java:116)
	at org.springframework.security.web.FilterChainProxy$VirtualFilterChain.doFilter(FilterChainProxy.java:374)
	at org.springframework.security.web.FilterChainProxy.doFilterInternal(FilterChainProxy.java:233)
	at org.springframework.security.web.FilterChainProxy.doFilter(FilterChainProxy.java:191)
	at org.springframework.web.filter.CompositeFilter$VirtualFilterChain.doFilter(CompositeFilter.java:113)
	at org.springframework.web.servlet.handler.HandlerMappingIntrospector.lambda$createCacheFilter$3(HandlerMappingIntrospector.java:195)
	at org.springframework.web.filter.CompositeFilter$VirtualFilterChain.doFilter(CompositeFilter.java:113)
	at org.springframework.web.filter.CompositeFilter.doFilter(CompositeFilter.java:74)
	at org.springframework.security.config.annotation.web.configuration.WebMvcSecurityConfiguration$CompositeFilterChainProxy.doFilter(WebMvcSecurityConfiguration.java:230)
	at org.springframework.web.filter.DelegatingFilterProxy.invokeDelegate(DelegatingFilterProxy.java:352)
	at org.springframework.web.filter.DelegatingFilterProxy.doFilter(DelegatingFilterProxy.java:268)
	at org.apache.catalina.core.ApplicationFilterChain.internalDoFilter(ApplicationFilterChain.java:174)
	at org.apache.catalina.core.ApplicationFilterChain.doFilter(ApplicationFilterChain.java:149)
	at org.springframework.web.filter.RequestContextFilter.doFilterInternal(RequestContextFilter.java:100)
	at org.springframework.web.filter.OncePerRequestFilter.doFilter(OncePerRequestFilter.java:116)
	at org.apache.catalina.core.ApplicationFilterChain.internalDoFilter(ApplicationFilterChain.java:174)
	at org.apache.catalina.core.ApplicationFilterChain.doFilter(ApplicationFilterChain.java:149)
	at org.springframework.web.filter.FormContentFilter.doFilterInternal(FormContentFilter.java:93)
	at org.springframework.web.filter.OncePerRequestFilter.doFilter(OncePerRequestFilter.java:116)
	at org.apache.catalina.core.ApplicationFilterChain.internalDoFilter(ApplicationFilterChain.java:174)
	at org.apache.catalina.core.ApplicationFilterChain.doFilter(ApplicationFilterChain.java:149)
	at org.springframework.web.filter.CharacterEncodingFilter.doFilterInternal(CharacterEncodingFilter.java:201)
	at org.springframework.web.filter.OncePerRequestFilter.doFilter(OncePerRequestFilter.java:116)
	at org.apache.catalina.core.ApplicationFilterChain.internalDoFilter(ApplicationFilterChain.java:174)
	at org.apache.catalina.core.ApplicationFilterChain.doFilter(ApplicationFilterChain.java:149)
	at org.apache.catalina.core.StandardWrapperValve.invoke(StandardWrapperValve.java:167)
	at org.apache.catalina.core.StandardContextValve.invoke(StandardContextValve.java:90)
	at org.apache.catalina.authenticator.AuthenticatorBase.invoke(AuthenticatorBase.java:482)
	at org.apache.catalina.core.StandardHostValve.invoke(StandardHostValve.java:115)
	at org.apache.catalina.valves.ErrorReportValve.invoke(ErrorReportValve.java:93)
	at org.apache.catalina.core.StandardEngineValve.invoke(StandardEngineValve.java:74)
	at org.apache.catalina.connector.CoyoteAdapter.service(CoyoteAdapter.java:344)
	at org.apache.coyote.http11.Http11Processor.service(Http11Processor.java:391)
	at org.apache.coyote.AbstractProcessorLight.process(AbstractProcessorLight.java:63)
	at org.apache.coyote.AbstractProtocol$ConnectionHandler.process(AbstractProtocol.java:896)
	at org.apache.tomcat.util.net.NioEndpoint$SocketProcessor.doRun(NioEndpoint.java:1744)
	at org.apache.tomcat.util.net.SocketProcessorBase.run(SocketProcessorBase.java:52)
	at org.apache.tomcat.util.threads.ThreadPoolExecutor.runWorker(ThreadPoolExecutor.java:1191)
	at org.apache.tomcat.util.threads.ThreadPoolExecutor$Worker.run(ThreadPoolExecutor.java:659)
	at org.apache.tomcat.util.threads.TaskThread$WrappingRunnable.run(TaskThread.java:63)
	at java.base/java.lang.Thread.run(Thread.java:1570)
2026-05-05 04:08:53 [http-nio-8080-exec-2] DEBUG org.hibernate.SQL - 
    /* <criteria> */ select
        u1_0.id,
        u1_0.avatar,
        u1_0.created_at,
        u1_0.email,
        u1_0.password,
        u1_0.phone,
        u1_0.real_name,
        u1_0.role,
        u1_0.status,
        u1_0.updated_at,
        u1_0.username 
    from
        users u1_0 
    where
        u1_0.username=?
2026-05-05 04:08:53 [http-nio-8080-exec-2] DEBUG org.hibernate.SQL - 
    /* <criteria> */ select
        s1_0.id,
        s1_0.avatar,
        s1_0.birth_date,
        s1_0.created_at,
        s1_0.email,
        s1_0.emergency_contact,
        s1_0.emergency_phone,
        s1_0.gender,
        s1_0.name,
        s1_0.phone,
        s1_0.status,
        s1_0.updated_at,
        s1_0.user_id 
    from
        students s1_0 
    left join
        users u1_0 
            on u1_0.id=s1_0.user_id 
    where
        u1_0.id=?
2026-05-05 04:08:53 [http-nio-8080-exec-2] DEBUG org.hibernate.SQL - 
    /* SELECT
        e 
    FROM
        Enrollment e 
    WHERE
        e.student.id = :studentId 
        AND e.status NOT IN ('CANCELLED') */ select
            e1_0.id,
            e1_0.cancel_reason,
            e1_0.cancelled_at,
            e1_0.course_id,
            e1_0.created_at,
            e1_0.enrollment_date,
            e1_0.payment_status,
            e1_0.schedule_id,
            e1_0.status,
            e1_0.student_id,
            e1_0.updated_at 
        from
            enrollments e1_0 
        where
            e1_0.student_id=? 
            and e1_0.status not in ('CANCELLED')
2026-05-05 04:08:53 [http-nio-8080-exec-2] DEBUG org.hibernate.SQL - 
    select
        c1_0.id,
        c1_0.capacity,
        c1_0.category,
        c1_0.created_at,
        c1_0.description,
        c1_0.duration,
        c1_0.enrolled_count,
        c1_0.image,
        c1_0.level,
        c1_0.name,
        c1_0.price,
        c1_0.status,
        c1_0.teacher_id,
        c1_0.updated_at 
    from
        courses c1_0 
    where
        c1_0.id=?
2026-05-05 04:08:53 [http-nio-8080-exec-2] DEBUG org.hibernate.SQL - 
    select
        c1_0.id,
        c1_0.capacity,
        c1_0.category,
        c1_0.created_at,
        c1_0.description,
        c1_0.duration,
        c1_0.enrolled_count,
        c1_0.image,
        c1_0.level,
        c1_0.name,
        c1_0.price,
        c1_0.status,
        c1_0.teacher_id,
        c1_0.updated_at 
    from
        courses c1_0 
    where
        c1_0.id=?
2026-05-05 04:08:53 [http-nio-8080-exec-2] DEBUG org.hibernate.SQL - 
    select
        t1_0.id,
        t1_0.avatar,
        t1_0.bio,
        t1_0.created_at,
        t1_0.email,
        t1_0.experience,
        t1_0.name,
        t1_0.phone,
        t1_0.status,
        t1_0.subjects,
        t1_0.updated_at,
        t1_0.user_id 
    from
        teachers t1_0 
    where
        t1_0.id=?
2026-05-05 04:08:54 [http-nio-8080-exec-9] DEBUG org.hibernate.SQL - 
    /* <criteria> */ select
        u1_0.id,
        u1_0.avatar,
        u1_0.created_at,
        u1_0.email,
        u1_0.password,
        u1_0.phone,
        u1_0.real_name,
        u1_0.role,
        u1_0.status,
        u1_0.updated_at,
        u1_0.username 
    from
        users u1_0 
    where
        u1_0.username=?
2026-05-05 04:08:54 [http-nio-8080-exec-8] DEBUG org.hibernate.SQL - 
    /* <criteria> */ select
        u1_0.id,
        u1_0.avatar,
        u1_0.created_at,
        u1_0.email,
        u1_0.password,
        u1_0.phone,
        u1_0.real_name,
        u1_0.role,
        u1_0.status,
        u1_0.updated_at,
        u1_0.username 
    from
        users u1_0 
    where
        u1_0.username=?
2026-05-05 04:08:54 [http-nio-8080-exec-8] DEBUG org.hibernate.SQL - 
    /* <criteria> */ select
        c1_0.id,
        c1_0.capacity,
        c1_0.category,
        c1_0.created_at,
        c1_0.description,
        c1_0.duration,
        c1_0.enrolled_count,
        c1_0.image,
        c1_0.level,
        c1_0.name,
        c1_0.price,
        c1_0.status,
        c1_0.teacher_id,
        c1_0.updated_at 
    from
        courses c1_0 
    where
        c1_0.status=? 
    limit
        ?, ?
2026-05-05 04:08:54 [http-nio-8080-exec-9] DEBUG org.hibernate.SQL - 
    /* <criteria> */ select
        s1_0.id,
        s1_0.avatar,
        s1_0.birth_date,
        s1_0.created_at,
        s1_0.email,
        s1_0.emergency_contact,
        s1_0.emergency_phone,
        s1_0.gender,
        s1_0.name,
        s1_0.phone,
        s1_0.status,
        s1_0.updated_at,
        s1_0.user_id 
    from
        students s1_0 
    left join
        users u1_0 
            on u1_0.id=s1_0.user_id 
    where
        u1_0.id=?
2026-05-05 04:08:54 [http-nio-8080-exec-8] DEBUG org.hibernate.SQL - 
    select
        t1_0.id,
        t1_0.avatar,
        t1_0.bio,
        t1_0.created_at,
        t1_0.email,
        t1_0.experience,
        t1_0.name,
        t1_0.phone,
        t1_0.status,
        t1_0.subjects,
        t1_0.updated_at,
        t1_0.user_id 
    from
        teachers t1_0 
    where
        t1_0.id=?
2026-05-05 04:08:54 [http-nio-8080-exec-8] DEBUG org.hibernate.SQL - 
    select
        t1_0.id,
        t1_0.avatar,
        t1_0.bio,
        t1_0.created_at,
        t1_0.email,
        t1_0.experience,
        t1_0.name,
        t1_0.phone,
        t1_0.status,
        t1_0.subjects,
        t1_0.updated_at,
        t1_0.user_id 
    from
        teachers t1_0 
    where
        t1_0.id=?
2026-05-05 04:08:54 [http-nio-8080-exec-9] DEBUG org.hibernate.SQL - 
    /* SELECT
        e 
    FROM
        Enrollment e 
    WHERE
        e.student.id = :studentId 
        AND e.status NOT IN ('CANCELLED') */ select
            e1_0.id,
            e1_0.cancel_reason,
            e1_0.cancelled_at,
            e1_0.course_id,
            e1_0.created_at,
            e1_0.enrollment_date,
            e1_0.payment_status,
            e1_0.schedule_id,
            e1_0.status,
            e1_0.student_id,
            e1_0.updated_at 
        from
            enrollments e1_0 
        where
            e1_0.student_id=? 
            and e1_0.status not in ('CANCELLED')
2026-05-05 04:08:54 [http-nio-8080-exec-9] DEBUG org.hibernate.SQL - 
    select
        c1_0.id,
        c1_0.capacity,
        c1_0.category,
        c1_0.created_at,
        c1_0.description,
        c1_0.duration,
        c1_0.enrolled_count,
        c1_0.image,
        c1_0.level,
        c1_0.name,
        c1_0.price,
        c1_0.status,
        c1_0.teacher_id,
        c1_0.updated_at 
    from
        courses c1_0 
    where
        c1_0.id=?
2026-05-05 04:08:54 [http-nio-8080-exec-9] DEBUG org.hibernate.SQL - 
    select
        c1_0.id,
        c1_0.capacity,
        c1_0.category,
        c1_0.created_at,
        c1_0.description,
        c1_0.duration,
        c1_0.enrolled_count,
        c1_0.image,
        c1_0.level,
        c1_0.name,
        c1_0.price,
        c1_0.status,
        c1_0.teacher_id,
        c1_0.updated_at 
    from
        courses c1_0 
    where
        c1_0.id=?
2026-05-05 04:08:54 [http-nio-8080-exec-9] DEBUG org.hibernate.SQL - 
    select
        t1_0.id,
        t1_0.avatar,
        t1_0.bio,
        t1_0.created_at,
        t1_0.email,
        t1_0.experience,
        t1_0.name,
        t1_0.phone,
        t1_0.status,
        t1_0.subjects,
        t1_0.updated_at,
        t1_0.user_id 
    from
        teachers t1_0 
    where
        t1_0.id=?
2026-05-05 04:08:58 [http-nio-8080-exec-6] DEBUG org.hibernate.SQL - 
    /* <criteria> */ select
        u1_0.id,
        u1_0.avatar,
        u1_0.created_at,
        u1_0.email,
        u1_0.password,
        u1_0.phone,
        u1_0.real_name,
        u1_0.role,
        u1_0.status,
        u1_0.updated_at,
        u1_0.username 
    from
        users u1_0 
    where
        u1_0.username=?
2026-05-05 04:08:58 [http-nio-8080-exec-6] DEBUG org.hibernate.SQL - 
    /* <criteria> */ select
        c1_0.id,
        c1_0.capacity,
        c1_0.category,
        c1_0.created_at,
        c1_0.description,
        c1_0.duration,
        c1_0.enrolled_count,
        c1_0.image,
        c1_0.level,
        c1_0.name,
        c1_0.price,
        c1_0.status,
        c1_0.teacher_id,
        c1_0.updated_at 
    from
        courses c1_0 
    where
        c1_0.name like ? escape '\\' 
    limit
        ?, ?
2026-05-05 04:09:04 [http-nio-8080-exec-5] DEBUG org.hibernate.SQL - 
    /* <criteria> */ select
        u1_0.id,
        u1_0.avatar,
        u1_0.created_at,
        u1_0.email,
        u1_0.password,
        u1_0.phone,
        u1_0.real_name,
        u1_0.role,
        u1_0.status,
        u1_0.updated_at,
        u1_0.username 
    from
        users u1_0 
    where
        u1_0.username=?
2026-05-05 04:09:07 [http-nio-8080-exec-2] DEBUG org.hibernate.SQL - 
    /* <criteria> */ select
        u1_0.id,
        u1_0.avatar,
        u1_0.created_at,
        u1_0.email,
        u1_0.password,
        u1_0.phone,
        u1_0.real_name,
        u1_0.role,
        u1_0.status,
        u1_0.updated_at,
        u1_0.username 
    from
        users u1_0 
    where
        u1_0.username=?
2026-05-05 04:09:07 [http-nio-8080-exec-2] DEBUG org.hibernate.SQL - 
    /* <criteria> */ select
        c1_0.id,
        c1_0.capacity,
        c1_0.category,
        c1_0.created_at,
        c1_0.description,
        c1_0.duration,
        c1_0.enrolled_count,
        c1_0.image,
        c1_0.level,
        c1_0.name,
        c1_0.price,
        c1_0.status,
        c1_0.teacher_id,
        c1_0.updated_at 
    from
        courses c1_0 
    left join
        teachers t1_0 
            on t1_0.id=c1_0.teacher_id 
    where
        t1_0.id=?
2026-05-05 04:09:11 [http-nio-8080-exec-7] DEBUG org.hibernate.SQL - 
    /* <criteria> */ select
        u1_0.id,
        u1_0.avatar,
        u1_0.created_at,
        u1_0.email,
        u1_0.password,
        u1_0.phone,
        u1_0.real_name,
        u1_0.role,
        u1_0.status,
        u1_0.updated_at,
        u1_0.username 
    from
        users u1_0 
    where
        u1_0.username=?
2026-05-05 04:09:11 [http-nio-8080-exec-7] DEBUG org.hibernate.SQL - 
    /* <criteria> */ select
        c1_0.id,
        c1_0.capacity,
        c1_0.category,
        c1_0.created_at,
        c1_0.description,
        c1_0.duration,
        c1_0.enrolled_count,
        c1_0.image,
        c1_0.level,
        c1_0.name,
        c1_0.price,
        c1_0.status,
        c1_0.teacher_id,
        c1_0.updated_at 
    from
        courses c1_0 
    left join
        teachers t1_0 
            on t1_0.id=c1_0.teacher_id 
    where
        t1_0.id=?
2026-05-05 04:09:21 [http-nio-8080-exec-3] DEBUG org.hibernate.SQL - 
    /* <criteria> */ select
        u1_0.id,
        u1_0.avatar,
        u1_0.created_at,
        u1_0.email,
        u1_0.password,
        u1_0.phone,
        u1_0.real_name,
        u1_0.role,
        u1_0.status,
        u1_0.updated_at,
        u1_0.username 
    from
        users u1_0 
    where
        u1_0.username=?
2026-05-05 04:09:21 [http-nio-8080-exec-3] DEBUG org.hibernate.SQL - 
    /* <criteria> */ select
        c1_0.id,
        c1_0.capacity,
        c1_0.category,
        c1_0.created_at,
        c1_0.description,
        c1_0.duration,
        c1_0.enrolled_count,
        c1_0.image,
        c1_0.level,
        c1_0.name,
        c1_0.price,
        c1_0.status,
        c1_0.teacher_id,
        c1_0.updated_at 
    from
        courses c1_0 
    left join
        teachers t1_0 
            on t1_0.id=c1_0.teacher_id 
    where
        t1_0.id=?
2026-05-05 04:10:45 [http-nio-8080-exec-8] DEBUG org.hibernate.SQL - 
    /* <criteria> */ select
        u1_0.id,
        u1_0.avatar,
        u1_0.created_at,
        u1_0.email,
        u1_0.password,
        u1_0.phone,
        u1_0.real_name,
        u1_0.role,
        u1_0.status,
        u1_0.updated_at,
        u1_0.username 
    from
        users u1_0 
    where
        u1_0.username=?
2026-05-05 04:10:45 [http-nio-8080-exec-8] DEBUG org.hibernate.SQL - 
    /* <criteria> */ select
        c1_0.id,
        c1_0.capacity,
        c1_0.category,
        c1_0.created_at,
        c1_0.description,
        c1_0.duration,
        c1_0.enrolled_count,
        c1_0.image,
        c1_0.level,
        c1_0.name,
        c1_0.price,
        c1_0.status,
        c1_0.teacher_id,
        c1_0.updated_at 
    from
        courses c1_0 
    left join
        teachers t1_0 
            on t1_0.id=c1_0.teacher_id 
    where
        t1_0.id=?
2026-05-05 04:10:56 [http-nio-8080-exec-1] DEBUG org.hibernate.SQL - 
    /* <criteria> */ select
        u1_0.id,
        u1_0.avatar,
        u1_0.created_at,
        u1_0.email,
        u1_0.password,
        u1_0.phone,
        u1_0.real_name,
        u1_0.role,
        u1_0.status,
        u1_0.updated_at,
        u1_0.username 
    from
        users u1_0 
    where
        u1_0.username=?
2026-05-05 04:10:56 [http-nio-8080-exec-1] DEBUG org.hibernate.SQL - 
    /* <criteria> */ select
        c1_0.id,
        c1_0.capacity,
        c1_0.category,
        c1_0.created_at,
        c1_0.description,
        c1_0.duration,
        c1_0.enrolled_count,
        c1_0.image,
        c1_0.level,
        c1_0.name,
        c1_0.price,
        c1_0.status,
        c1_0.teacher_id,
        c1_0.updated_at 
    from
        courses c1_0 
    left join
        teachers t1_0 
            on t1_0.id=c1_0.teacher_id 
    where
        t1_0.id=?
2026-05-05 04:12:20 [http-nio-8080-exec-10] DEBUG org.hibernate.SQL - 
    /* <criteria> */ select
        u1_0.id,
        u1_0.avatar,
        u1_0.created_at,
        u1_0.email,
        u1_0.password,
        u1_0.phone,
        u1_0.real_name,
        u1_0.role,
        u1_0.status,
        u1_0.updated_at,
        u1_0.username 
    from
        users u1_0 
    where
        u1_0.username=?
2026-05-05 04:12:20 [http-nio-8080-exec-10] DEBUG org.hibernate.SQL - 
    /* <criteria> */ select
        c1_0.id,
        c1_0.capacity,
        c1_0.category,
        c1_0.created_at,
        c1_0.description,
        c1_0.duration,
        c1_0.enrolled_count,
        c1_0.image,
        c1_0.level,
        c1_0.name,
        c1_0.price,
        c1_0.status,
        c1_0.teacher_id,
        c1_0.updated_at 
    from
        courses c1_0 
    left join
        teachers t1_0 
            on t1_0.id=c1_0.teacher_id 
    where
        t1_0.id=?
2026-05-05 04:12:29 [http-nio-8080-exec-4] DEBUG org.hibernate.SQL - 
    /* <criteria> */ select
        u1_0.id,
        u1_0.avatar,
        u1_0.created_at,
        u1_0.email,
        u1_0.password,
        u1_0.phone,
        u1_0.real_name,
        u1_0.role,
        u1_0.status,
        u1_0.updated_at,
        u1_0.username 
    from
        users u1_0 
    where
        u1_0.username=?
2026-05-05 04:12:29 [http-nio-8080-exec-4] DEBUG org.hibernate.SQL - 
    /* <criteria> */ select
        c1_0.id,
        c1_0.capacity,
        c1_0.category,
        c1_0.created_at,
        c1_0.description,
        c1_0.duration,
        c1_0.enrolled_count,
        c1_0.image,
        c1_0.level,
        c1_0.name,
        c1_0.price,
        c1_0.status,
        c1_0.teacher_id,
        c1_0.updated_at 
    from
        courses c1_0 
    left join
        teachers t1_0 
            on t1_0.id=c1_0.teacher_id 
    where
        t1_0.id=?
2026-05-05 04:12:39 [http-nio-8080-exec-9] DEBUG org.hibernate.SQL - 
    /* <criteria> */ select
        u1_0.id,
        u1_0.avatar,
        u1_0.created_at,
        u1_0.email,
        u1_0.password,
        u1_0.phone,
        u1_0.real_name,
        u1_0.role,
        u1_0.status,
        u1_0.updated_at,
        u1_0.username 
    from
        users u1_0 
    where
        u1_0.username=?
2026-05-05 04:12:39 [http-nio-8080-exec-9] DEBUG org.hibernate.SQL - 
    /* <criteria> */ select
        c1_0.id,
        c1_0.capacity,
        c1_0.category,
        c1_0.created_at,
        c1_0.description,
        c1_0.duration,
        c1_0.enrolled_count,
        c1_0.image,
        c1_0.level,
        c1_0.name,
        c1_0.price,
        c1_0.status,
        c1_0.teacher_id,
        c1_0.updated_at 
    from
        courses c1_0 
    left join
        teachers t1_0 
            on t1_0.id=c1_0.teacher_id 
    where
        t1_0.id=?
2026-05-05 04:12:47 [http-nio-8080-exec-6] DEBUG org.hibernate.SQL - 
    /* <criteria> */ select
        u1_0.id,
        u1_0.avatar,
        u1_0.created_at,
        u1_0.email,
        u1_0.password,
        u1_0.phone,
        u1_0.real_name,
        u1_0.role,
        u1_0.status,
        u1_0.updated_at,
        u1_0.username 
    from
        users u1_0 
    where
        u1_0.username=?
2026-05-05 04:12:47 [http-nio-8080-exec-6] WARN  c.e.b.config.GlobalExceptionHandler - [TypeMismatch] /api/teachers/me - 参数类型错误: id 应为 Long类型
2026-05-05 04:13:04 [SpringApplicationShutdownHook] INFO  o.s.o.j.LocalContainerEntityManagerFactoryBean - Closing JPA EntityManagerFactory for persistence unit 'default'
2026-05-05 04:13:04 [SpringApplicationShutdownHook] INFO  com.zaxxer.hikari.HikariDataSource - HikariPool-1 - Shutdown initiated...
2026-05-05 04:13:04 [SpringApplicationShutdownHook] INFO  com.zaxxer.hikari.HikariDataSource - HikariPool-1 - Shutdown completed.
2026-05-05 04:13:11 [main] INFO  c.example.backend.BackendApplication - Starting BackendApplication using Java 22.0.2 with PID 14456 (C:\Users\YunH\Desktop\街舞系统\backend\target\classes started by YunH in C:\Users\YunH\Desktop\街舞系统)
2026-05-05 04:13:11 [main] DEBUG c.example.backend.BackendApplication - Running with Spring Boot v3.2.4, Spring v6.1.5
2026-05-05 04:13:11 [main] INFO  c.example.backend.BackendApplication - No active profile set, falling back to 1 default profile: "default"
2026-05-05 04:13:11 [main] INFO  o.s.d.r.c.RepositoryConfigurationDelegate - Bootstrapping Spring Data JPA repositories in DEFAULT mode.
2026-05-05 04:13:11 [main] INFO  o.s.d.r.c.RepositoryConfigurationDelegate - Finished Spring Data repository scanning in 54 ms. Found 10 JPA repository interfaces.
2026-05-05 04:13:12 [main] INFO  o.s.b.w.e.tomcat.TomcatWebServer - Tomcat initialized with port 8080 (http)
2026-05-05 04:13:12 [main] INFO  o.a.catalina.core.StandardService - Starting service [Tomcat]
2026-05-05 04:13:12 [main] INFO  o.a.catalina.core.StandardEngine - Starting Servlet engine: [Apache Tomcat/10.1.19]
2026-05-05 04:13:12 [main] INFO  o.a.c.c.C.[Tomcat].[localhost].[/] - Initializing Spring embedded WebApplicationContext
2026-05-05 04:13:12 [main] INFO  o.s.b.w.s.c.ServletWebServerApplicationContext - Root WebApplicationContext: initialization completed in 1133 ms
2026-05-05 04:13:12 [main] INFO  com.zaxxer.hikari.HikariDataSource - HikariPool-1 - Starting...
2026-05-05 04:13:12 [main] INFO  com.zaxxer.hikari.pool.HikariPool - HikariPool-1 - Added connection com.mysql.cj.jdbc.ConnectionImpl@5d1bdd4a
2026-05-05 04:13:12 [main] INFO  com.zaxxer.hikari.HikariDataSource - HikariPool-1 - Start completed.
2026-05-05 04:13:12 [main] INFO  o.h.jpa.internal.util.LogHelper - HHH000204: Processing PersistenceUnitInfo [name: default]
2026-05-05 04:13:12 [main] INFO  org.hibernate.Version - HHH000412: Hibernate ORM core version 6.4.4.Final
2026-05-05 04:13:12 [main] INFO  o.h.c.i.RegionFactoryInitiator - HHH000026: Second-level cache disabled
2026-05-05 04:13:12 [main] INFO  o.s.o.j.p.SpringPersistenceUnitInfo - No LoadTimeWeaver setup: ignoring JPA class transformer
2026-05-05 04:13:12 [main] WARN  org.hibernate.dialect.Dialect - HHH000511: The 5.5.0 version for [org.hibernate.dialect.MySQLDialect] is no longer supported, hence certain features may not work properly. The minimum supported version is 8.0.0. Check the community dialects project for available legacy versions.
2026-05-05 04:13:12 [main] WARN  org.hibernate.orm.deprecation - HHH90000025: MySQLDialect does not need to be specified explicitly using 'hibernate.dialect' (remove the property setting and it will be selected by default)
2026-05-05 04:13:13 [main] INFO  o.h.e.t.j.p.i.JtaPlatformInitiator - HHH000489: No JTA platform available (set 'hibernate.transaction.jta.platform' to enable JTA platform integration)
2026-05-05 04:13:14 [main] INFO  o.s.o.j.LocalContainerEntityManagerFactoryBean - Initialized JPA EntityManagerFactory for persistence unit 'default'
2026-05-05 04:13:14 [main] DEBUG c.e.b.s.JwtAuthenticationFilter - Filter 'jwtAuthenticationFilter' configured for use
2026-05-05 04:13:14 [main] INFO  o.s.d.j.r.query.QueryEnhancerFactory - Hibernate is in classpath; If applicable, HQL parser will be used.
2026-05-05 04:13:15 [main] INFO  c.e.b.service.FileUploadService - 文件上传目录: C:\Users\YunH\Desktop\街舞系统\upload
2026-05-05 04:13:15 [main] INFO  c.e.b.service.FileUploadService - 上传目录创建成功
2026-05-05 04:13:15 [main] WARN  o.s.b.a.o.j.JpaBaseConfiguration$JpaWebConfiguration - spring.jpa.open-in-view is enabled by default. Therefore, database queries may be performed during view rendering. Explicitly configure spring.jpa.open-in-view to disable this warning
2026-05-05 04:13:15 [main] INFO  o.s.s.web.DefaultSecurityFilterChain - Will secure any request with [org.springframework.security.web.session.DisableEncodeUrlFilter@473dbad, org.springframework.security.web.context.request.async.WebAsyncManagerIntegrationFilter@2447e2e, org.springframework.security.web.context.SecurityContextHolderFilter@3f1e530c, org.springframework.security.web.header.HeaderWriterFilter@136fea21, org.springframework.web.filter.CorsFilter@445944ea, org.springframework.security.web.authentication.logout.LogoutFilter@310d05c5, com.example.backend.security.JwtAuthenticationFilter@5cfde2a4, org.springframework.security.web.savedrequest.RequestCacheAwareFilter@13ed9738, org.springframework.security.web.servletapi.SecurityContextHolderAwareRequestFilter@598de6bf, org.springframework.security.web.authentication.AnonymousAuthenticationFilter@eeb2e0c, org.springframework.security.web.session.SessionManagementFilter@de58d71, org.springframework.security.web.access.ExceptionTranslationFilter@36598d1d, org.springframework.security.web.access.intercept.AuthorizationFilter@cd14c09]
2026-05-05 04:13:15 [main] INFO  o.s.b.w.e.tomcat.TomcatWebServer - Tomcat started on port 8080 (http) with context path ''
2026-05-05 04:13:15 [main] INFO  c.example.backend.BackendApplication - Started BackendApplication in 5.317 seconds (process running for 5.933)
2026-05-05 04:13:20 [http-nio-8080-exec-1] INFO  o.a.c.c.C.[Tomcat].[localhost].[/] - Initializing Spring DispatcherServlet 'dispatcherServlet'
2026-05-05 04:13:20 [http-nio-8080-exec-1] INFO  o.s.web.servlet.DispatcherServlet - Initializing Servlet 'dispatcherServlet'
2026-05-05 04:13:20 [http-nio-8080-exec-1] INFO  o.s.web.servlet.DispatcherServlet - Completed initialization in 1 ms
2026-05-05 04:13:20 [http-nio-8080-exec-1] DEBUG org.hibernate.SQL - 
    /* <criteria> */ select
        u1_0.id,
        u1_0.avatar,
        u1_0.created_at,
        u1_0.email,
        u1_0.password,
        u1_0.phone,
        u1_0.real_name,
        u1_0.role,
        u1_0.status,
        u1_0.updated_at,
        u1_0.username 
    from
        users u1_0 
    where
        u1_0.username=?
2026-05-05 04:13:21 [http-nio-8080-exec-1] DEBUG org.hibernate.SQL - 
    select
        u1_0.id,
        u1_0.avatar,
        u1_0.created_at,
        u1_0.email,
        u1_0.password,
        u1_0.phone,
        u1_0.real_name,
        u1_0.role,
        u1_0.status,
        u1_0.updated_at,
        u1_0.username 
    from
        users u1_0 
    where
        u1_0.id=?
2026-05-05 04:13:21 [http-nio-8080-exec-6] DEBUG org.hibernate.SQL - 
    /* <criteria> */ select
        u1_0.id,
        u1_0.avatar,
        u1_0.created_at,
        u1_0.email,
        u1_0.password,
        u1_0.phone,
        u1_0.real_name,
        u1_0.role,
        u1_0.status,
        u1_0.updated_at,
        u1_0.username 
    from
        users u1_0 
    where
        u1_0.username=?
2026-05-05 04:13:21 [http-nio-8080-exec-6] ERROR c.e.b.config.GlobalExceptionHandler - [RuntimeException] /api/teachers/me - For input string: "teacher001"
java.lang.NumberFormatException: For input string: "teacher001"
	at java.base/java.lang.NumberFormatException.forInputString(NumberFormatException.java:67)
	at java.base/java.lang.Long.parseLong(Long.java:618)
	at java.base/java.lang.Long.parseLong(Long.java:722)
	at com.example.backend.controller.TeacherController.getUserIdFromUserDetails(TeacherController.java:162)
	at com.example.backend.controller.TeacherController.getCurrentTeacher(TeacherController.java:152)
	at java.base/jdk.internal.reflect.DirectMethodHandleAccessor.invoke(DirectMethodHandleAccessor.java:103)
	at java.base/java.lang.reflect.Method.invoke(Method.java:580)
	at org.springframework.aop.support.AopUtils.invokeJoinpointUsingReflection(AopUtils.java:351)
	at org.springframework.aop.framework.ReflectiveMethodInvocation.invokeJoinpoint(ReflectiveMethodInvocation.java:196)
	at org.springframework.aop.framework.ReflectiveMethodInvocation.proceed(ReflectiveMethodInvocation.java:163)
	at org.springframework.aop.framework.CglibAopProxy$CglibMethodInvocation.proceed(CglibAopProxy.java:765)
	at org.springframework.security.authorization.method.AuthorizationManagerBeforeMethodInterceptor.invoke(AuthorizationManagerBeforeMethodInterceptor.java:198)
	at org.springframework.aop.framework.ReflectiveMethodInvocation.proceed(ReflectiveMethodInvocation.java:184)
	at org.springframework.aop.framework.CglibAopProxy$CglibMethodInvocation.proceed(CglibAopProxy.java:765)
	at org.springframework.aop.framework.CglibAopProxy$DynamicAdvisedInterceptor.intercept(CglibAopProxy.java:717)
	at com.example.backend.controller.TeacherController$$SpringCGLIB$$0.getCurrentTeacher(<generated>)
	at java.base/jdk.internal.reflect.DirectMethodHandleAccessor.invoke(DirectMethodHandleAccessor.java:103)
	at java.base/java.lang.reflect.Method.invoke(Method.java:580)
	at org.springframework.web.method.support.InvocableHandlerMethod.doInvoke(InvocableHandlerMethod.java:255)
	at org.springframework.web.method.support.InvocableHandlerMethod.invokeForRequest(InvocableHandlerMethod.java:188)
	at org.springframework.web.servlet.mvc.method.annotation.ServletInvocableHandlerMethod.invokeAndHandle(ServletInvocableHandlerMethod.java:118)
	at org.springframework.web.servlet.mvc.method.annotation.RequestMappingHandlerAdapter.invokeHandlerMethod(RequestMappingHandlerAdapter.java:925)
	at org.springframework.web.servlet.mvc.method.annotation.RequestMappingHandlerAdapter.handleInternal(RequestMappingHandlerAdapter.java:830)
	at org.springframework.web.servlet.mvc.method.AbstractHandlerMethodAdapter.handle(AbstractHandlerMethodAdapter.java:87)
	at org.springframework.web.servlet.DispatcherServlet.doDispatch(DispatcherServlet.java:1089)
	at org.springframework.web.servlet.DispatcherServlet.doService(DispatcherServlet.java:979)
	at org.springframework.web.servlet.FrameworkServlet.processRequest(FrameworkServlet.java:1014)
	at org.springframework.web.servlet.FrameworkServlet.doGet(FrameworkServlet.java:903)
	at jakarta.servlet.http.HttpServlet.service(HttpServlet.java:564)
	at org.springframework.web.servlet.FrameworkServlet.service(FrameworkServlet.java:885)
	at jakarta.servlet.http.HttpServlet.service(HttpServlet.java:658)
	at org.apache.catalina.core.ApplicationFilterChain.internalDoFilter(ApplicationFilterChain.java:205)
	at org.apache.catalina.core.ApplicationFilterChain.doFilter(ApplicationFilterChain.java:149)
	at org.apache.tomcat.websocket.server.WsFilter.doFilter(WsFilter.java:51)
	at org.apache.catalina.core.ApplicationFilterChain.internalDoFilter(ApplicationFilterChain.java:174)
	at org.apache.catalina.core.ApplicationFilterChain.doFilter(ApplicationFilterChain.java:149)
	at org.springframework.web.filter.OncePerRequestFilter.doFilter(OncePerRequestFilter.java:110)
	at org.apache.catalina.core.ApplicationFilterChain.internalDoFilter(ApplicationFilterChain.java:174)
	at org.apache.catalina.core.ApplicationFilterChain.doFilter(ApplicationFilterChain.java:149)
	at org.springframework.web.filter.CompositeFilter$VirtualFilterChain.doFilter(CompositeFilter.java:108)
	at org.springframework.security.web.FilterChainProxy.lambda$doFilterInternal$3(FilterChainProxy.java:231)
	at org.springframework.security.web.FilterChainProxy$VirtualFilterChain.doFilter(FilterChainProxy.java:365)
	at org.springframework.security.web.access.intercept.AuthorizationFilter.doFilter(AuthorizationFilter.java:100)
	at org.springframework.security.web.FilterChainProxy$VirtualFilterChain.doFilter(FilterChainProxy.java:374)
	at org.springframework.security.web.access.ExceptionTranslationFilter.doFilter(ExceptionTranslationFilter.java:126)
	at org.springframework.security.web.access.ExceptionTranslationFilter.doFilter(ExceptionTranslationFilter.java:120)
	at org.springframework.security.web.FilterChainProxy$VirtualFilterChain.doFilter(FilterChainProxy.java:374)
	at org.springframework.security.web.session.SessionManagementFilter.doFilter(SessionManagementFilter.java:131)
	at org.springframework.security.web.session.SessionManagementFilter.doFilter(SessionManagementFilter.java:85)
	at org.springframework.security.web.FilterChainProxy$VirtualFilterChain.doFilter(FilterChainProxy.java:374)
	at org.springframework.security.web.authentication.AnonymousAuthenticationFilter.doFilter(AnonymousAuthenticationFilter.java:100)
	at org.springframework.security.web.FilterChainProxy$VirtualFilterChain.doFilter(FilterChainProxy.java:374)
	at org.springframework.security.web.servletapi.SecurityContextHolderAwareRequestFilter.doFilter(SecurityContextHolderAwareRequestFilter.java:179)
	at org.springframework.security.web.FilterChainProxy$VirtualFilterChain.doFilter(FilterChainProxy.java:374)
	at org.springframework.security.web.savedrequest.RequestCacheAwareFilter.doFilter(RequestCacheAwareFilter.java:63)
	at org.springframework.security.web.FilterChainProxy$VirtualFilterChain.doFilter(FilterChainProxy.java:374)
	at com.example.backend.security.JwtAuthenticationFilter.doFilterInternal(JwtAuthenticationFilter.java:51)
	at org.springframework.web.filter.OncePerRequestFilter.doFilter(OncePerRequestFilter.java:116)
	at org.springframework.security.web.FilterChainProxy$VirtualFilterChain.doFilter(FilterChainProxy.java:374)
	at org.springframework.security.web.authentication.logout.LogoutFilter.doFilter(LogoutFilter.java:107)
	at org.springframework.security.web.authentication.logout.LogoutFilter.doFilter(LogoutFilter.java:93)
	at org.springframework.security.web.FilterChainProxy$VirtualFilterChain.doFilter(FilterChainProxy.java:374)
	at org.springframework.web.filter.CorsFilter.doFilterInternal(CorsFilter.java:91)
	at org.springframework.web.filter.OncePerRequestFilter.doFilter(OncePerRequestFilter.java:116)
	at org.springframework.security.web.FilterChainProxy$VirtualFilterChain.doFilter(FilterChainProxy.java:374)
	at org.springframework.security.web.header.HeaderWriterFilter.doHeadersAfter(HeaderWriterFilter.java:90)
	at org.springframework.security.web.header.HeaderWriterFilter.doFilterInternal(HeaderWriterFilter.java:75)
	at org.springframework.web.filter.OncePerRequestFilter.doFilter(OncePerRequestFilter.java:116)
	at org.springframework.security.web.FilterChainProxy$VirtualFilterChain.doFilter(FilterChainProxy.java:374)
	at org.springframework.security.web.context.SecurityContextHolderFilter.doFilter(SecurityContextHolderFilter.java:82)
	at org.springframework.security.web.context.SecurityContextHolderFilter.doFilter(SecurityContextHolderFilter.java:69)
	at org.springframework.security.web.FilterChainProxy$VirtualFilterChain.doFilter(FilterChainProxy.java:374)
	at org.springframework.security.web.context.request.async.WebAsyncManagerIntegrationFilter.doFilterInternal(WebAsyncManagerIntegrationFilter.java:62)
	at org.springframework.web.filter.OncePerRequestFilter.doFilter(OncePerRequestFilter.java:116)
	at org.springframework.security.web.FilterChainProxy$VirtualFilterChain.doFilter(FilterChainProxy.java:374)
	at org.springframework.security.web.session.DisableEncodeUrlFilter.doFilterInternal(DisableEncodeUrlFilter.java:42)
	at org.springframework.web.filter.OncePerRequestFilter.doFilter(OncePerRequestFilter.java:116)
	at org.springframework.security.web.FilterChainProxy$VirtualFilterChain.doFilter(FilterChainProxy.java:374)
	at org.springframework.security.web.FilterChainProxy.doFilterInternal(FilterChainProxy.java:233)
	at org.springframework.security.web.FilterChainProxy.doFilter(FilterChainProxy.java:191)
	at org.springframework.web.filter.CompositeFilter$VirtualFilterChain.doFilter(CompositeFilter.java:113)
	at org.springframework.web.servlet.handler.HandlerMappingIntrospector.lambda$createCacheFilter$3(HandlerMappingIntrospector.java:195)
	at org.springframework.web.filter.CompositeFilter$VirtualFilterChain.doFilter(CompositeFilter.java:113)
	at org.springframework.web.filter.CompositeFilter.doFilter(CompositeFilter.java:74)
	at org.springframework.security.config.annotation.web.configuration.WebMvcSecurityConfiguration$CompositeFilterChainProxy.doFilter(WebMvcSecurityConfiguration.java:230)
	at org.springframework.web.filter.DelegatingFilterProxy.invokeDelegate(DelegatingFilterProxy.java:352)
	at org.springframework.web.filter.DelegatingFilterProxy.doFilter(DelegatingFilterProxy.java:268)
	at org.apache.catalina.core.ApplicationFilterChain.internalDoFilter(ApplicationFilterChain.java:174)
	at org.apache.catalina.core.ApplicationFilterChain.doFilter(ApplicationFilterChain.java:149)
	at org.springframework.web.filter.RequestContextFilter.doFilterInternal(RequestContextFilter.java:100)
	at org.springframework.web.filter.OncePerRequestFilter.doFilter(OncePerRequestFilter.java:116)
	at org.apache.catalina.core.ApplicationFilterChain.internalDoFilter(ApplicationFilterChain.java:174)
	at org.apache.catalina.core.ApplicationFilterChain.doFilter(ApplicationFilterChain.java:149)
	at org.springframework.web.filter.FormContentFilter.doFilterInternal(FormContentFilter.java:93)
	at org.springframework.web.filter.OncePerRequestFilter.doFilter(OncePerRequestFilter.java:116)
	at org.apache.catalina.core.ApplicationFilterChain.internalDoFilter(ApplicationFilterChain.java:174)
	at org.apache.catalina.core.ApplicationFilterChain.doFilter(ApplicationFilterChain.java:149)
	at org.springframework.web.filter.CharacterEncodingFilter.doFilterInternal(CharacterEncodingFilter.java:201)
	at org.springframework.web.filter.OncePerRequestFilter.doFilter(OncePerRequestFilter.java:116)
	at org.apache.catalina.core.ApplicationFilterChain.internalDoFilter(ApplicationFilterChain.java:174)
	at org.apache.catalina.core.ApplicationFilterChain.doFilter(ApplicationFilterChain.java:149)
	at org.apache.catalina.core.StandardWrapperValve.invoke(StandardWrapperValve.java:167)
	at org.apache.catalina.core.StandardContextValve.invoke(StandardContextValve.java:90)
	at org.apache.catalina.authenticator.AuthenticatorBase.invoke(AuthenticatorBase.java:482)
	at org.apache.catalina.core.StandardHostValve.invoke(StandardHostValve.java:115)
	at org.apache.catalina.valves.ErrorReportValve.invoke(ErrorReportValve.java:93)
	at org.apache.catalina.core.StandardEngineValve.invoke(StandardEngineValve.java:74)
	at org.apache.catalina.connector.CoyoteAdapter.service(CoyoteAdapter.java:344)
	at org.apache.coyote.http11.Http11Processor.service(Http11Processor.java:391)
	at org.apache.coyote.AbstractProcessorLight.process(AbstractProcessorLight.java:63)
	at org.apache.coyote.AbstractProtocol$ConnectionHandler.process(AbstractProtocol.java:896)
	at org.apache.tomcat.util.net.NioEndpoint$SocketProcessor.doRun(NioEndpoint.java:1744)
	at org.apache.tomcat.util.net.SocketProcessorBase.run(SocketProcessorBase.java:52)
	at org.apache.tomcat.util.threads.ThreadPoolExecutor.runWorker(ThreadPoolExecutor.java:1191)
	at org.apache.tomcat.util.threads.ThreadPoolExecutor$Worker.run(ThreadPoolExecutor.java:659)
	at org.apache.tomcat.util.threads.TaskThread$WrappingRunnable.run(TaskThread.java:63)
	at java.base/java.lang.Thread.run(Thread.java:1570)
2026-05-05 04:13:25 [http-nio-8080-exec-4] DEBUG org.hibernate.SQL - 
    /* <criteria> */ select
        u1_0.id,
        u1_0.avatar,
        u1_0.created_at,
        u1_0.email,
        u1_0.password,
        u1_0.phone,
        u1_0.real_name,
        u1_0.role,
        u1_0.status,
        u1_0.updated_at,
        u1_0.username 
    from
        users u1_0 
    where
        u1_0.username=?
2026-05-05 04:13:25 [http-nio-8080-exec-4] DEBUG org.hibernate.SQL - 
    select
        u1_0.id,
        u1_0.avatar,
        u1_0.created_at,
        u1_0.email,
        u1_0.password,
        u1_0.phone,
        u1_0.real_name,
        u1_0.role,
        u1_0.status,
        u1_0.updated_at,
        u1_0.username 
    from
        users u1_0 
    where
        u1_0.id=?
2026-05-05 04:13:26 [http-nio-8080-exec-2] DEBUG org.hibernate.SQL - 
    /* <criteria> */ select
        u1_0.id,
        u1_0.avatar,
        u1_0.created_at,
        u1_0.email,
        u1_0.password,
        u1_0.phone,
        u1_0.real_name,
        u1_0.role,
        u1_0.status,
        u1_0.updated_at,
        u1_0.username 
    from
        users u1_0 
    where
        u1_0.username=?
2026-05-05 04:13:26 [http-nio-8080-exec-2] ERROR c.e.b.config.GlobalExceptionHandler - [RuntimeException] /api/teachers/me - For input string: "teacher001"
java.lang.NumberFormatException: For input string: "teacher001"
	at java.base/java.lang.NumberFormatException.forInputString(NumberFormatException.java:67)
	at java.base/java.lang.Long.parseLong(Long.java:618)
	at java.base/java.lang.Long.parseLong(Long.java:722)
	at com.example.backend.controller.TeacherController.getUserIdFromUserDetails(TeacherController.java:162)
	at com.example.backend.controller.TeacherController.getCurrentTeacher(TeacherController.java:152)
	at java.base/jdk.internal.reflect.DirectMethodHandleAccessor.invoke(DirectMethodHandleAccessor.java:103)
	at java.base/java.lang.reflect.Method.invoke(Method.java:580)
	at org.springframework.aop.support.AopUtils.invokeJoinpointUsingReflection(AopUtils.java:351)
	at org.springframework.aop.framework.ReflectiveMethodInvocation.invokeJoinpoint(ReflectiveMethodInvocation.java:196)
	at org.springframework.aop.framework.ReflectiveMethodInvocation.proceed(ReflectiveMethodInvocation.java:163)
	at org.springframework.aop.framework.CglibAopProxy$CglibMethodInvocation.proceed(CglibAopProxy.java:765)
	at org.springframework.security.authorization.method.AuthorizationManagerBeforeMethodInterceptor.invoke(AuthorizationManagerBeforeMethodInterceptor.java:198)
	at org.springframework.aop.framework.ReflectiveMethodInvocation.proceed(ReflectiveMethodInvocation.java:184)
	at org.springframework.aop.framework.CglibAopProxy$CglibMethodInvocation.proceed(CglibAopProxy.java:765)
	at org.springframework.aop.framework.CglibAopProxy$DynamicAdvisedInterceptor.intercept(CglibAopProxy.java:717)
	at com.example.backend.controller.TeacherController$$SpringCGLIB$$0.getCurrentTeacher(<generated>)
	at java.base/jdk.internal.reflect.DirectMethodHandleAccessor.invoke(DirectMethodHandleAccessor.java:103)
	at java.base/java.lang.reflect.Method.invoke(Method.java:580)
	at org.springframework.web.method.support.InvocableHandlerMethod.doInvoke(InvocableHandlerMethod.java:255)
	at org.springframework.web.method.support.InvocableHandlerMethod.invokeForRequest(InvocableHandlerMethod.java:188)
	at org.springframework.web.servlet.mvc.method.annotation.ServletInvocableHandlerMethod.invokeAndHandle(ServletInvocableHandlerMethod.java:118)
	at org.springframework.web.servlet.mvc.method.annotation.RequestMappingHandlerAdapter.invokeHandlerMethod(RequestMappingHandlerAdapter.java:925)
	at org.springframework.web.servlet.mvc.method.annotation.RequestMappingHandlerAdapter.handleInternal(RequestMappingHandlerAdapter.java:830)
	at org.springframework.web.servlet.mvc.method.AbstractHandlerMethodAdapter.handle(AbstractHandlerMethodAdapter.java:87)
	at org.springframework.web.servlet.DispatcherServlet.doDispatch(DispatcherServlet.java:1089)
	at org.springframework.web.servlet.DispatcherServlet.doService(DispatcherServlet.java:979)
	at org.springframework.web.servlet.FrameworkServlet.processRequest(FrameworkServlet.java:1014)
	at org.springframework.web.servlet.FrameworkServlet.doGet(FrameworkServlet.java:903)
	at jakarta.servlet.http.HttpServlet.service(HttpServlet.java:564)
	at org.springframework.web.servlet.FrameworkServlet.service(FrameworkServlet.java:885)
	at jakarta.servlet.http.HttpServlet.service(HttpServlet.java:658)
	at org.apache.catalina.core.ApplicationFilterChain.internalDoFilter(ApplicationFilterChain.java:205)
	at org.apache.catalina.core.ApplicationFilterChain.doFilter(ApplicationFilterChain.java:149)
	at org.apache.tomcat.websocket.server.WsFilter.doFilter(WsFilter.java:51)
	at org.apache.catalina.core.ApplicationFilterChain.internalDoFilter(ApplicationFilterChain.java:174)
	at org.apache.catalina.core.ApplicationFilterChain.doFilter(ApplicationFilterChain.java:149)
	at org.springframework.web.filter.OncePerRequestFilter.doFilter(OncePerRequestFilter.java:110)
	at org.apache.catalina.core.ApplicationFilterChain.internalDoFilter(ApplicationFilterChain.java:174)
	at org.apache.catalina.core.ApplicationFilterChain.doFilter(ApplicationFilterChain.java:149)
	at org.springframework.web.filter.CompositeFilter$VirtualFilterChain.doFilter(CompositeFilter.java:108)
	at org.springframework.security.web.FilterChainProxy.lambda$doFilterInternal$3(FilterChainProxy.java:231)
	at org.springframework.security.web.FilterChainProxy$VirtualFilterChain.doFilter(FilterChainProxy.java:365)
	at org.springframework.security.web.access.intercept.AuthorizationFilter.doFilter(AuthorizationFilter.java:100)
	at org.springframework.security.web.FilterChainProxy$VirtualFilterChain.doFilter(FilterChainProxy.java:374)
	at org.springframework.security.web.access.ExceptionTranslationFilter.doFilter(ExceptionTranslationFilter.java:126)
	at org.springframework.security.web.access.ExceptionTranslationFilter.doFilter(ExceptionTranslationFilter.java:120)
	at org.springframework.security.web.FilterChainProxy$VirtualFilterChain.doFilter(FilterChainProxy.java:374)
	at org.springframework.security.web.session.SessionManagementFilter.doFilter(SessionManagementFilter.java:131)
	at org.springframework.security.web.session.SessionManagementFilter.doFilter(SessionManagementFilter.java:85)
	at org.springframework.security.web.FilterChainProxy$VirtualFilterChain.doFilter(FilterChainProxy.java:374)
	at org.springframework.security.web.authentication.AnonymousAuthenticationFilter.doFilter(AnonymousAuthenticationFilter.java:100)
	at org.springframework.security.web.FilterChainProxy$VirtualFilterChain.doFilter(FilterChainProxy.java:374)
	at org.springframework.security.web.servletapi.SecurityContextHolderAwareRequestFilter.doFilter(SecurityContextHolderAwareRequestFilter.java:179)
	at org.springframework.security.web.FilterChainProxy$VirtualFilterChain.doFilter(FilterChainProxy.java:374)
	at org.springframework.security.web.savedrequest.RequestCacheAwareFilter.doFilter(RequestCacheAwareFilter.java:63)
	at org.springframework.security.web.FilterChainProxy$VirtualFilterChain.doFilter(FilterChainProxy.java:374)
	at com.example.backend.security.JwtAuthenticationFilter.doFilterInternal(JwtAuthenticationFilter.java:51)
	at org.springframework.web.filter.OncePerRequestFilter.doFilter(OncePerRequestFilter.java:116)
	at org.springframework.security.web.FilterChainProxy$VirtualFilterChain.doFilter(FilterChainProxy.java:374)
	at org.springframework.security.web.authentication.logout.LogoutFilter.doFilter(LogoutFilter.java:107)
	at org.springframework.security.web.authentication.logout.LogoutFilter.doFilter(LogoutFilter.java:93)
	at org.springframework.security.web.FilterChainProxy$VirtualFilterChain.doFilter(FilterChainProxy.java:374)
	at org.springframework.web.filter.CorsFilter.doFilterInternal(CorsFilter.java:91)
	at org.springframework.web.filter.OncePerRequestFilter.doFilter(OncePerRequestFilter.java:116)
	at org.springframework.security.web.FilterChainProxy$VirtualFilterChain.doFilter(FilterChainProxy.java:374)
	at org.springframework.security.web.header.HeaderWriterFilter.doHeadersAfter(HeaderWriterFilter.java:90)
	at org.springframework.security.web.header.HeaderWriterFilter.doFilterInternal(HeaderWriterFilter.java:75)
	at org.springframework.web.filter.OncePerRequestFilter.doFilter(OncePerRequestFilter.java:116)
	at org.springframework.security.web.FilterChainProxy$VirtualFilterChain.doFilter(FilterChainProxy.java:374)
	at org.springframework.security.web.context.SecurityContextHolderFilter.doFilter(SecurityContextHolderFilter.java:82)
	at org.springframework.security.web.context.SecurityContextHolderFilter.doFilter(SecurityContextHolderFilter.java:69)
	at org.springframework.security.web.FilterChainProxy$VirtualFilterChain.doFilter(FilterChainProxy.java:374)
	at org.springframework.security.web.context.request.async.WebAsyncManagerIntegrationFilter.doFilterInternal(WebAsyncManagerIntegrationFilter.java:62)
	at org.springframework.web.filter.OncePerRequestFilter.doFilter(OncePerRequestFilter.java:116)
	at org.springframework.security.web.FilterChainProxy$VirtualFilterChain.doFilter(FilterChainProxy.java:374)
	at org.springframework.security.web.session.DisableEncodeUrlFilter.doFilterInternal(DisableEncodeUrlFilter.java:42)
	at org.springframework.web.filter.OncePerRequestFilter.doFilter(OncePerRequestFilter.java:116)
	at org.springframework.security.web.FilterChainProxy$VirtualFilterChain.doFilter(FilterChainProxy.java:374)
	at org.springframework.security.web.FilterChainProxy.doFilterInternal(FilterChainProxy.java:233)
	at org.springframework.security.web.FilterChainProxy.doFilter(FilterChainProxy.java:191)
	at org.springframework.web.filter.CompositeFilter$VirtualFilterChain.doFilter(CompositeFilter.java:113)
	at org.springframework.web.servlet.handler.HandlerMappingIntrospector.lambda$createCacheFilter$3(HandlerMappingIntrospector.java:195)
	at org.springframework.web.filter.CompositeFilter$VirtualFilterChain.doFilter(CompositeFilter.java:113)
	at org.springframework.web.filter.CompositeFilter.doFilter(CompositeFilter.java:74)
	at org.springframework.security.config.annotation.web.configuration.WebMvcSecurityConfiguration$CompositeFilterChainProxy.doFilter(WebMvcSecurityConfiguration.java:230)
	at org.springframework.web.filter.DelegatingFilterProxy.invokeDelegate(DelegatingFilterProxy.java:352)
	at org.springframework.web.filter.DelegatingFilterProxy.doFilter(DelegatingFilterProxy.java:268)
	at org.apache.catalina.core.ApplicationFilterChain.internalDoFilter(ApplicationFilterChain.java:174)
	at org.apache.catalina.core.ApplicationFilterChain.doFilter(ApplicationFilterChain.java:149)
	at org.springframework.web.filter.RequestContextFilter.doFilterInternal(RequestContextFilter.java:100)
	at org.springframework.web.filter.OncePerRequestFilter.doFilter(OncePerRequestFilter.java:116)
	at org.apache.catalina.core.ApplicationFilterChain.internalDoFilter(ApplicationFilterChain.java:174)
	at org.apache.catalina.core.ApplicationFilterChain.doFilter(ApplicationFilterChain.java:149)
	at org.springframework.web.filter.FormContentFilter.doFilterInternal(FormContentFilter.java:93)
	at org.springframework.web.filter.OncePerRequestFilter.doFilter(OncePerRequestFilter.java:116)
	at org.apache.catalina.core.ApplicationFilterChain.internalDoFilter(ApplicationFilterChain.java:174)
	at org.apache.catalina.core.ApplicationFilterChain.doFilter(ApplicationFilterChain.java:149)
	at org.springframework.web.filter.CharacterEncodingFilter.doFilterInternal(CharacterEncodingFilter.java:201)
	at org.springframework.web.filter.OncePerRequestFilter.doFilter(OncePerRequestFilter.java:116)
	at org.apache.catalina.core.ApplicationFilterChain.internalDoFilter(ApplicationFilterChain.java:174)
	at org.apache.catalina.core.ApplicationFilterChain.doFilter(ApplicationFilterChain.java:149)
	at org.apache.catalina.core.StandardWrapperValve.invoke(StandardWrapperValve.java:167)
	at org.apache.catalina.core.StandardContextValve.invoke(StandardContextValve.java:90)
	at org.apache.catalina.authenticator.AuthenticatorBase.invoke(AuthenticatorBase.java:482)
	at org.apache.catalina.core.StandardHostValve.invoke(StandardHostValve.java:115)
	at org.apache.catalina.valves.ErrorReportValve.invoke(ErrorReportValve.java:93)
	at org.apache.catalina.core.StandardEngineValve.invoke(StandardEngineValve.java:74)
	at org.apache.catalina.connector.CoyoteAdapter.service(CoyoteAdapter.java:344)
	at org.apache.coyote.http11.Http11Processor.service(Http11Processor.java:391)
	at org.apache.coyote.AbstractProcessorLight.process(AbstractProcessorLight.java:63)
	at org.apache.coyote.AbstractProtocol$ConnectionHandler.process(AbstractProtocol.java:896)
	at org.apache.tomcat.util.net.NioEndpoint$SocketProcessor.doRun(NioEndpoint.java:1744)
	at org.apache.tomcat.util.net.SocketProcessorBase.run(SocketProcessorBase.java:52)
	at org.apache.tomcat.util.threads.ThreadPoolExecutor.runWorker(ThreadPoolExecutor.java:1191)
	at org.apache.tomcat.util.threads.ThreadPoolExecutor$Worker.run(ThreadPoolExecutor.java:659)
	at org.apache.tomcat.util.threads.TaskThread$WrappingRunnable.run(TaskThread.java:63)
	at java.base/java.lang.Thread.run(Thread.java:1570)
2026-05-05 04:15:24 [SpringApplicationShutdownHook] INFO  o.s.o.j.LocalContainerEntityManagerFactoryBean - Closing JPA EntityManagerFactory for persistence unit 'default'
2026-05-05 04:15:24 [SpringApplicationShutdownHook] INFO  com.zaxxer.hikari.HikariDataSource - HikariPool-1 - Shutdown initiated...
2026-05-05 04:15:24 [SpringApplicationShutdownHook] INFO  com.zaxxer.hikari.HikariDataSource - HikariPool-1 - Shutdown completed.
2026-05-05 04:15:29 [main] INFO  c.example.backend.BackendApplication - Starting BackendApplication using Java 22.0.2 with PID 1604 (C:\Users\YunH\Desktop\街舞系统\backend\target\classes started by YunH in C:\Users\YunH\Desktop\街舞系统)
2026-05-05 04:15:29 [main] DEBUG c.example.backend.BackendApplication - Running with Spring Boot v3.2.4, Spring v6.1.5
2026-05-05 04:15:29 [main] INFO  c.example.backend.BackendApplication - No active profile set, falling back to 1 default profile: "default"
2026-05-05 04:15:30 [main] INFO  o.s.d.r.c.RepositoryConfigurationDelegate - Bootstrapping Spring Data JPA repositories in DEFAULT mode.
2026-05-05 04:15:30 [main] INFO  o.s.d.r.c.RepositoryConfigurationDelegate - Finished Spring Data repository scanning in 55 ms. Found 10 JPA repository interfaces.
2026-05-05 04:15:31 [main] INFO  o.s.b.w.e.tomcat.TomcatWebServer - Tomcat initialized with port 8080 (http)
2026-05-05 04:15:31 [main] INFO  o.a.catalina.core.StandardService - Starting service [Tomcat]
2026-05-05 04:15:31 [main] INFO  o.a.catalina.core.StandardEngine - Starting Servlet engine: [Apache Tomcat/10.1.19]
2026-05-05 04:15:31 [main] INFO  o.a.c.c.C.[Tomcat].[localhost].[/] - Initializing Spring embedded WebApplicationContext
2026-05-05 04:15:31 [main] INFO  o.s.b.w.s.c.ServletWebServerApplicationContext - Root WebApplicationContext: initialization completed in 1110 ms
2026-05-05 04:15:31 [main] INFO  com.zaxxer.hikari.HikariDataSource - HikariPool-1 - Starting...
2026-05-05 04:15:31 [main] INFO  com.zaxxer.hikari.pool.HikariPool - HikariPool-1 - Added connection com.mysql.cj.jdbc.ConnectionImpl@143fefaf
2026-05-05 04:15:31 [main] INFO  com.zaxxer.hikari.HikariDataSource - HikariPool-1 - Start completed.
2026-05-05 04:15:31 [main] INFO  o.h.jpa.internal.util.LogHelper - HHH000204: Processing PersistenceUnitInfo [name: default]
2026-05-05 04:15:31 [main] INFO  org.hibernate.Version - HHH000412: Hibernate ORM core version 6.4.4.Final
2026-05-05 04:15:31 [main] INFO  o.h.c.i.RegionFactoryInitiator - HHH000026: Second-level cache disabled
2026-05-05 04:15:31 [main] INFO  o.s.o.j.p.SpringPersistenceUnitInfo - No LoadTimeWeaver setup: ignoring JPA class transformer
2026-05-05 04:15:31 [main] WARN  org.hibernate.dialect.Dialect - HHH000511: The 5.5.0 version for [org.hibernate.dialect.MySQLDialect] is no longer supported, hence certain features may not work properly. The minimum supported version is 8.0.0. Check the community dialects project for available legacy versions.
2026-05-05 04:15:31 [main] WARN  org.hibernate.orm.deprecation - HHH90000025: MySQLDialect does not need to be specified explicitly using 'hibernate.dialect' (remove the property setting and it will be selected by default)
2026-05-05 04:15:32 [main] INFO  o.h.e.t.j.p.i.JtaPlatformInitiator - HHH000489: No JTA platform available (set 'hibernate.transaction.jta.platform' to enable JTA platform integration)
2026-05-05 04:15:33 [main] INFO  o.s.o.j.LocalContainerEntityManagerFactoryBean - Initialized JPA EntityManagerFactory for persistence unit 'default'
2026-05-05 04:15:33 [main] DEBUG c.e.b.s.JwtAuthenticationFilter - Filter 'jwtAuthenticationFilter' configured for use
2026-05-05 04:15:33 [main] INFO  o.s.d.j.r.query.QueryEnhancerFactory - Hibernate is in classpath; If applicable, HQL parser will be used.
2026-05-05 04:15:34 [main] INFO  c.e.b.service.FileUploadService - 文件上传目录: C:\Users\YunH\Desktop\街舞系统\upload
2026-05-05 04:15:34 [main] INFO  c.e.b.service.FileUploadService - 上传目录创建成功
2026-05-05 04:15:34 [main] WARN  o.s.b.a.o.j.JpaBaseConfiguration$JpaWebConfiguration - spring.jpa.open-in-view is enabled by default. Therefore, database queries may be performed during view rendering. Explicitly configure spring.jpa.open-in-view to disable this warning
2026-05-05 04:15:34 [main] INFO  o.s.s.web.DefaultSecurityFilterChain - Will secure any request with [org.springframework.security.web.session.DisableEncodeUrlFilter@3b5cf4c6, org.springframework.security.web.context.request.async.WebAsyncManagerIntegrationFilter@56c6256a, org.springframework.security.web.context.SecurityContextHolderFilter@5437c315, org.springframework.security.web.header.HeaderWriterFilter@79bcaf78, org.springframework.web.filter.CorsFilter@4c775b94, org.springframework.security.web.authentication.logout.LogoutFilter@6943e2d9, com.example.backend.security.JwtAuthenticationFilter@6c75c5e8, org.springframework.security.web.savedrequest.RequestCacheAwareFilter@5dc9d857, org.springframework.security.web.servletapi.SecurityContextHolderAwareRequestFilter@cd14c09, org.springframework.security.web.authentication.AnonymousAuthenticationFilter@3fcb6c7b, org.springframework.security.web.session.SessionManagementFilter@7aaa4694, org.springframework.security.web.access.ExceptionTranslationFilter@69a245d6, org.springframework.security.web.access.intercept.AuthorizationFilter@9fc9166]
2026-05-05 04:15:34 [main] INFO  o.s.b.w.e.tomcat.TomcatWebServer - Tomcat started on port 8080 (http) with context path ''
2026-05-05 04:15:34 [main] INFO  c.example.backend.BackendApplication - Started BackendApplication in 5.164 seconds (process running for 5.684)
2026-05-05 04:15:42 [http-nio-8080-exec-6] INFO  o.a.c.c.C.[Tomcat].[localhost].[/] - Initializing Spring DispatcherServlet 'dispatcherServlet'
2026-05-05 04:15:42 [http-nio-8080-exec-6] INFO  o.s.web.servlet.DispatcherServlet - Initializing Servlet 'dispatcherServlet'
2026-05-05 04:15:42 [http-nio-8080-exec-6] INFO  o.s.web.servlet.DispatcherServlet - Completed initialization in 1 ms
2026-05-05 04:15:42 [http-nio-8080-exec-6] DEBUG org.hibernate.SQL - 
    /* <criteria> */ select
        u1_0.id,
        u1_0.avatar,
        u1_0.created_at,
        u1_0.email,
        u1_0.password,
        u1_0.phone,
        u1_0.real_name,
        u1_0.role,
        u1_0.status,
        u1_0.updated_at,
        u1_0.username 
    from
        users u1_0 
    where
        u1_0.username=?
2026-05-05 04:15:42 [http-nio-8080-exec-6] DEBUG org.hibernate.SQL - 
    select
        u1_0.id,
        u1_0.avatar,
        u1_0.created_at,
        u1_0.email,
        u1_0.password,
        u1_0.phone,
        u1_0.real_name,
        u1_0.role,
        u1_0.status,
        u1_0.updated_at,
        u1_0.username 
    from
        users u1_0 
    where
        u1_0.id=?
2026-05-05 04:15:43 [http-nio-8080-exec-3] DEBUG org.hibernate.SQL - 
    /* <criteria> */ select
        u1_0.id,
        u1_0.avatar,
        u1_0.created_at,
        u1_0.email,
        u1_0.password,
        u1_0.phone,
        u1_0.real_name,
        u1_0.role,
        u1_0.status,
        u1_0.updated_at,
        u1_0.username 
    from
        users u1_0 
    where
        u1_0.username=?
2026-05-05 04:15:43 [http-nio-8080-exec-3] DEBUG org.hibernate.SQL - 
    /* <criteria> */ select
        t1_0.id,
        t1_0.avatar,
        t1_0.bio,
        t1_0.created_at,
        t1_0.email,
        t1_0.experience,
        t1_0.name,
        t1_0.phone,
        t1_0.status,
        t1_0.subjects,
        t1_0.updated_at,
        t1_0.user_id 
    from
        teachers t1_0 
    left join
        users u1_0 
            on u1_0.id=t1_0.user_id 
    where
        u1_0.id=?
2026-05-05 04:15:43 [http-nio-8080-exec-3] WARN  c.e.b.config.GlobalExceptionHandler - [ResourceNotFoundException] /api/teachers/me - 教师 不存在: userId = '2'
2026-05-05 04:16:00 [http-nio-8080-exec-4] DEBUG org.hibernate.SQL - 
    /* <criteria> */ select
        u1_0.id,
        u1_0.avatar,
        u1_0.created_at,
        u1_0.email,
        u1_0.password,
        u1_0.phone,
        u1_0.real_name,
        u1_0.role,
        u1_0.status,
        u1_0.updated_at,
        u1_0.username 
    from
        users u1_0 
    where
        u1_0.username=?
2026-05-05 04:17:00 [SpringApplicationShutdownHook] INFO  o.s.o.j.LocalContainerEntityManagerFactoryBean - Closing JPA EntityManagerFactory for persistence unit 'default'
2026-05-05 04:17:00 [SpringApplicationShutdownHook] INFO  com.zaxxer.hikari.HikariDataSource - HikariPool-1 - Shutdown initiated...
2026-05-05 04:17:00 [SpringApplicationShutdownHook] INFO  com.zaxxer.hikari.HikariDataSource - HikariPool-1 - Shutdown completed.
2026-05-05 04:17:05 [main] INFO  c.example.backend.BackendApplication - Starting BackendApplication using Java 22.0.2 with PID 24552 (C:\Users\YunH\Desktop\街舞系统\backend\target\classes started by YunH in C:\Users\YunH\Desktop\街舞系统)
2026-05-05 04:17:05 [main] DEBUG c.example.backend.BackendApplication - Running with Spring Boot v3.2.4, Spring v6.1.5
2026-05-05 04:17:05 [main] INFO  c.example.backend.BackendApplication - No active profile set, falling back to 1 default profile: "default"
2026-05-05 04:17:06 [main] INFO  o.s.d.r.c.RepositoryConfigurationDelegate - Bootstrapping Spring Data JPA repositories in DEFAULT mode.
2026-05-05 04:17:06 [main] INFO  o.s.d.r.c.RepositoryConfigurationDelegate - Finished Spring Data repository scanning in 55 ms. Found 10 JPA repository interfaces.
2026-05-05 04:17:06 [main] INFO  o.s.b.w.e.tomcat.TomcatWebServer - Tomcat initialized with port 8080 (http)
2026-05-05 04:17:06 [main] INFO  o.a.catalina.core.StandardService - Starting service [Tomcat]
2026-05-05 04:17:06 [main] INFO  o.a.catalina.core.StandardEngine - Starting Servlet engine: [Apache Tomcat/10.1.19]
2026-05-05 04:17:06 [main] INFO  o.a.c.c.C.[Tomcat].[localhost].[/] - Initializing Spring embedded WebApplicationContext
2026-05-05 04:17:06 [main] INFO  o.s.b.w.s.c.ServletWebServerApplicationContext - Root WebApplicationContext: initialization completed in 1086 ms
2026-05-05 04:17:06 [main] INFO  com.zaxxer.hikari.HikariDataSource - HikariPool-1 - Starting...
2026-05-05 04:17:06 [main] INFO  com.zaxxer.hikari.pool.HikariPool - HikariPool-1 - Added connection com.mysql.cj.jdbc.ConnectionImpl@143fefaf
2026-05-05 04:17:06 [main] INFO  com.zaxxer.hikari.HikariDataSource - HikariPool-1 - Start completed.
2026-05-05 04:17:06 [main] INFO  o.h.jpa.internal.util.LogHelper - HHH000204: Processing PersistenceUnitInfo [name: default]
2026-05-05 04:17:06 [main] INFO  org.hibernate.Version - HHH000412: Hibernate ORM core version 6.4.4.Final
2026-05-05 04:17:06 [main] INFO  o.h.c.i.RegionFactoryInitiator - HHH000026: Second-level cache disabled
2026-05-05 04:17:07 [main] INFO  o.s.o.j.p.SpringPersistenceUnitInfo - No LoadTimeWeaver setup: ignoring JPA class transformer
2026-05-05 04:17:07 [main] WARN  org.hibernate.dialect.Dialect - HHH000511: The 5.5.0 version for [org.hibernate.dialect.MySQLDialect] is no longer supported, hence certain features may not work properly. The minimum supported version is 8.0.0. Check the community dialects project for available legacy versions.
2026-05-05 04:17:07 [main] WARN  org.hibernate.orm.deprecation - HHH90000025: MySQLDialect does not need to be specified explicitly using 'hibernate.dialect' (remove the property setting and it will be selected by default)
2026-05-05 04:17:07 [main] INFO  o.h.e.t.j.p.i.JtaPlatformInitiator - HHH000489: No JTA platform available (set 'hibernate.transaction.jta.platform' to enable JTA platform integration)
2026-05-05 04:17:08 [main] INFO  o.s.o.j.LocalContainerEntityManagerFactoryBean - Initialized JPA EntityManagerFactory for persistence unit 'default'
2026-05-05 04:17:09 [main] DEBUG c.e.b.s.JwtAuthenticationFilter - Filter 'jwtAuthenticationFilter' configured for use
2026-05-05 04:17:09 [main] INFO  o.s.d.j.r.query.QueryEnhancerFactory - Hibernate is in classpath; If applicable, HQL parser will be used.
2026-05-05 04:17:09 [main] INFO  c.e.b.service.FileUploadService - 文件上传目录: C:\Users\YunH\Desktop\街舞系统\upload
2026-05-05 04:17:09 [main] INFO  c.e.b.service.FileUploadService - 上传目录创建成功
2026-05-05 04:17:09 [main] WARN  o.s.b.a.o.j.JpaBaseConfiguration$JpaWebConfiguration - spring.jpa.open-in-view is enabled by default. Therefore, database queries may be performed during view rendering. Explicitly configure spring.jpa.open-in-view to disable this warning
2026-05-05 04:17:10 [main] INFO  o.s.s.web.DefaultSecurityFilterChain - Will secure any request with [org.springframework.security.web.session.DisableEncodeUrlFilter@3fcb6c7b, org.springframework.security.web.context.request.async.WebAsyncManagerIntegrationFilter@63ed5580, org.springframework.security.web.context.SecurityContextHolderFilter@cd14c09, org.springframework.security.web.header.HeaderWriterFilter@3cbcd442, org.springframework.web.filter.CorsFilter@4e7d1e2, org.springframework.security.web.authentication.logout.LogoutFilter@64eb35bd, com.example.backend.security.JwtAuthenticationFilter@7b1b1784, org.springframework.security.web.savedrequest.RequestCacheAwareFilter@176ba277, org.springframework.security.web.servletapi.SecurityContextHolderAwareRequestFilter@473dbad, org.springframework.security.web.authentication.AnonymousAuthenticationFilter@72ba8111, org.springframework.security.web.session.SessionManagementFilter@5437c315, org.springframework.security.web.access.ExceptionTranslationFilter@170738c0, org.springframework.security.web.access.intercept.AuthorizationFilter@3b5cf4c6]
2026-05-05 04:17:10 [main] INFO  o.s.b.w.e.tomcat.TomcatWebServer - Tomcat started on port 8080 (http) with context path ''
2026-05-05 04:17:10 [main] INFO  c.example.backend.BackendApplication - Started BackendApplication in 5.204 seconds (process running for 5.732)
2026-05-05 04:17:23 [http-nio-8080-exec-1] INFO  o.a.c.c.C.[Tomcat].[localhost].[/] - Initializing Spring DispatcherServlet 'dispatcherServlet'
2026-05-05 04:17:23 [http-nio-8080-exec-1] INFO  o.s.web.servlet.DispatcherServlet - Initializing Servlet 'dispatcherServlet'
2026-05-05 04:17:23 [http-nio-8080-exec-1] INFO  o.s.web.servlet.DispatcherServlet - Completed initialization in 1 ms
2026-05-05 04:17:23 [http-nio-8080-exec-1] DEBUG org.hibernate.SQL - 
    /* <criteria> */ select
        u1_0.id,
        u1_0.avatar,
        u1_0.created_at,
        u1_0.email,
        u1_0.password,
        u1_0.phone,
        u1_0.real_name,
        u1_0.role,
        u1_0.status,
        u1_0.updated_at,
        u1_0.username 
    from
        users u1_0 
    where
        u1_0.username=?
2026-05-05 04:17:24 [http-nio-8080-exec-1] DEBUG org.hibernate.SQL - 
    select
        u1_0.id,
        u1_0.avatar,
        u1_0.created_at,
        u1_0.email,
        u1_0.password,
        u1_0.phone,
        u1_0.real_name,
        u1_0.role,
        u1_0.status,
        u1_0.updated_at,
        u1_0.username 
    from
        users u1_0 
    where
        u1_0.id=?
2026-05-05 04:17:24 [http-nio-8080-exec-3] DEBUG org.hibernate.SQL - 
    /* <criteria> */ select
        u1_0.id,
        u1_0.avatar,
        u1_0.created_at,
        u1_0.email,
        u1_0.password,
        u1_0.phone,
        u1_0.real_name,
        u1_0.role,
        u1_0.status,
        u1_0.updated_at,
        u1_0.username 
    from
        users u1_0 
    where
        u1_0.username=?
2026-05-05 04:17:24 [http-nio-8080-exec-3] DEBUG org.hibernate.SQL - 
    /* <criteria> */ select
        t1_0.id,
        t1_0.avatar,
        t1_0.bio,
        t1_0.created_at,
        t1_0.email,
        t1_0.experience,
        t1_0.name,
        t1_0.phone,
        t1_0.status,
        t1_0.subjects,
        t1_0.updated_at,
        t1_0.user_id 
    from
        teachers t1_0 
    left join
        users u1_0 
            on u1_0.id=t1_0.user_id 
    where
        u1_0.id=?
2026-05-05 04:17:24 [http-nio-8080-exec-3] DEBUG org.hibernate.SQL - 
    select
        u1_0.id,
        u1_0.avatar,
        u1_0.created_at,
        u1_0.email,
        u1_0.password,
        u1_0.phone,
        u1_0.real_name,
        u1_0.role,
        u1_0.status,
        u1_0.updated_at,
        u1_0.username 
    from
        users u1_0 
    where
        u1_0.id=?
2026-05-05 04:17:24 [http-nio-8080-exec-3] DEBUG org.hibernate.SQL - 
    /* insert for
        com.example.backend.entity.Teacher */insert 
    into
        teachers (avatar, bio, created_at, email, experience, name, phone, status, subjects, updated_at, user_id) 
    values
        (?, ?, ?, ?, ?, ?, ?, ?, ?, ?, ?)
2026-05-05 04:17:25 [http-nio-8080-exec-4] DEBUG org.hibernate.SQL - 
    /* <criteria> */ select
        u1_0.id,
        u1_0.avatar,
        u1_0.created_at,
        u1_0.email,
        u1_0.password,
        u1_0.phone,
        u1_0.real_name,
        u1_0.role,
        u1_0.status,
        u1_0.updated_at,
        u1_0.username 
    from
        users u1_0 
    where
        u1_0.username=?
2026-05-05 04:17:25 [http-nio-8080-exec-4] DEBUG org.hibernate.SQL - 
    /* <criteria> */ select
        c1_0.id,
        c1_0.capacity,
        c1_0.category,
        c1_0.created_at,
        c1_0.description,
        c1_0.duration,
        c1_0.enrolled_count,
        c1_0.image,
        c1_0.level,
        c1_0.name,
        c1_0.price,
        c1_0.status,
        c1_0.teacher_id,
        c1_0.updated_at 
    from
        courses c1_0 
    left join
        teachers t1_0 
            on t1_0.id=c1_0.teacher_id 
    where
        t1_0.id=?
2026-05-05 04:17:44 [http-nio-8080-exec-5] DEBUG org.hibernate.SQL - 
    /* <criteria> */ select
        u1_0.id,
        u1_0.avatar,
        u1_0.created_at,
        u1_0.email,
        u1_0.password,
        u1_0.phone,
        u1_0.real_name,
        u1_0.role,
        u1_0.status,
        u1_0.updated_at,
        u1_0.username 
    from
        users u1_0 
    where
        u1_0.username=?
2026-05-05 04:17:44 [http-nio-8080-exec-5] DEBUG org.hibernate.SQL - 
    /* <criteria> */ select
        t1_0.id,
        t1_0.avatar,
        t1_0.bio,
        t1_0.created_at,
        t1_0.email,
        t1_0.experience,
        t1_0.name,
        t1_0.phone,
        t1_0.status,
        t1_0.subjects,
        t1_0.updated_at,
        t1_0.user_id 
    from
        teachers t1_0 
    left join
        users u1_0 
            on u1_0.id=t1_0.user_id 
    where
        u1_0.id=?
2026-05-05 04:17:44 [http-nio-8080-exec-6] DEBUG org.hibernate.SQL - 
    /* <criteria> */ select
        u1_0.id,
        u1_0.avatar,
        u1_0.created_at,
        u1_0.email,
        u1_0.password,
        u1_0.phone,
        u1_0.real_name,
        u1_0.role,
        u1_0.status,
        u1_0.updated_at,
        u1_0.username 
    from
        users u1_0 
    where
        u1_0.username=?
2026-05-05 04:17:44 [http-nio-8080-exec-6] DEBUG org.hibernate.SQL - 
    select
        t1_0.id,
        t1_0.avatar,
        t1_0.bio,
        t1_0.created_at,
        t1_0.email,
        t1_0.experience,
        t1_0.name,
        t1_0.phone,
        t1_0.status,
        t1_0.subjects,
        t1_0.updated_at,
        t1_0.user_id 
    from
        teachers t1_0 
    where
        t1_0.id=?
2026-05-05 04:17:44 [http-nio-8080-exec-6] DEBUG org.hibernate.SQL - 
    /* insert for
        com.example.backend.entity.Course */insert 
    into
        courses (capacity, category, created_at, description, duration, enrolled_count, image, level, name, price, status, teacher_id, updated_at) 
    values
        (?, ?, ?, ?, ?, ?, ?, ?, ?, ?, ?, ?, ?)
2026-05-05 04:17:44 [http-nio-8080-exec-7] DEBUG org.hibernate.SQL - 
    /* <criteria> */ select
        u1_0.id,
        u1_0.avatar,
        u1_0.created_at,
        u1_0.email,
        u1_0.password,
        u1_0.phone,
        u1_0.real_name,
        u1_0.role,
        u1_0.status,
        u1_0.updated_at,
        u1_0.username 
    from
        users u1_0 
    where
        u1_0.username=?
2026-05-05 04:17:44 [http-nio-8080-exec-7] DEBUG org.hibernate.SQL - 
    /* <criteria> */ select
        t1_0.id,
        t1_0.avatar,
        t1_0.bio,
        t1_0.created_at,
        t1_0.email,
        t1_0.experience,
        t1_0.name,
        t1_0.phone,
        t1_0.status,
        t1_0.subjects,
        t1_0.updated_at,
        t1_0.user_id 
    from
        teachers t1_0 
    left join
        users u1_0 
            on u1_0.id=t1_0.user_id 
    where
        u1_0.id=?
2026-05-05 04:17:44 [http-nio-8080-exec-8] DEBUG org.hibernate.SQL - 
    /* <criteria> */ select
        u1_0.id,
        u1_0.avatar,
        u1_0.created_at,
        u1_0.email,
        u1_0.password,
        u1_0.phone,
        u1_0.real_name,
        u1_0.role,
        u1_0.status,
        u1_0.updated_at,
        u1_0.username 
    from
        users u1_0 
    where
        u1_0.username=?
2026-05-05 04:17:45 [http-nio-8080-exec-8] DEBUG org.hibernate.SQL - 
    /* <criteria> */ select
        c1_0.id,
        c1_0.capacity,
        c1_0.category,
        c1_0.created_at,
        c1_0.description,
        c1_0.duration,
        c1_0.enrolled_count,
        c1_0.image,
        c1_0.level,
        c1_0.name,
        c1_0.price,
        c1_0.status,
        c1_0.teacher_id,
        c1_0.updated_at 
    from
        courses c1_0 
    left join
        teachers t1_0 
            on t1_0.id=c1_0.teacher_id 
    where
        t1_0.id=?
2026-05-05 04:17:45 [http-nio-8080-exec-8] DEBUG org.hibernate.SQL - 
    select
        t1_0.id,
        t1_0.avatar,
        t1_0.bio,
        t1_0.created_at,
        t1_0.email,
        t1_0.experience,
        t1_0.name,
        t1_0.phone,
        t1_0.status,
        t1_0.subjects,
        t1_0.updated_at,
        t1_0.user_id 
    from
        teachers t1_0 
    where
        t1_0.id=?
2026-05-05 04:17:48 [http-nio-8080-exec-9] DEBUG org.hibernate.SQL - 
    /* <criteria> */ select
        u1_0.id,
        u1_0.avatar,
        u1_0.created_at,
        u1_0.email,
        u1_0.password,
        u1_0.phone,
        u1_0.real_name,
        u1_0.role,
        u1_0.status,
        u1_0.updated_at,
        u1_0.username 
    from
        users u1_0 
    where
        u1_0.username=?
2026-05-05 04:17:49 [http-nio-8080-exec-9] DEBUG org.hibernate.SQL - 
    select
        c1_0.id,
        c1_0.capacity,
        c1_0.category,
        c1_0.created_at,
        c1_0.description,
        c1_0.duration,
        c1_0.enrolled_count,
        c1_0.image,
        c1_0.level,
        c1_0.name,
        c1_0.price,
        c1_0.status,
        c1_0.teacher_id,
        c1_0.updated_at 
    from
        courses c1_0 
    where
        c1_0.id=?
2026-05-05 04:17:49 [http-nio-8080-exec-9] DEBUG org.hibernate.SQL - 
    select
        t1_0.id,
        t1_0.avatar,
        t1_0.bio,
        t1_0.created_at,
        t1_0.email,
        t1_0.experience,
        t1_0.name,
        t1_0.phone,
        t1_0.status,
        t1_0.subjects,
        t1_0.updated_at,
        t1_0.user_id 
    from
        teachers t1_0 
    where
        t1_0.id=?
2026-05-05 04:17:51 [http-nio-8080-exec-10] DEBUG org.hibernate.SQL - 
    /* <criteria> */ select
        u1_0.id,
        u1_0.avatar,
        u1_0.created_at,
        u1_0.email,
        u1_0.password,
        u1_0.phone,
        u1_0.real_name,
        u1_0.role,
        u1_0.status,
        u1_0.updated_at,
        u1_0.username 
    from
        users u1_0 
    where
        u1_0.username=?
2026-05-05 04:17:51 [http-nio-8080-exec-10] DEBUG org.hibernate.SQL - 
    /* <criteria> */ select
        t1_0.id,
        t1_0.avatar,
        t1_0.bio,
        t1_0.created_at,
        t1_0.email,
        t1_0.experience,
        t1_0.name,
        t1_0.phone,
        t1_0.status,
        t1_0.subjects,
        t1_0.updated_at,
        t1_0.user_id 
    from
        teachers t1_0 
    left join
        users u1_0 
            on u1_0.id=t1_0.user_id 
    where
        u1_0.id=?
2026-05-05 04:17:51 [http-nio-8080-exec-1] DEBUG org.hibernate.SQL - 
    /* <criteria> */ select
        u1_0.id,
        u1_0.avatar,
        u1_0.created_at,
        u1_0.email,
        u1_0.password,
        u1_0.phone,
        u1_0.real_name,
        u1_0.role,
        u1_0.status,
        u1_0.updated_at,
        u1_0.username 
    from
        users u1_0 
    where
        u1_0.username=?
2026-05-05 04:17:51 [http-nio-8080-exec-1] DEBUG org.hibernate.SQL - 
    /* <criteria> */ select
        c1_0.id,
        c1_0.capacity,
        c1_0.category,
        c1_0.created_at,
        c1_0.description,
        c1_0.duration,
        c1_0.enrolled_count,
        c1_0.image,
        c1_0.level,
        c1_0.name,
        c1_0.price,
        c1_0.status,
        c1_0.teacher_id,
        c1_0.updated_at 
    from
        courses c1_0 
    left join
        teachers t1_0 
            on t1_0.id=c1_0.teacher_id 
    where
        t1_0.id=?
2026-05-05 04:17:51 [http-nio-8080-exec-1] DEBUG org.hibernate.SQL - 
    select
        t1_0.id,
        t1_0.avatar,
        t1_0.bio,
        t1_0.created_at,
        t1_0.email,
        t1_0.experience,
        t1_0.name,
        t1_0.phone,
        t1_0.status,
        t1_0.subjects,
        t1_0.updated_at,
        t1_0.user_id 
    from
        teachers t1_0 
    where
        t1_0.id=?
2026-05-05 04:18:09 [http-nio-8080-exec-2] DEBUG org.hibernate.SQL - 
    /* <criteria> */ select
        u1_0.id,
        u1_0.avatar,
        u1_0.created_at,
        u1_0.email,
        u1_0.password,
        u1_0.phone,
        u1_0.real_name,
        u1_0.role,
        u1_0.status,
        u1_0.updated_at,
        u1_0.username 
    from
        users u1_0 
    where
        u1_0.username=?
2026-05-05 04:18:09 [http-nio-8080-exec-2] DEBUG org.hibernate.SQL - 
    select
        c1_0.id,
        c1_0.capacity,
        c1_0.category,
        c1_0.created_at,
        c1_0.description,
        c1_0.duration,
        c1_0.enrolled_count,
        c1_0.image,
        c1_0.level,
        c1_0.name,
        c1_0.price,
        c1_0.status,
        c1_0.teacher_id,
        c1_0.updated_at 
    from
        courses c1_0 
    where
        c1_0.id=?
2026-05-05 04:18:10 [http-nio-8080-exec-2] DEBUG org.hibernate.SQL - 
    select
        t1_0.id,
        t1_0.avatar,
        t1_0.bio,
        t1_0.created_at,
        t1_0.email,
        t1_0.experience,
        t1_0.name,
        t1_0.phone,
        t1_0.status,
        t1_0.subjects,
        t1_0.updated_at,
        t1_0.user_id 
    from
        teachers t1_0 
    where
        t1_0.id=?
2026-05-05 04:18:11 [http-nio-8080-exec-4] DEBUG org.hibernate.SQL - 
    /* <criteria> */ select
        u1_0.id,
        u1_0.avatar,
        u1_0.created_at,
        u1_0.email,
        u1_0.password,
        u1_0.phone,
        u1_0.real_name,
        u1_0.role,
        u1_0.status,
        u1_0.updated_at,
        u1_0.username 
    from
        users u1_0 
    where
        u1_0.username=?
2026-05-05 04:18:11 [http-nio-8080-exec-4] DEBUG org.hibernate.SQL - 
    /* <criteria> */ select
        t1_0.id,
        t1_0.avatar,
        t1_0.bio,
        t1_0.created_at,
        t1_0.email,
        t1_0.experience,
        t1_0.name,
        t1_0.phone,
        t1_0.status,
        t1_0.subjects,
        t1_0.updated_at,
        t1_0.user_id 
    from
        teachers t1_0 
    where
        t1_0.status=?
2026-05-05 04:18:16 [http-nio-8080-exec-3] WARN  com.zaxxer.hikari.pool.PoolBase - HikariPool-1 - Failed to validate connection com.mysql.cj.jdbc.ConnectionImpl@6da5eafb (No operations allowed after connection closed.). Possibly consider using a shorter maxLifetime value.
2026-05-05 04:18:16 [http-nio-8080-exec-3] DEBUG org.hibernate.SQL - 
    /* <criteria> */ select
        u1_0.id,
        u1_0.avatar,
        u1_0.created_at,
        u1_0.email,
        u1_0.password,
        u1_0.phone,
        u1_0.real_name,
        u1_0.role,
        u1_0.status,
        u1_0.updated_at,
        u1_0.username 
    from
        users u1_0 
    where
        u1_0.username=?
2026-05-05 04:18:16 [http-nio-8080-exec-3] DEBUG org.hibernate.SQL - 
    select
        c1_0.id,
        c1_0.capacity,
        c1_0.category,
        c1_0.created_at,
        c1_0.description,
        c1_0.duration,
        c1_0.enrolled_count,
        c1_0.image,
        c1_0.level,
        c1_0.name,
        c1_0.price,
        c1_0.status,
        c1_0.teacher_id,
        c1_0.updated_at 
    from
        courses c1_0 
    where
        c1_0.id=?
2026-05-05 04:18:16 [http-nio-8080-exec-3] DEBUG org.hibernate.SQL - 
    select
        t1_0.id,
        t1_0.avatar,
        t1_0.bio,
        t1_0.created_at,
        t1_0.email,
        t1_0.experience,
        t1_0.name,
        t1_0.phone,
        t1_0.status,
        t1_0.subjects,
        t1_0.updated_at,
        t1_0.user_id 
    from
        teachers t1_0 
    where
        t1_0.id=?
2026-05-05 04:18:22 [http-nio-8080-exec-5] DEBUG org.hibernate.SQL - 
    /* <criteria> */ select
        u1_0.id,
        u1_0.avatar,
        u1_0.created_at,
        u1_0.email,
        u1_0.password,
        u1_0.phone,
        u1_0.real_name,
        u1_0.role,
        u1_0.status,
        u1_0.updated_at,
        u1_0.username 
    from
        users u1_0 
    where
        u1_0.username=?
2026-05-05 04:18:22 [http-nio-8080-exec-5] INFO  c.e.b.service.FileUploadService - 文件上传成功: courses/2026/05/6e2c2226-c427-45c8-a35c-5fa7382bcef3.jpg
2026-05-05 04:18:23 [http-nio-8080-exec-6] DEBUG org.hibernate.SQL - 
    /* <criteria> */ select
        u1_0.id,
        u1_0.avatar,
        u1_0.created_at,
        u1_0.email,
        u1_0.password,
        u1_0.phone,
        u1_0.real_name,
        u1_0.role,
        u1_0.status,
        u1_0.updated_at,
        u1_0.username 
    from
        users u1_0 
    where
        u1_0.username=?
2026-05-05 04:18:23 [http-nio-8080-exec-6] DEBUG org.hibernate.SQL - 
    select
        c1_0.id,
        c1_0.capacity,
        c1_0.category,
        c1_0.created_at,
        c1_0.description,
        c1_0.duration,
        c1_0.enrolled_count,
        c1_0.image,
        c1_0.level,
        c1_0.name,
        c1_0.price,
        c1_0.status,
        c1_0.teacher_id,
        c1_0.updated_at 
    from
        courses c1_0 
    where
        c1_0.id=?
2026-05-05 04:18:23 [http-nio-8080-exec-6] DEBUG org.hibernate.SQL - 
    select
        t1_0.id,
        t1_0.avatar,
        t1_0.bio,
        t1_0.created_at,
        t1_0.email,
        t1_0.experience,
        t1_0.name,
        t1_0.phone,
        t1_0.status,
        t1_0.subjects,
        t1_0.updated_at,
        t1_0.user_id 
    from
        teachers t1_0 
    where
        t1_0.id=?
2026-05-05 04:18:23 [http-nio-8080-exec-6] DEBUG org.hibernate.SQL - 
    /* update
        for com.example.backend.entity.Course */update courses 
    set
        capacity=?,
        category=?,
        description=?,
        duration=?,
        enrolled_count=?,
        image=?,
        level=?,
        name=?,
        price=?,
        status=?,
        teacher_id=?,
        updated_at=? 
    where
        id=?
2026-05-05 04:18:23 [http-nio-8080-exec-7] DEBUG org.hibernate.SQL - 
    /* <criteria> */ select
        u1_0.id,
        u1_0.avatar,
        u1_0.created_at,
        u1_0.email,
        u1_0.password,
        u1_0.phone,
        u1_0.real_name,
        u1_0.role,
        u1_0.status,
        u1_0.updated_at,
        u1_0.username 
    from
        users u1_0 
    where
        u1_0.username=?
2026-05-05 04:18:23 [http-nio-8080-exec-7] DEBUG org.hibernate.SQL - 
    /* <criteria> */ select
        t1_0.id,
        t1_0.avatar,
        t1_0.bio,
        t1_0.created_at,
        t1_0.email,
        t1_0.experience,
        t1_0.name,
        t1_0.phone,
        t1_0.status,
        t1_0.subjects,
        t1_0.updated_at,
        t1_0.user_id 
    from
        teachers t1_0 
    left join
        users u1_0 
            on u1_0.id=t1_0.user_id 
    where
        u1_0.id=?
2026-05-05 04:18:23 [http-nio-8080-exec-8] DEBUG org.hibernate.SQL - 
    /* <criteria> */ select
        u1_0.id,
        u1_0.avatar,
        u1_0.created_at,
        u1_0.email,
        u1_0.password,
        u1_0.phone,
        u1_0.real_name,
        u1_0.role,
        u1_0.status,
        u1_0.updated_at,
        u1_0.username 
    from
        users u1_0 
    where
        u1_0.username=?
2026-05-05 04:18:24 [http-nio-8080-exec-8] DEBUG org.hibernate.SQL - 
    /* <criteria> */ select
        c1_0.id,
        c1_0.capacity,
        c1_0.category,
        c1_0.created_at,
        c1_0.description,
        c1_0.duration,
        c1_0.enrolled_count,
        c1_0.image,
        c1_0.level,
        c1_0.name,
        c1_0.price,
        c1_0.status,
        c1_0.teacher_id,
        c1_0.updated_at 
    from
        courses c1_0 
    left join
        teachers t1_0 
            on t1_0.id=c1_0.teacher_id 
    where
        t1_0.id=?
2026-05-05 04:18:24 [http-nio-8080-exec-8] DEBUG org.hibernate.SQL - 
    select
        t1_0.id,
        t1_0.avatar,
        t1_0.bio,
        t1_0.created_at,
        t1_0.email,
        t1_0.experience,
        t1_0.name,
        t1_0.phone,
        t1_0.status,
        t1_0.subjects,
        t1_0.updated_at,
        t1_0.user_id 
    from
        teachers t1_0 
    where
        t1_0.id=?
2026-05-05 04:18:27 [http-nio-8080-exec-10] DEBUG org.hibernate.SQL - 
    /* <criteria> */ select
        u1_0.id,
        u1_0.avatar,
        u1_0.created_at,
        u1_0.email,
        u1_0.password,
        u1_0.phone,
        u1_0.real_name,
        u1_0.role,
        u1_0.status,
        u1_0.updated_at,
        u1_0.username 
    from
        users u1_0 
    where
        u1_0.username=?
2026-05-05 04:18:27 [http-nio-8080-exec-10] DEBUG org.hibernate.SQL - 
    /* <criteria> */ select
        t1_0.id,
        t1_0.avatar,
        t1_0.bio,
        t1_0.created_at,
        t1_0.email,
        t1_0.experience,
        t1_0.name,
        t1_0.phone,
        t1_0.status,
        t1_0.subjects,
        t1_0.updated_at,
        t1_0.user_id 
    from
        teachers t1_0 
    left join
        users u1_0 
            on u1_0.id=t1_0.user_id 
    where
        u1_0.id=?
2026-05-05 04:18:27 [http-nio-8080-exec-1] DEBUG org.hibernate.SQL - 
    /* <criteria> */ select
        u1_0.id,
        u1_0.avatar,
        u1_0.created_at,
        u1_0.email,
        u1_0.password,
        u1_0.phone,
        u1_0.real_name,
        u1_0.role,
        u1_0.status,
        u1_0.updated_at,
        u1_0.username 
    from
        users u1_0 
    where
        u1_0.username=?
2026-05-05 04:18:27 [http-nio-8080-exec-1] DEBUG org.hibernate.SQL - 
    /* <criteria> */ select
        c1_0.id,
        c1_0.capacity,
        c1_0.category,
        c1_0.created_at,
        c1_0.description,
        c1_0.duration,
        c1_0.enrolled_count,
        c1_0.image,
        c1_0.level,
        c1_0.name,
        c1_0.price,
        c1_0.status,
        c1_0.teacher_id,
        c1_0.updated_at 
    from
        courses c1_0 
    left join
        teachers t1_0 
            on t1_0.id=c1_0.teacher_id 
    where
        t1_0.id=?
2026-05-05 04:18:27 [http-nio-8080-exec-1] DEBUG org.hibernate.SQL - 
    select
        t1_0.id,
        t1_0.avatar,
        t1_0.bio,
        t1_0.created_at,
        t1_0.email,
        t1_0.experience,
        t1_0.name,
        t1_0.phone,
        t1_0.status,
        t1_0.subjects,
        t1_0.updated_at,
        t1_0.user_id 
    from
        teachers t1_0 
    where
        t1_0.id=?
2026-05-05 04:19:59 [SpringApplicationShutdownHook] INFO  o.s.o.j.LocalContainerEntityManagerFactoryBean - Closing JPA EntityManagerFactory for persistence unit 'default'
2026-05-05 04:19:59 [SpringApplicationShutdownHook] INFO  com.zaxxer.hikari.HikariDataSource - HikariPool-1 - Shutdown initiated...
2026-05-05 04:19:59 [SpringApplicationShutdownHook] INFO  com.zaxxer.hikari.HikariDataSource - HikariPool-1 - Shutdown completed.
